rsi_thresh,vol_mult,sl_atr_mult,tp_mode,leverage,pos_ratio,use_ema200,trades,win_rate,return_pct,max_drawdown,calmar,timeframe
30,2.0,1.0,atr_3x,7,0.3,True,11,54.5,63.47,4.69,13.54,1h
30,2.0,1.5,atr_3x,7,0.3,True,11,54.5,54.9,6.74,8.15,1h
35,1.5,1.0,bb_mid,7,0.3,True,49,44.9,48.69,13.8,3.53,1h
35,1.2,1.0,bb_mid,7,0.3,True,53,45.3,46.94,13.8,3.4,1h
30,2.0,2.0,atr_3x,7,0.3,True,11,54.5,46.69,8.77,5.32,1h
35,1.2,1.5,atr_2x,7,0.3,True,49,46.9,45.12,21.88,2.06,1h
30,2.0,1.0,atr_3x,5,0.3,True,11,54.5,43.24,3.36,12.87,1h
35,1.5,1.5,atr_2x,7,0.3,True,47,46.8,41.58,19.35,2.15,1h
30,2.0,1.0,atr_3x,7,0.2,True,11,54.5,40.04,3.14,12.76,1h
30,1.2,1.5,atr_3x,7,0.3,True,15,46.7,39.18,7.09,5.52,1h
30,1.5,1.5,atr_3x,7,0.3,True,15,46.7,39.18,7.09,5.52,1h
30,2.0,1.5,atr_3x,5,0.3,True,11,54.5,37.88,4.84,7.83,1h
30,2.0,1.5,atr_3x,7,0.2,True,11,54.5,35.15,4.52,7.78,1h
35,1.5,1.0,bb_mid,5,0.3,True,49,44.9,34.38,9.95,3.46,1h
30,2.0,1.0,atr_2x,7,0.3,True,11,54.5,34.14,4.69,7.28,1h
35,1.2,1.0,bb_mid,5,0.3,True,53,45.3,33.38,9.95,3.36,1h
35,1.2,1.5,atr_3x,7,0.3,True,47,34.0,33.37,31.77,1.05,1h
35,1.2,1.5,atr_2x,5,0.3,True,49,46.9,33.08,16.03,2.06,1h
30,2.0,2.0,atr_3x,5,0.3,True,11,54.5,32.68,6.3,5.18,1h
35,1.5,1.0,atr_2x,7,0.3,True,49,34.7,32.42,17.07,1.9,1h
35,1.2,1.0,atr_2x,7,0.3,True,53,35.8,32.1,18.86,1.7,1h
35,1.5,1.0,bb_mid,7,0.2,True,49,44.9,32.01,9.3,3.44,1h
35,1.2,1.0,atr_3x,7,0.3,True,51,25.5,31.93,26.52,1.2,1h
35,1.5,1.5,atr_3x,7,0.3,True,44,34.1,31.68,26.68,1.19,1h
35,1.2,1.5,bb_mid,7,0.3,True,49,55.1,31.5,22.21,1.42,1h
35,1.2,1.0,bb_mid,7,0.2,True,53,45.3,31.12,9.3,3.35,1h
35,1.2,1.5,atr_2x,7,0.2,True,49,46.9,30.97,15.03,2.06,1h
35,1.5,1.5,atr_2x,5,0.3,True,47,46.8,30.7,14.11,2.18,1h
30,2.0,2.0,atr_3x,7,0.2,True,11,54.5,30.39,5.89,5.16,1h
35,1.5,1.0,atr_3x,7,0.3,True,46,23.9,29.99,24.49,1.22,1h
30,1.5,1.5,atr_2x,7,0.3,True,15,53.3,29.28,7.09,4.13,1h
30,1.2,1.5,atr_2x,7,0.3,True,15,53.3,29.28,7.09,4.13,1h
35,1.5,1.5,atr_2x,7,0.2,True,47,46.8,28.78,13.21,2.18,1h
35,1.2,2.0,atr_2x,7,0.3,True,46,52.2,28.65,24.59,1.16,1h
35,1.5,1.5,bb_mid,7,0.3,True,47,55.3,28.3,19.69,1.44,1h
30,1.5,1.5,atr_3x,5,0.3,True,15,46.7,27.79,5.07,5.48,1h
30,1.2,1.5,atr_3x,5,0.3,True,15,46.7,27.79,5.07,5.48,1h
30,1.2,2.0,atr_3x,7,0.3,True,15,46.7,27.78,9.35,2.97,1h
30,1.5,2.0,atr_3x,7,0.3,True,15,46.7,27.78,9.35,2.97,1h
30,2.0,1.0,atr_3x,5,0.2,True,11,54.5,27.69,2.25,12.32,1h
30,2.0,1.0,bb_mid,7,0.3,True,11,63.6,27.58,2.87,9.61,1h
35,1.5,2.0,atr_2x,7,0.3,True,44,52.3,27.13,24.59,1.1,1h
30,2.0,1.5,atr_2x,7,0.3,True,11,54.5,27.1,6.74,4.02,1h
35,1.2,1.5,atr_3x,5,0.3,True,47,34.0,26.45,23.32,1.13,1h
30,1.2,1.5,atr_3x,7,0.2,True,15,46.7,25.9,4.73,5.47,1h
30,1.5,1.5,atr_3x,7,0.2,True,15,46.7,25.9,4.73,5.47,1h
30,1.2,1.5,bb_mid,7,0.3,True,15,66.7,25.36,7.34,3.46,1h
30,1.5,1.5,bb_mid,7,0.3,True,15,66.7,25.36,7.34,3.46,1h
35,1.5,1.5,atr_3x,5,0.3,True,44,34.1,25.18,19.3,1.31,1h
35,1.2,1.5,atr_3x,7,0.2,True,47,34.0,25.06,21.86,1.15,1h
35,1.2,1.0,atr_3x,5,0.3,True,51,25.5,24.93,19.67,1.27,1h
30,1.5,1.0,atr_3x,7,0.3,True,15,33.3,24.83,13.04,1.91,1h
30,1.2,1.0,atr_3x,7,0.3,True,15,33.3,24.83,13.04,1.91,1h
30,2.0,1.0,atr_3x,3,0.3,True,11,54.5,24.72,2.02,12.22,1h
30,2.0,1.5,atr_3x,5,0.2,True,11,54.5,24.51,3.24,7.57,1h
35,1.5,1.0,atr_2x,5,0.3,True,49,34.7,24.06,12.46,1.93,1h
35,1.2,1.0,atr_2x,5,0.3,True,53,35.8,23.97,13.81,1.74,1h
35,1.5,1.5,atr_3x,7,0.2,True,44,34.1,23.87,18.04,1.32,1h
30,2.0,1.0,atr_2x,5,0.3,True,11,54.5,23.84,3.36,7.09,1h
35,1.2,1.0,atr_3x,7,0.2,True,51,25.5,23.57,18.48,1.28,1h
35,1.2,1.5,bb_mid,5,0.3,True,49,55.1,23.51,15.94,1.47,1h
35,1.5,1.0,atr_3x,5,0.3,True,46,23.9,23.41,18.1,1.29,1h
35,1.2,2.0,atr_2x,5,0.3,True,46,52.2,22.64,17.89,1.27,1h
35,1.5,1.0,bb_mid,5,0.2,True,49,44.9,22.62,6.68,3.38,1h
35,1.5,1.0,atr_2x,7,0.2,True,49,34.7,22.57,11.67,1.94,1h
35,1.2,1.0,atr_2x,7,0.2,True,53,35.8,22.51,12.94,1.74,1h
35,1.2,2.0,atr_3x,7,0.3,True,43,41.9,22.48,27.41,0.82,1h
35,1.2,1.5,atr_2x,5,0.2,True,49,46.9,22.33,10.92,2.05,1h
30,2.0,1.0,atr_2x,7,0.2,True,11,54.5,22.16,3.14,7.06,1h
35,1.5,1.0,atr_3x,7,0.2,True,46,23.9,22.14,16.99,1.3,1h
35,1.2,2.0,bb_mid,7,0.3,True,47,61.7,22.1,24.72,0.89,1h
35,1.2,1.5,bb_mid,7,0.2,True,49,55.1,22.08,14.89,1.48,1h
35,1.2,1.0,bb_mid,5,0.2,True,53,45.3,22.08,6.68,3.3,1h
35,2.0,1.5,atr_3x,7,0.3,True,28,35.7,21.95,18.32,1.2,1h
30,2.0,1.5,atr_3x,3,0.3,True,11,54.5,21.92,2.92,7.52,1h
30,2.0,1.5,bb_mid,7,0.3,True,11,63.6,21.92,4.15,5.29,1h
35,1.5,2.0,atr_2x,5,0.3,True,44,52.3,21.54,17.89,1.2,1h
35,1.2,2.0,atr_2x,7,0.2,True,46,52.2,21.43,16.75,1.28,1h
30,2.0,2.0,atr_3x,5,0.2,True,11,54.5,21.39,4.22,5.06,1h
35,1.5,1.5,bb_mid,5,0.3,True,47,55.3,21.31,14.02,1.52,1h
35,1.5,1.5,atr_2x,5,0.2,True,47,46.8,20.85,9.57,2.18,1h
30,1.5,1.5,atr_2x,5,0.3,True,15,53.3,20.8,5.07,4.1,1h
30,1.2,1.5,atr_2x,5,0.3,True,15,53.3,20.8,5.07,4.1,1h
35,1.5,2.0,atr_2x,7,0.2,True,44,52.3,20.41,16.75,1.22,1h
30,2.0,2.0,atr_2x,7,0.3,True,11,54.5,20.37,8.77,2.32,1h
35,1.5,2.0,bb_mid,7,0.3,True,45,62.2,20.35,24.72,0.82,1h
30,1.2,2.0,atr_3x,5,0.3,True,15,46.7,20.33,6.68,3.04,1h
30,1.5,2.0,atr_3x,5,0.3,True,15,46.7,20.33,6.68,3.04,1h
35,1.5,1.0,bb_mid,3,0.3,True,49,44.9,20.29,6.02,3.37,1h
35,1.2,1.5,atr_2x,3,0.3,True,49,46.9,20.13,9.87,2.04,1h
35,1.5,1.5,bb_mid,7,0.2,True,47,55.3,20.04,13.07,1.53,1h
35,1.2,1.0,bb_mid,3,0.3,True,53,45.3,19.83,6.02,3.29,1h
35,1.2,2.0,atr_3x,5,0.3,True,43,41.9,19.56,19.96,0.98,1h
30,1.5,1.5,atr_2x,7,0.2,True,15,53.3,19.39,4.73,4.1,1h
30,1.2,1.5,atr_2x,7,0.2,True,15,53.3,19.39,4.73,4.1,1h
30,2.0,1.0,bb_mid,5,0.3,True,11,63.6,19.34,2.05,9.43,1h
30,2.0,1.5,atr_2x,5,0.3,True,11,54.5,19.2,4.84,3.97,1h
30,2.0,2.0,atr_3x,3,0.3,True,11,54.5,19.17,3.81,5.04,1h
30,1.5,2.0,atr_3x,7,0.2,True,15,46.7,19.04,6.24,3.05,1h
30,1.2,2.0,atr_3x,7,0.2,True,15,46.7,19.04,6.24,3.05,1h
30,1.2,2.0,bb_mid,7,0.3,True,15,66.7,18.92,10.3,1.84,1h
30,1.5,2.0,bb_mid,7,0.3,True,15,66.7,18.92,10.3,1.84,1h
30,2.0,1.0,atr_3x,7,0.1,True,11,54.5,18.91,1.58,12.01,1h
35,1.2,1.5,atr_3x,5,0.2,True,47,34.0,18.89,15.87,1.19,1h
35,1.5,1.5,atr_2x,3,0.3,True,47,46.8,18.81,8.64,2.18,1h
35,1.2,2.0,atr_3x,7,0.2,True,43,41.9,18.77,18.73,1.0,1h
30,1.5,2.0,atr_2x,7,0.3,True,15,53.3,18.69,9.35,2.0,1h
30,1.2,2.0,atr_2x,7,0.3,True,15,53.3,18.69,9.35,2.0,1h
30,1.2,1.5,atr_3x,5,0.2,True,15,46.7,18.38,3.38,5.44,1h
30,1.5,1.5,atr_3x,5,0.2,True,15,46.7,18.38,3.38,5.44,1h
30,1.5,1.0,atr_3x,5,0.3,True,15,33.3,18.1,9.46,1.91,1h
30,1.2,1.0,atr_3x,5,0.3,True,15,33.3,18.1,9.46,1.91,1h
35,1.5,1.5,atr_3x,5,0.2,True,44,34.1,18.03,12.96,1.39,1h
30,2.0,1.0,bb_mid,7,0.2,True,11,63.6,18.0,1.91,9.4,1h
30,1.2,1.5,bb_mid,5,0.3,True,15,66.7,17.92,5.26,3.4,1h
30,1.5,1.5,bb_mid,5,0.3,True,15,66.7,17.92,5.26,3.4,1h
30,2.0,1.5,atr_2x,7,0.2,True,11,54.5,17.9,4.52,3.96,1h
35,1.2,1.0,atr_3x,5,0.2,True,51,25.5,17.66,13.54,1.3,1h
35,1.5,2.0,atr_3x,7,0.3,True,41,41.5,17.66,27.05,0.65,1h
35,1.2,2.0,bb_mid,5,0.3,True,47,61.7,17.52,17.99,0.97,1h
35,2.0,1.5,atr_3x,5,0.3,True,28,35.7,17.37,13.38,1.3,1h
35,1.2,1.5,atr_3x,3,0.3,True,47,34.0,17.2,14.33,1.2,1h
30,1.2,1.0,atr_3x,7,0.2,True,15,33.3,16.94,8.85,1.91,1h
30,1.5,1.0,atr_3x,7,0.2,True,15,33.3,16.94,8.85,1.91,1h
30,2.0,1.5,atr_3x,7,0.1,True,11,54.5,16.84,2.27,7.41,1h
30,1.2,1.5,bb_mid,7,0.2,True,15,66.7,16.69,4.92,3.39,1h
30,1.5,1.5,bb_mid,7,0.2,True,15,66.7,16.69,4.92,3.39,1h
25,1.5,1.5,atr_3x,7,0.3,True,2,100.0,16.65,0.11,158.52,1h
25,1.5,1.0,atr_3x,7,0.3,True,2,100.0,16.65,0.11,158.52,1h
25,1.5,2.0,atr_3x,7,0.3,True,2,100.0,16.65,0.11,158.52,1h
35,1.5,1.0,atr_3x,5,0.2,True,46,23.9,16.6,12.41,1.34,1h
35,1.2,2.0,bb_mid,7,0.2,True,47,61.7,16.6,16.84,0.99,1h
30,1.5,1.5,atr_3x,3,0.3,True,15,46.7,16.51,3.04,5.43,1h
30,1.2,1.5,atr_3x,3,0.3,True,15,46.7,16.51,3.04,5.43,1h
35,2.0,1.5,atr_3x,7,0.2,True,28,35.7,16.46,12.54,1.31,1h
35,1.2,1.0,atr_2x,5,0.2,True,53,35.8,16.45,9.39,1.75,1h
30,2.0,2.0,bb_mid,7,0.3,True,11,63.6,16.45,6.22,2.64,1h
35,1.5,1.0,atr_2x,5,0.2,True,49,34.7,16.44,8.45,1.95,1h
35,1.5,1.5,atr_3x,3,0.3,True,44,34.1,16.44,11.68,1.41,1h
25,1.2,2.0,atr_3x,7,0.3,True,2,100.0,16.28,0.11,155.01,1h
35,1.5,2.0,bb_mid,5,0.3,True,45,62.2,16.26,17.99,0.9,1h
35,1.2,1.5,bb_mid,5,0.2,True,49,55.1,16.12,10.65,1.51,1h
35,1.2,2.0,atr_2x,5,0.2,True,46,52.2,16.11,12.11,1.33,1h
35,1.5,2.0,atr_3x,5,0.3,True,41,41.5,16.08,19.96,0.81,1h
30,2.0,1.0,atr_3x,3,0.2,True,11,54.5,16.08,1.35,11.9,1h
35,1.2,1.0,atr_3x,3,0.3,True,51,25.5,16.06,12.26,1.31,1h
35,1.2,1.5,atr_2x,7,0.1,True,49,46.9,15.7,7.74,2.03,1h
35,1.5,1.0,bb_mid,7,0.1,True,49,44.9,15.68,4.7,3.34,1h
30,2.0,1.0,atr_2x,5,0.2,True,11,54.5,15.59,2.25,6.94,1h
30,2.0,1.5,bb_mid,5,0.3,True,11,63.6,15.57,2.96,5.26,1h
35,1.5,2.0,atr_3x,7,0.2,True,41,41.5,15.53,18.73,0.83,1h
35,1.5,2.0,bb_mid,7,0.2,True,45,62.2,15.42,16.84,0.92,1h
35,1.5,2.0,atr_2x,5,0.2,True,44,52.3,15.39,12.11,1.27,1h
35,1.2,1.0,bb_mid,7,0.1,True,53,45.3,15.35,4.7,3.27,1h
35,1.5,1.0,atr_3x,3,0.3,True,46,23.9,15.1,11.24,1.34,1h
35,1.2,1.0,atr_2x,3,0.3,True,53,35.8,14.88,8.49,1.75,1h
35,1.5,1.0,atr_2x,3,0.3,True,49,34.7,14.86,7.63,1.95,1h
35,1.2,2.0,atr_3x,5,0.2,True,43,41.9,14.82,13.67,1.08,1h
30,2.0,2.0,atr_3x,7,0.1,True,11,54.5,14.79,2.97,4.99,1h
35,1.5,1.5,bb_mid,5,0.2,True,47,55.3,14.71,9.3,1.58,1h
30,2.0,2.0,atr_2x,5,0.3,True,11,54.5,14.71,6.3,2.33,1h
35,1.5,1.5,atr_2x,7,0.1,True,47,46.8,14.7,6.77,2.17,1h
35,1.2,2.0,atr_2x,3,0.3,True,46,52.2,14.67,10.93,1.34,1h
35,1.2,1.5,bb_mid,3,0.3,True,49,55.1,14.58,9.59,1.52,1h
30,2.0,1.5,bb_mid,7,0.2,True,11,63.6,14.52,2.77,5.25,1h
30,2.0,1.5,atr_3x,3,0.2,True,11,54.5,14.34,1.95,7.36,1h
35,1.5,2.0,atr_2x,3,0.3,True,44,52.3,14.02,10.93,1.28,1h
35,2.0,1.0,atr_3x,7,0.3,True,29,24.1,13.99,24.68,0.57,1h
30,2.0,1.0,atr_2x,3,0.3,True,11,54.5,13.97,2.02,6.91,1h
30,1.2,1.5,atr_2x,5,0.2,True,15,53.3,13.78,3.38,4.08,1h
30,1.2,2.0,atr_3x,5,0.2,True,15,46.7,13.78,4.46,3.09,1h
30,1.5,1.5,atr_2x,5,0.2,True,15,53.3,13.78,3.38,4.08,1h
30,1.5,2.0,atr_3x,5,0.2,True,15,46.7,13.78,4.46,3.09,1h
30,1.5,2.0,atr_2x,5,0.3,True,15,53.3,13.75,6.68,2.06,1h
30,1.2,2.0,atr_2x,5,0.3,True,15,53.3,13.75,6.68,2.06,1h
30,2.0,2.0,atr_2x,7,0.2,True,11,54.5,13.75,5.89,2.33,1h
35,1.2,1.5,atr_3x,7,0.1,True,47,34.0,13.68,11.23,1.22,1h
35,1.2,2.0,atr_3x,3,0.3,True,43,41.9,13.63,12.37,1.1,1h
30,1.5,2.0,bb_mid,5,0.3,True,15,66.7,13.61,7.39,1.84,1h
30,1.2,2.0,bb_mid,5,0.3,True,15,66.7,13.61,7.39,1.84,1h
35,1.2,1.5,atr_2x,3,0.2,True,49,46.9,13.46,6.66,2.02,1h
35,1.5,1.0,bb_mid,3,0.2,True,49,44.9,13.39,4.03,3.32,1h
35,1.5,1.5,bb_mid,3,0.3,True,47,55.3,13.32,8.36,1.59,1h
30,2.0,1.0,atr_3x,5,0.1,True,11,54.5,13.29,1.13,11.8,1h
35,1.2,1.0,bb_mid,3,0.2,True,53,45.3,13.12,4.03,3.26,1h
35,1.5,1.5,atr_3x,7,0.1,True,44,34.1,13.08,9.1,1.44,1h
30,1.2,2.0,atr_2x,7,0.2,True,15,53.3,12.89,6.24,2.07,1h
30,1.5,2.0,atr_2x,7,0.2,True,15,53.3,12.89,6.24,2.07,1h
30,1.5,1.5,atr_3x,7,0.1,True,15,46.7,12.79,2.37,5.41,1h
30,1.2,1.5,atr_3x,7,0.1,True,15,46.7,12.79,2.37,5.41,1h
35,1.2,1.0,atr_3x,7,0.1,True,51,25.5,12.75,9.66,1.32,1h
30,1.5,2.0,bb_mid,7,0.2,True,15,66.7,12.71,6.9,1.84,1h
30,1.2,2.0,bb_mid,7,0.2,True,15,66.7,12.71,6.9,1.84,1h
30,2.0,1.5,atr_2x,5,0.2,True,11,54.5,12.7,3.24,3.92,1h
30,2.0,1.0,bb_mid,5,0.2,True,11,63.6,12.69,1.37,9.28,1h
30,2.0,2.0,atr_3x,3,0.2,True,11,54.5,12.63,2.55,4.96,1h
35,1.5,1.5,atr_2x,3,0.2,True,47,46.8,12.62,5.82,2.17,1h
35,1.5,2.0,atr_3x,5,0.2,True,41,41.5,12.53,13.67,0.92,1h
35,1.2,2.0,bb_mid,5,0.2,True,47,61.7,12.53,12.17,1.03,1h
30,1.2,2.0,atr_3x,3,0.3,True,15,46.7,12.44,4.01,3.1,1h
30,1.5,2.0,atr_3x,3,0.3,True,15,46.7,12.44,4.01,3.1,1h
35,2.0,1.5,atr_3x,5,0.2,True,28,35.7,12.44,9.09,1.37,1h
30,1.5,1.5,atr_2x,3,0.3,True,15,53.3,12.39,3.04,4.07,1h
30,1.2,1.5,atr_2x,3,0.3,True,15,53.3,12.39,3.04,4.07,1h
30,1.5,1.0,atr_3x,5,0.2,True,15,33.3,12.24,6.39,1.92,1h
30,1.2,1.0,atr_3x,5,0.2,True,15,33.3,12.24,6.39,1.92,1h
25,2.0,2.0,atr_2x,5,0.2,False,139,48.2,12.02,22.99,0.52,1h
35,1.5,1.0,atr_3x,7,0.1,True,46,23.9,11.99,8.84,1.36,1h
25,2.0,2.0,atr_2x,7,0.2,False,139,48.2,11.91,30.83,0.39,1h
30,2.0,2.0,bb_mid,5,0.3,True,11,63.6,11.89,4.4,2.7,1h
30,2.0,1.5,atr_3x,5,0.1,True,11,54.5,11.88,1.63,7.31,1h
35,1.2,1.5,atr_3x,3,0.2,True,47,34.0,11.85,9.66,1.23,1h
30,1.2,1.5,bb_mid,5,0.2,True,15,66.7,11.83,3.52,3.36,1h
30,1.5,1.5,bb_mid,5,0.2,True,15,66.7,11.83,3.52,3.36,1h
25,1.5,2.0,atr_3x,5,0.3,True,2,100.0,11.77,0.07,156.98,1h
25,1.5,1.5,atr_3x,5,0.3,True,2,100.0,11.77,0.07,156.98,1h
25,1.5,1.0,atr_3x,5,0.3,True,2,100.0,11.77,0.07,156.98,1h
35,1.5,2.0,bb_mid,5,0.2,True,45,62.2,11.69,12.17,0.96,1h
35,1.2,1.0,atr_2x,7,0.1,True,53,35.8,11.68,6.66,1.75,1h
35,1.2,2.0,atr_2x,7,0.1,True,46,52.2,11.65,8.55,1.36,1h
35,1.5,1.0,atr_2x,7,0.1,True,49,34.7,11.65,5.98,1.95,1h
25,2.0,2.0,atr_2x,3,0.3,False,139,48.2,11.59,20.92,0.55,1h
35,1.5,2.0,atr_3x,3,0.3,True,41,41.5,11.58,12.37,0.94,1h
25,1.2,2.0,atr_3x,5,0.3,True,2,100.0,11.52,0.07,153.56,1h
35,1.2,1.5,bb_mid,7,0.1,True,49,55.1,11.44,7.46,1.53,1h
35,2.0,1.0,atr_3x,5,0.3,True,29,24.1,11.44,18.23,0.63,1h
25,2.0,2.0,atr_2x,5,0.3,False,139,48.2,11.43,32.68,0.35,1h
35,1.2,2.0,bb_mid,3,0.3,True,47,61.7,11.42,10.98,1.04,1h
30,2.0,1.5,atr_2x,3,0.3,True,11,54.5,11.41,2.92,3.91,1h
30,2.0,1.0,bb_mid,3,0.3,True,11,63.6,11.39,1.23,9.25,1h
35,2.0,1.5,atr_3x,3,0.3,True,28,35.7,11.35,8.21,1.38,1h
35,1.5,1.5,atr_3x,3,0.2,True,44,34.1,11.34,7.8,1.45,1h
30,1.2,1.0,bb_mid,7,0.3,True,15,40.0,11.28,13.04,0.87,1h
30,1.5,1.0,bb_mid,7,0.3,True,15,40.0,11.28,13.04,0.87,1h
35,1.2,1.5,atr_2x,5,0.1,True,49,46.9,11.23,5.58,2.01,1h
35,1.5,2.0,atr_2x,7,0.1,True,44,52.3,11.15,8.55,1.3,1h
35,1.5,1.0,bb_mid,5,0.1,True,49,44.9,11.12,3.36,3.31,1h
30,2.0,2.0,bb_mid,7,0.2,True,11,63.6,11.12,4.1,2.71,1h
35,1.2,2.0,atr_3x,7,0.1,True,43,41.9,11.05,9.73,1.14,1h
30,1.5,1.0,atr_3x,3,0.3,True,15,33.3,11.05,5.76,1.92,1h
30,1.2,1.0,atr_3x,3,0.3,True,15,33.3,11.05,5.76,1.92,1h
35,1.2,1.0,atr_3x,3,0.2,True,51,25.5,11.03,8.33,1.32,1h
25,1.5,1.5,atr_3x,7,0.2,True,2,100.0,10.97,0.07,156.72,1h
25,1.5,2.0,atr_3x,7,0.2,True,2,100.0,10.97,0.07,156.72,1h
25,1.5,1.0,atr_3x,7,0.2,True,2,100.0,10.97,0.07,156.72,1h
30,1.5,1.5,atr_3x,3,0.2,True,15,46.7,10.94,2.03,5.4,1h
30,1.2,1.5,atr_3x,3,0.2,True,15,46.7,10.94,2.03,5.4,1h
35,1.2,1.0,bb_mid,5,0.1,True,53,45.3,10.91,3.36,3.24,1h
35,2.0,1.0,atr_3x,7,0.2,True,29,24.1,10.9,17.11,0.64,1h
25,2.0,1.0,atr_3x,7,0.3,True,1,100.0,10.83,0.1,103.16,1h
25,2.0,2.0,atr_3x,7,0.3,True,1,100.0,10.83,0.1,103.16,1h
25,2.0,1.5,atr_3x,7,0.3,True,1,100.0,10.83,0.1,103.16,1h
25,1.5,2.0,atr_2x,7,0.3,True,2,100.0,10.82,0.1,103.08,1h
25,1.5,1.5,atr_2x,7,0.3,True,2,100.0,10.82,0.1,103.08,1h
25,1.5,1.0,atr_2x,7,0.3,True,2,100.0,10.82,0.1,103.08,1h
30,2.0,1.0,atr_2x,7,0.1,True,11,54.5,10.78,1.58,6.84,1h
25,1.2,2.0,atr_3x,7,0.2,True,2,100.0,10.73,0.07,153.32,1h
35,1.5,2.0,bb_mid,3,0.3,True,45,62.2,10.66,10.98,0.97,1h
30,1.5,1.5,bb_mid,3,0.3,True,15,66.7,10.62,3.17,3.35,1h
30,1.2,1.5,bb_mid,3,0.3,True,15,66.7,10.62,3.17,3.35,1h
25,1.2,2.0,atr_2x,7,0.3,True,2,100.0,10.59,0.1,100.81,1h
35,1.5,1.5,atr_2x,5,0.1,True,47,46.8,10.54,4.86,2.17,1h
35,1.5,1.5,bb_mid,7,0.1,True,47,55.3,10.48,6.48,1.62,1h
30,2.0,2.0,atr_3x,5,0.1,True,11,54.5,10.48,2.12,4.94,1h
35,1.5,1.0,atr_3x,3,0.2,True,46,23.9,10.38,7.62,1.36,1h
30,2.0,1.5,bb_mid,5,0.2,True,11,63.6,10.32,1.98,5.23,1h
25,2.0,2.0,atr_2x,7,0.1,False,139,48.2,10.19,16.63,0.61,1h
35,1.2,2.0,atr_2x,3,0.2,True,46,52.2,10.08,7.35,1.37,1h
35,1.2,1.0,atr_2x,3,0.2,True,53,35.8,10.05,5.73,1.75,1h
35,1.5,1.0,atr_2x,3,0.2,True,49,34.7,10.02,5.14,1.95,1h
35,1.2,1.5,atr_3x,5,0.1,True,47,34.0,9.97,8.08,1.23,1h
30,2.0,2.0,atr_2x,5,0.2,True,11,54.5,9.88,4.22,2.34,1h
35,1.2,1.5,bb_mid,3,0.2,True,49,55.1,9.84,6.4,1.54,1h
30,1.2,2.0,atr_3x,7,0.1,True,15,46.7,9.73,3.12,3.12,1h
30,1.5,2.0,atr_3x,7,0.1,True,15,46.7,9.73,3.12,3.12,1h
35,1.5,2.0,atr_2x,3,0.2,True,44,52.3,9.66,7.35,1.31,1h
35,1.2,2.0,atr_3x,3,0.2,True,43,41.9,9.66,8.38,1.15,1h
30,1.2,1.5,atr_2x,7,0.1,True,15,53.3,9.61,2.37,4.06,1h
30,1.5,1.5,atr_2x,7,0.1,True,15,53.3,9.61,2.37,4.06,1h
35,1.5,1.5,atr_3x,5,0.1,True,44,34.1,9.55,6.51,1.47,1h
35,1.5,2.0,atr_3x,7,0.1,True,41,41.5,9.48,9.73,0.97,1h
30,1.2,2.0,atr_2x,5,0.2,True,15,53.3,9.37,4.46,2.1,1h
30,1.5,2.0,atr_2x,5,0.2,True,15,53.3,9.37,4.46,2.1,1h
25,2.0,1.0,bb_mid,7,0.2,False,149,34.2,9.34,33.84,0.28,1h
30,2.0,1.5,bb_mid,3,0.3,True,11,63.6,9.28,1.78,5.22,1h
35,1.2,1.0,atr_3x,5,0.1,True,51,25.5,9.27,6.99,1.33,1h
25,2.0,1.0,bb_mid,5,0.2,False,149,34.2,9.22,25.41,0.36,1h
25,2.0,2.0,atr_2x,3,0.2,False,139,48.2,9.22,14.41,0.64,1h
30,2.0,1.0,atr_2x,3,0.2,True,11,54.5,9.2,1.35,6.81,1h
30,1.2,2.0,bb_mid,5,0.2,True,15,66.7,9.11,4.94,1.84,1h
30,1.5,2.0,bb_mid,5,0.2,True,15,66.7,9.11,4.94,1.84,1h
30,1.2,1.5,atr_3x,5,0.1,True,15,46.7,9.1,1.69,5.38,1h
30,1.5,1.5,atr_3x,5,0.1,True,15,46.7,9.1,1.69,5.38,1h
35,1.2,2.0,bb_mid,7,0.1,True,47,61.7,9.09,8.59,1.06,1h
25,2.0,1.0,bb_mid,5,0.3,False,149,34.2,9.05,35.81,0.25,1h
35,2.0,1.5,atr_3x,7,0.1,True,28,35.7,9.05,6.44,1.41,1h
35,1.5,1.5,bb_mid,3,0.2,True,47,55.3,9.03,5.55,1.63,1h
30,2.0,2.0,atr_2x,3,0.3,True,11,54.5,8.9,3.81,2.34,1h
25,2.0,1.0,bb_mid,3,0.3,False,149,34.2,8.86,23.16,0.38,1h
30,2.0,1.5,atr_2x,7,0.1,True,11,54.5,8.85,2.27,3.89,1h
30,2.0,1.0,bb_mid,7,0.1,True,11,63.6,8.8,0.96,9.19,1h
35,1.5,1.0,atr_3x,5,0.1,True,46,23.9,8.73,6.39,1.37,1h
25,1.2,1.0,atr_3x,7,0.3,True,2,50.0,8.71,1.92,4.54,1h
30,1.5,1.0,atr_3x,7,0.1,True,15,33.3,8.64,4.5,1.92,1h
30,1.2,1.0,atr_3x,7,0.1,True,15,33.3,8.64,4.5,1.92,1h
35,1.5,2.0,bb_mid,7,0.1,True,45,62.2,8.5,8.59,0.99,1h
35,1.2,2.0,atr_2x,5,0.1,True,46,52.2,8.48,6.14,1.38,1h
30,1.2,2.0,atr_2x,3,0.3,True,15,53.3,8.46,4.01,2.11,1h
30,1.5,2.0,atr_2x,3,0.3,True,15,53.3,8.46,4.01,2.11,1h
35,2.0,1.0,atr_3x,5,0.2,True,29,24.1,8.41,12.5,0.67,1h
35,1.2,1.0,atr_2x,5,0.1,True,53,35.8,8.41,4.79,1.75,1h
35,1.5,1.0,atr_2x,5,0.1,True,49,34.7,8.38,4.3,1.95,1h
30,1.2,2.0,atr_3x,3,0.2,True,15,46.7,8.36,2.67,3.13,1h
30,1.5,2.0,atr_3x,3,0.2,True,15,46.7,8.36,2.67,3.13,1h
35,1.5,2.0,atr_3x,3,0.2,True,41,41.5,8.32,8.38,0.99,1h
30,1.2,1.0,bb_mid,5,0.3,True,15,40.0,8.3,9.46,0.88,1h
30,1.5,1.0,bb_mid,5,0.3,True,15,40.0,8.3,9.46,0.88,1h
35,1.2,1.5,bb_mid,5,0.1,True,49,55.1,8.23,5.33,1.54,1h
30,1.2,1.5,bb_mid,7,0.1,True,15,66.7,8.23,2.47,3.33,1h
30,1.5,1.5,bb_mid,7,0.1,True,15,66.7,8.23,2.47,3.33,1h
30,1.2,1.5,atr_2x,3,0.2,True,15,53.3,8.22,2.03,4.05,1h
30,1.5,1.5,atr_2x,3,0.2,True,15,53.3,8.22,2.03,4.05,1h
30,1.5,2.0,bb_mid,3,0.3,True,15,66.7,8.21,4.45,1.84,1h
30,1.2,2.0,bb_mid,3,0.3,True,15,66.7,8.21,4.45,1.84,1h
35,1.2,2.0,atr_3x,5,0.1,True,43,41.9,8.2,7.02,1.17,1h
35,1.5,2.0,atr_2x,5,0.1,True,44,52.3,8.13,6.14,1.32,1h
25,2.0,2.0,atr_2x,5,0.1,False,139,48.2,8.08,12.14,0.67,1h
30,2.0,2.0,bb_mid,5,0.2,True,11,63.6,7.99,2.91,2.75,1h
35,1.2,2.0,bb_mid,3,0.2,True,47,61.7,7.88,7.38,1.07,1h
35,2.0,1.5,atr_3x,3,0.2,True,28,35.7,7.85,5.54,1.42,1h
30,2.0,1.0,atr_3x,3,0.1,True,11,54.5,7.84,0.68,11.59,1h
30,1.2,1.0,bb_mid,7,0.2,True,15,40.0,7.78,8.85,0.88,1h
25,1.5,1.0,atr_3x,5,0.2,True,2,100.0,7.78,0.05,155.69,1h
25,1.5,1.5,atr_3x,5,0.2,True,2,100.0,7.78,0.05,155.69,1h
30,1.5,1.0,bb_mid,7,0.2,True,15,40.0,7.78,8.85,0.88,1h
25,1.5,2.0,atr_3x,5,0.2,True,2,100.0,7.78,0.05,155.69,1h
25,2.0,1.0,bb_mid,7,0.1,False,149,34.2,7.77,18.47,0.42,1h
25,1.2,1.5,atr_3x,7,0.3,True,2,50.0,7.76,2.77,2.8,1h
25,2.0,1.5,atr_3x,5,0.3,True,1,100.0,7.74,0.07,103.16,1h
25,2.0,2.0,atr_3x,5,0.3,True,1,100.0,7.74,0.07,103.16,1h
25,2.0,1.0,atr_3x,5,0.3,True,1,100.0,7.74,0.07,103.16,1h
35,2.0,1.0,atr_3x,3,0.3,True,29,24.1,7.7,11.31,0.68,1h
25,1.5,2.0,atr_2x,5,0.3,True,2,100.0,7.68,0.08,102.41,1h
25,1.5,1.5,atr_2x,5,0.3,True,2,100.0,7.68,0.08,102.41,1h
25,1.5,1.0,atr_2x,5,0.3,True,2,100.0,7.68,0.08,102.41,1h
30,2.0,1.0,atr_2x,5,0.1,True,11,54.5,7.64,1.13,6.78,1h
25,1.2,2.0,atr_3x,5,0.2,True,2,100.0,7.62,0.05,152.35,1h
30,2.0,1.5,atr_2x,3,0.2,True,11,54.5,7.57,1.95,3.88,1h
35,1.5,1.5,bb_mid,5,0.1,True,47,55.3,7.56,4.62,1.64,1h
25,1.5,2.0,bb_mid,7,0.3,True,2,100.0,7.55,0.1,71.88,1h
25,1.5,1.0,bb_mid,7,0.3,True,2,100.0,7.55,0.1,71.88,1h
25,1.5,1.5,bb_mid,7,0.3,True,2,100.0,7.55,0.1,71.88,1h
30,2.0,1.0,bb_mid,3,0.2,True,11,63.6,7.52,0.82,9.16,1h
25,1.2,2.0,atr_2x,5,0.3,True,2,100.0,7.51,0.08,100.19,1h
30,1.5,1.0,atr_3x,3,0.2,True,15,33.3,7.42,3.87,1.92,1h
30,1.2,1.0,atr_3x,3,0.2,True,15,33.3,7.42,3.87,1.92,1h
35,1.5,2.0,bb_mid,3,0.2,True,45,62.2,7.38,7.38,1.0,1h
25,2.0,1.5,atr_3x,7,0.2,True,1,100.0,7.22,0.07,103.16,1h
25,2.0,1.0,atr_3x,7,0.2,True,1,100.0,7.22,0.07,103.16,1h
25,2.0,2.0,atr_3x,7,0.2,True,1,100.0,7.22,0.07,103.16,1h
30,2.0,1.5,bb_mid,7,0.1,True,11,63.6,7.2,1.38,5.21,1h
30,2.0,2.0,bb_mid,3,0.3,True,11,63.6,7.2,2.61,2.76,1h
25,1.5,1.0,atr_2x,7,0.2,True,2,100.0,7.16,0.07,102.3,1h
25,1.5,1.5,atr_2x,7,0.2,True,2,100.0,7.16,0.07,102.3,1h
25,1.5,2.0,atr_2x,7,0.2,True,2,100.0,7.16,0.07,102.3,1h
25,2.0,1.0,atr_2x,7,0.3,True,1,100.0,7.15,0.1,68.11,1h
25,2.0,2.0,atr_2x,7,0.3,True,1,100.0,7.15,0.1,68.11,1h
25,2.0,1.5,atr_2x,7,0.3,True,1,100.0,7.15,0.1,68.11,1h
35,1.5,2.0,atr_3x,5,0.1,True,41,41.5,7.09,7.02,1.01,1h
30,1.2,1.5,bb_mid,3,0.2,True,15,66.7,7.04,2.12,3.32,1h
30,2.0,1.5,atr_3x,3,0.1,True,11,54.5,7.04,0.98,7.2,1h
30,1.5,1.5,bb_mid,3,0.2,True,15,66.7,7.04,2.12,3.32,1h
25,2.0,1.0,bb_mid,3,0.2,False,149,34.2,7.03,16.04,0.44,1h
25,1.2,2.0,atr_2x,7,0.2,True,2,100.0,7.01,0.07,100.08,1h
25,1.5,2.0,atr_3x,3,0.3,True,2,100.0,6.99,0.05,155.43,1h
30,1.2,2.0,atr_3x,5,0.1,True,15,46.7,6.99,2.23,3.14,1h
30,1.5,2.0,atr_3x,5,0.1,True,15,46.7,6.99,2.23,3.14,1h
25,1.5,1.0,atr_3x,3,0.3,True,2,100.0,6.99,0.05,155.43,1h
25,1.5,1.5,atr_3x,3,0.3,True,2,100.0,6.99,0.05,155.43,1h
30,2.0,2.0,atr_2x,7,0.1,True,11,54.5,6.94,2.97,2.34,1h
25,1.2,2.0,atr_3x,3,0.3,True,2,100.0,6.85,0.05,152.11,1h
30,1.2,1.5,atr_2x,5,0.1,True,15,53.3,6.84,1.69,4.05,1h
30,1.5,1.5,atr_2x,5,0.1,True,15,53.3,6.84,1.69,4.05,1h
35,1.2,1.5,atr_2x,3,0.1,True,49,46.9,6.74,3.37,2.0,1h
30,1.2,2.0,atr_2x,7,0.1,True,15,53.3,6.63,3.12,2.13,1h
35,1.2,2.0,bb_mid,5,0.1,True,47,61.7,6.63,6.17,1.08,1h
30,1.5,2.0,atr_2x,7,0.1,True,15,53.3,6.63,3.12,2.13,1h
35,1.5,1.0,bb_mid,3,0.1,True,49,44.9,6.62,2.02,3.27,1h
35,2.0,1.5,atr_3x,5,0.1,True,28,35.7,6.61,4.63,1.43,1h
35,2.0,1.5,atr_2x,7,0.3,True,29,41.4,6.58,17.07,0.39,1h
35,2.0,1.0,bb_mid,7,0.3,True,30,40.0,6.54,19.2,0.34,1h
35,1.2,1.0,bb_mid,3,0.1,True,53,45.3,6.51,2.02,3.21,1h
30,1.5,2.0,bb_mid,7,0.1,True,15,66.7,6.39,3.47,1.84,1h
30,1.2,2.0,bb_mid,7,0.1,True,15,66.7,6.39,3.47,1.84,1h
35,1.5,1.5,atr_2x,3,0.1,True,47,46.8,6.34,2.94,2.16,1h
30,2.0,1.5,atr_2x,5,0.1,True,11,54.5,6.3,1.63,3.87,1h
25,1.2,1.0,atr_3x,5,0.3,True,2,50.0,6.26,1.37,4.57,1h
30,2.0,1.0,bb_mid,5,0.1,True,11,63.6,6.25,0.68,9.13,1h
30,2.0,2.0,atr_3x,3,0.1,True,11,54.5,6.24,1.28,4.88,1h
35,1.5,2.0,bb_mid,5,0.1,True,45,62.2,6.22,6.17,1.01,1h
30,1.2,1.0,atr_3x,5,0.1,True,15,33.3,6.2,3.23,1.92,1h
35,2.0,1.0,atr_3x,7,0.1,True,29,24.1,6.2,8.9,0.7,1h
30,1.5,1.0,atr_3x,5,0.1,True,15,33.3,6.2,3.23,1.92,1h
25,2.0,1.0,bb_mid,5,0.1,False,149,34.2,6.17,13.53,0.46,1h
30,2.0,1.5,bb_mid,3,0.2,True,11,63.6,6.16,1.19,5.2,1h
35,1.2,1.5,atr_3x,3,0.1,True,47,34.0,6.09,4.88,1.25,1h
30,2.0,2.0,atr_2x,3,0.2,True,11,54.5,5.96,2.55,2.34,1h
30,1.2,1.0,atr_2x,7,0.3,True,15,33.3,5.95,13.04,0.46,1h
30,1.5,1.0,atr_2x,7,0.3,True,15,33.3,5.95,13.04,0.46,1h
35,2.0,1.5,atr_2x,5,0.3,True,29,41.4,5.93,11.97,0.5,1h
25,1.2,1.0,atr_3x,7,0.2,True,2,50.0,5.85,1.28,4.58,1h
30,1.2,1.5,bb_mid,5,0.1,True,15,66.7,5.85,1.77,3.31,1h
30,1.5,1.5,bb_mid,5,0.1,True,15,66.7,5.85,1.77,3.31,1h
35,1.5,1.5,atr_3x,3,0.1,True,44,34.1,5.84,3.91,1.49,1h
35,2.0,1.5,atr_2x,7,0.2,True,29,41.4,5.72,11.13,0.51,1h
30,1.2,2.0,atr_2x,3,0.2,True,15,53.3,5.71,2.67,2.13,1h
30,1.5,2.0,atr_2x,3,0.2,True,15,53.3,5.71,2.67,2.13,1h
30,1.5,1.0,bb_mid,5,0.2,True,15,40.0,5.66,6.39,0.89,1h
30,1.2,1.0,bb_mid,5,0.2,True,15,40.0,5.66,6.39,0.89,1h
35,1.2,1.0,atr_3x,3,0.1,True,51,25.5,5.66,4.25,1.33,1h
30,2.0,2.0,bb_mid,7,0.1,True,11,63.6,5.62,2.03,2.77,1h
25,1.2,1.5,atr_3x,5,0.3,True,2,50.0,5.6,1.98,2.83,1h
25,1.2,2.0,bb_mid,7,0.3,True,2,100.0,5.56,0.1,52.91,1h
25,2.0,1.0,atr_3x,3,0.3,False,146,24.0,5.54,23.47,0.24,1h
25,2.0,1.0,atr_3x,7,0.1,False,146,24.0,5.5,18.72,0.29,1h
30,1.2,2.0,bb_mid,3,0.2,True,15,66.7,5.48,2.97,1.84,1h
25,1.5,1.5,atr_3x,3,0.2,False,168,31.0,5.48,23.6,0.23,1h
30,1.5,2.0,bb_mid,3,0.2,True,15,66.7,5.48,2.97,1.84,1h
25,1.5,1.5,atr_3x,7,0.1,False,168,31.0,5.47,27.33,0.2,1h
30,1.2,1.5,atr_3x,3,0.1,True,15,46.7,5.44,1.01,5.36,1h
30,1.5,1.5,atr_3x,3,0.1,True,15,46.7,5.44,1.01,5.36,1h
25,1.5,2.0,atr_3x,7,0.1,True,2,100.0,5.42,0.04,154.92,1h
25,1.5,1.5,atr_3x,7,0.1,True,2,100.0,5.42,0.04,154.92,1h
25,1.5,1.0,atr_3x,7,0.1,True,2,100.0,5.42,0.04,154.92,1h
35,2.0,1.0,atr_3x,3,0.2,True,29,24.1,5.41,7.67,0.71,1h
25,1.5,1.5,bb_mid,5,0.3,True,2,100.0,5.36,0.07,71.51,1h
25,1.5,2.0,bb_mid,5,0.3,True,2,100.0,5.36,0.07,71.51,1h
25,1.5,1.0,bb_mid,5,0.3,True,2,100.0,5.36,0.07,71.51,1h
35,2.0,1.0,bb_mid,5,0.3,True,30,40.0,5.34,13.92,0.38,1h
35,1.5,1.0,atr_3x,3,0.1,True,46,23.9,5.33,3.88,1.37,1h
25,2.0,1.0,atr_3x,5,0.2,False,146,24.0,5.31,25.75,0.21,1h
25,2.0,2.0,atr_2x,3,0.1,False,139,48.2,5.31,7.45,0.71,1h
25,1.2,2.0,atr_3x,7,0.1,True,2,100.0,5.31,0.04,151.63,1h
25,1.2,1.5,atr_3x,7,0.2,True,2,50.0,5.24,1.85,2.84,1h
25,2.0,1.0,atr_3x,3,0.2,False,146,24.0,5.23,16.25,0.32,1h
25,1.5,1.5,atr_3x,5,0.1,False,168,31.0,5.23,19.79,0.26,1h
35,1.2,2.0,atr_2x,3,0.1,True,46,52.2,5.17,3.71,1.4,1h
25,2.0,1.0,atr_3x,5,0.2,True,1,100.0,5.16,0.05,103.16,1h
25,2.0,2.0,atr_3x,5,0.2,True,1,100.0,5.16,0.05,103.16,1h
25,2.0,1.5,atr_3x,5,0.2,True,1,100.0,5.16,0.05,103.16,1h
30,2.0,1.5,bb_mid,5,0.1,True,11,63.6,5.13,0.99,5.19,1h
30,1.5,1.0,bb_mid,3,0.3,True,15,40.0,5.12,5.76,0.89,1h
30,1.2,1.0,bb_mid,3,0.3,True,15,40.0,5.12,5.76,0.89,1h
25,2.0,2.0,atr_2x,5,0.3,True,1,100.0,5.11,0.07,68.11,1h
25,2.0,1.5,atr_2x,5,0.3,True,1,100.0,5.11,0.07,68.11,1h
25,2.0,1.0,atr_2x,5,0.3,True,1,100.0,5.11,0.07,68.11,1h
25,1.2,1.0,atr_2x,7,0.3,True,2,50.0,5.1,1.92,2.66,1h
25,1.5,2.0,atr_2x,5,0.2,True,2,100.0,5.09,0.05,101.85,1h
25,1.5,1.0,atr_2x,5,0.2,True,2,100.0,5.09,0.05,101.85,1h
35,1.2,2.0,atr_3x,3,0.1,True,43,41.9,5.09,4.26,1.2,1h
35,2.0,1.0,bb_mid,7,0.2,True,30,40.0,5.09,13.02,0.39,1h
25,1.5,1.5,atr_2x,5,0.2,True,2,100.0,5.09,0.05,101.85,1h
35,1.2,1.0,atr_2x,3,0.1,True,53,35.8,5.08,2.9,1.75,1h
35,1.5,1.0,atr_2x,3,0.1,True,49,34.7,5.06,2.6,1.94,1h
25,1.5,1.0,bb_mid,7,0.2,True,2,100.0,5.0,0.07,71.45,1h
25,1.5,1.5,bb_mid,7,0.2,True,2,100.0,5.0,0.07,71.45,1h
25,1.5,2.0,bb_mid,7,0.2,True,2,100.0,5.0,0.07,71.45,1h
25,1.2,2.0,atr_2x,5,0.2,True,2,100.0,4.98,0.05,99.67,1h
35,1.2,1.5,bb_mid,3,0.1,True,49,55.1,4.97,3.2,1.56,1h
30,2.0,2.0,atr_2x,5,0.1,True,11,54.5,4.97,2.12,2.34,1h
35,1.5,2.0,atr_2x,3,0.1,True,44,52.3,4.97,3.71,1.34,1h
25,2.0,2.0,atr_2x,7,0.3,False,139,48.2,4.94,42.91,0.12,1h
25,2.0,1.0,bb_mid,7,0.3,False,149,34.2,4.88,46.57,0.1,1h
30,2.0,2.0,bb_mid,3,0.2,True,11,63.6,4.82,1.73,2.78,1h
25,2.0,1.0,atr_3x,5,0.1,False,146,24.0,4.78,13.71,0.35,1h
25,2.0,1.5,atr_2x,7,0.2,True,1,100.0,4.77,0.07,68.11,1h
30,1.5,2.0,atr_2x,5,0.1,True,15,53.3,4.77,2.23,2.14,1h
30,1.2,2.0,atr_2x,5,0.1,True,15,53.3,4.77,2.23,2.14,1h
25,2.0,1.0,atr_2x,7,0.2,True,1,100.0,4.77,0.07,68.11,1h
25,2.0,2.0,atr_2x,7,0.2,True,1,100.0,4.77,0.07,68.11,1h
25,1.5,1.5,atr_3x,3,0.3,False,168,31.0,4.66,34.54,0.14,1h
30,1.2,1.0,atr_2x,5,0.3,True,15,33.3,4.65,9.46,0.49,1h
30,1.5,1.0,atr_2x,5,0.3,True,15,33.3,4.65,9.46,0.49,1h
25,1.5,1.0,atr_3x,3,0.2,True,2,100.0,4.64,0.03,154.66,1h
25,1.5,1.5,atr_3x,3,0.2,True,2,100.0,4.64,0.03,154.66,1h
25,1.5,2.0,atr_3x,3,0.2,True,2,100.0,4.64,0.03,154.66,1h
25,2.0,1.5,atr_3x,3,0.3,True,1,100.0,4.64,0.05,103.16,1h
25,2.0,1.0,atr_3x,3,0.3,True,1,100.0,4.64,0.05,103.16,1h
25,2.0,2.0,atr_3x,3,0.3,True,1,100.0,4.64,0.05,103.16,1h
35,2.0,1.5,atr_2x,5,0.2,True,29,41.4,4.62,7.83,0.59,1h
25,1.5,2.0,atr_2x,3,0.3,True,2,100.0,4.58,0.05,101.74,1h
35,1.5,1.5,bb_mid,3,0.1,True,47,55.3,4.58,2.76,1.66,1h
25,1.5,1.5,atr_2x,3,0.3,True,2,100.0,4.58,0.05,101.74,1h
35,2.0,1.0,atr_3x,5,0.1,True,29,24.1,4.58,6.43,0.71,1h
25,1.5,1.0,atr_2x,3,0.3,True,2,100.0,4.58,0.05,101.74,1h
30,1.2,2.0,bb_mid,5,0.1,True,15,66.7,4.57,2.48,1.84,1h
30,1.5,2.0,bb_mid,5,0.1,True,15,66.7,4.57,2.48,1.84,1h
30,2.0,1.0,atr_2x,3,0.1,True,11,54.5,4.55,0.68,6.72,1h
25,1.2,2.0,atr_3x,3,0.2,True,2,100.0,4.54,0.03,151.39,1h
25,1.2,2.0,atr_2x,3,0.3,True,2,100.0,4.48,0.05,99.56,1h
35,1.5,2.0,atr_3x,3,0.1,True,41,41.5,4.44,4.26,1.04,1h
30,1.5,1.0,atr_2x,7,0.2,True,15,33.3,4.4,8.85,0.5,1h
30,1.2,1.0,atr_2x,7,0.2,True,15,33.3,4.4,8.85,0.5,1h
35,2.0,1.5,atr_2x,3,0.3,True,29,41.4,4.27,7.02,0.61,1h
30,1.5,2.0,atr_3x,3,0.1,True,15,46.7,4.21,1.34,3.15,1h
30,1.2,2.0,atr_3x,3,0.1,True,15,46.7,4.21,1.34,3.15,1h
25,1.2,1.0,atr_3x,5,0.2,True,2,50.0,4.2,0.91,4.6,1h
25,1.2,1.5,atr_2x,7,0.3,True,2,50.0,4.18,2.77,1.51,1h
25,2.0,2.0,atr_3x,3,0.2,False,138,41.3,4.14,21.73,0.19,1h
30,1.5,1.5,atr_2x,3,0.1,True,15,53.3,4.09,1.01,4.03,1h
30,1.2,1.5,atr_2x,3,0.1,True,15,53.3,4.09,1.01,4.03,1h
25,2.0,1.0,bb_mid,3,0.1,False,149,34.2,4.06,8.33,0.49,1h
25,2.0,2.0,atr_3x,7,0.1,False,138,41.3,4.06,25.02,0.16,1h
35,1.2,2.0,bb_mid,3,0.1,True,47,61.7,4.06,3.72,1.09,1h
35,2.0,1.5,atr_3x,3,0.1,True,28,35.7,4.05,2.8,1.45,1h
30,2.0,2.0,bb_mid,5,0.1,True,11,63.6,4.02,1.44,2.79,1h
30,1.5,1.0,bb_mid,7,0.1,True,15,40.0,4.02,4.5,0.89,1h
30,1.2,1.0,bb_mid,7,0.1,True,15,40.0,4.02,4.5,0.89,1h
25,2.0,2.0,atr_3x,5,0.1,False,138,41.3,4.0,18.34,0.22,1h
25,1.2,2.0,bb_mid,5,0.3,True,2,100.0,3.95,0.07,52.73,1h
35,2.0,1.0,bb_mid,5,0.2,True,30,40.0,3.93,9.39,0.42,1h
25,1.5,1.5,atr_3x,3,0.1,False,168,31.0,3.92,11.99,0.33,1h
25,1.5,1.5,atr_3x,5,0.2,False,168,31.0,3.88,38.01,0.1,1h
25,1.5,1.5,atr_3x,5,0.1,True,2,100.0,3.86,0.03,154.4,1h
25,1.5,2.0,atr_3x,5,0.1,True,2,100.0,3.86,0.03,154.4,1h
25,1.5,1.0,atr_3x,5,0.1,True,2,100.0,3.86,0.03,154.4,1h
35,1.5,2.0,bb_mid,3,0.1,True,45,62.2,3.81,3.72,1.02,1h
25,1.2,2.0,atr_3x,5,0.1,True,2,100.0,3.78,0.03,151.15,1h
25,1.2,1.0,atr_3x,3,0.3,True,2,50.0,3.78,0.82,4.6,1h
25,1.2,1.5,atr_3x,5,0.2,True,2,50.0,3.77,1.32,2.86,1h
30,2.0,1.5,atr_2x,3,0.1,True,11,54.5,3.76,0.98,3.85,1h
30,1.5,1.0,atr_3x,3,0.1,True,15,33.3,3.74,1.95,1.92,1h
30,1.2,1.0,atr_3x,3,0.1,True,15,33.3,3.74,1.95,1.92,1h
30,2.0,1.0,bb_mid,3,0.1,True,11,63.6,3.72,0.41,9.07,1h
25,2.0,2.0,bb_mid,7,0.3,True,1,100.0,3.69,0.1,35.11,1h
25,2.0,1.0,bb_mid,7,0.3,True,1,100.0,3.69,0.1,35.11,1h
25,2.0,1.5,bb_mid,7,0.3,True,1,100.0,3.69,0.1,35.11,1h
25,1.2,2.0,bb_mid,7,0.2,True,2,100.0,3.69,0.07,52.7,1h
25,1.2,1.0,atr_2x,5,0.3,True,2,50.0,3.67,1.37,2.68,1h
25,2.0,2.0,atr_3x,7,0.1,True,1,100.0,3.61,0.04,103.16,1h
25,2.0,1.0,atr_3x,7,0.1,True,1,100.0,3.61,0.04,103.16,1h
25,2.0,1.5,atr_3x,7,0.1,True,1,100.0,3.61,0.04,103.16,1h
35,2.0,1.0,bb_mid,3,0.3,True,30,40.0,3.6,8.48,0.42,1h
25,1.5,1.0,bb_mid,5,0.2,True,2,100.0,3.56,0.05,71.2,1h
25,1.5,1.5,bb_mid,5,0.2,True,2,100.0,3.56,0.05,71.2,1h
25,1.5,2.0,bb_mid,5,0.2,True,2,100.0,3.56,0.05,71.2,1h
25,1.5,2.0,atr_2x,7,0.1,True,2,100.0,3.55,0.04,101.52,1h
25,1.5,1.5,atr_2x,7,0.1,True,2,100.0,3.55,0.04,101.52,1h
25,1.5,1.0,atr_2x,7,0.1,True,2,100.0,3.55,0.04,101.52,1h
35,2.0,1.5,atr_2x,7,0.1,True,29,41.4,3.51,5.41,0.65,1h
30,1.2,1.5,bb_mid,3,0.1,True,15,66.7,3.5,1.06,3.29,1h
30,1.5,1.5,bb_mid,3,0.1,True,15,66.7,3.5,1.06,3.29,1h
25,1.2,2.0,atr_2x,7,0.1,True,2,100.0,3.48,0.04,99.35,1h
30,1.2,1.0,bb_mid,3,0.2,True,15,40.0,3.46,3.87,0.89,1h
30,1.5,1.0,bb_mid,3,0.2,True,15,40.0,3.46,3.87,0.89,1h
25,1.2,1.0,atr_2x,7,0.2,True,2,50.0,3.43,1.28,2.68,1h
25,2.0,1.0,atr_2x,5,0.2,True,1,100.0,3.41,0.05,68.11,1h
25,2.0,2.0,atr_2x,5,0.2,True,1,100.0,3.41,0.05,68.11,1h
25,2.0,1.5,atr_2x,5,0.2,True,1,100.0,3.41,0.05,68.11,1h
25,1.2,1.5,atr_3x,3,0.3,True,2,50.0,3.4,1.19,2.86,1h
25,2.0,1.0,atr_3x,3,0.1,False,146,24.0,3.38,8.44,0.4,1h
30,1.2,1.0,atr_2x,5,0.2,True,15,33.3,3.32,6.39,0.52,1h
30,1.5,1.0,atr_2x,5,0.2,True,15,33.3,3.32,6.39,0.52,1h
25,2.0,2.0,atr_3x,3,0.3,False,138,41.3,3.23,31.32,0.1,1h
25,1.5,1.5,bb_mid,3,0.3,True,2,100.0,3.2,0.05,71.14,1h
25,1.5,2.0,bb_mid,3,0.3,True,2,100.0,3.2,0.05,71.14,1h
25,1.5,1.0,bb_mid,3,0.3,True,2,100.0,3.2,0.05,71.14,1h
25,2.0,1.0,atr_3x,3,0.2,True,1,100.0,3.09,0.03,103.16,1h
25,2.0,1.5,atr_3x,3,0.2,True,1,100.0,3.09,0.03,103.16,1h
25,2.0,2.0,atr_3x,3,0.2,True,1,100.0,3.09,0.03,103.16,1h
35,2.0,1.5,atr_2x,3,0.2,True,29,41.4,3.08,4.62,0.67,1h
30,2.0,1.5,bb_mid,3,0.1,True,11,63.6,3.07,0.59,5.18,1h
25,2.0,1.0,atr_2x,3,0.3,True,1,100.0,3.06,0.05,68.11,1h
25,2.0,1.5,atr_2x,3,0.3,True,1,100.0,3.06,0.05,68.11,1h
25,2.0,2.0,atr_2x,3,0.3,True,1,100.0,3.06,0.05,68.11,1h
25,2.0,2.0,atr_3x,3,0.1,False,138,41.3,3.05,11.29,0.27,1h
25,1.5,1.0,atr_2x,3,0.2,True,2,100.0,3.04,0.03,101.41,1h
25,1.5,2.0,atr_2x,3,0.2,True,2,100.0,3.04,0.03,101.41,1h
25,1.5,1.5,atr_2x,3,0.2,True,2,100.0,3.04,0.03,101.41,1h
30,1.2,1.0,atr_2x,3,0.3,True,15,33.3,3.03,5.76,0.53,1h
25,1.2,1.5,atr_2x,5,0.3,True,2,50.0,3.03,1.98,1.53,1h
30,1.5,1.0,atr_2x,3,0.3,True,15,33.3,3.03,5.76,0.53,1h
30,2.0,2.0,atr_2x,3,0.1,True,11,54.5,2.99,1.28,2.34,1h
25,1.2,2.0,atr_2x,3,0.2,True,2,100.0,2.98,0.03,99.25,1h
25,1.2,1.0,atr_3x,7,0.1,True,2,50.0,2.95,0.64,4.61,1h
35,2.0,1.0,bb_mid,7,0.1,True,30,40.0,2.9,6.64,0.44,1h
30,1.2,1.0,bb_mid,5,0.1,True,15,40.0,2.89,3.23,0.89,1h
30,1.5,1.0,bb_mid,5,0.1,True,15,40.0,2.89,3.23,0.89,1h
30,1.2,2.0,atr_2x,3,0.1,True,15,53.3,2.88,1.34,2.16,1h
30,1.5,2.0,atr_2x,3,0.1,True,15,53.3,2.88,1.34,2.16,1h
35,2.0,1.0,atr_3x,3,0.1,True,29,24.1,2.84,3.9,0.73,1h
25,1.2,1.5,atr_2x,7,0.2,True,2,50.0,2.83,1.85,1.53,1h
25,2.0,1.0,atr_3x,7,0.2,False,146,24.0,2.83,34.3,0.08,1h
30,1.2,2.0,bb_mid,3,0.1,True,15,66.7,2.75,1.49,1.84,1h
30,1.5,2.0,bb_mid,3,0.1,True,15,66.7,2.75,1.49,1.84,1h
25,1.2,1.5,atr_3x,7,0.1,True,2,50.0,2.65,0.92,2.87,1h
25,1.2,2.0,bb_mid,5,0.2,True,2,100.0,2.63,0.05,52.58,1h
35,2.0,1.5,atr_2x,5,0.1,True,29,41.4,2.63,3.84,0.68,1h
25,2.0,1.0,bb_mid,5,0.3,True,1,100.0,2.63,0.07,35.11,1h
25,2.0,1.5,bb_mid,5,0.3,True,1,100.0,2.63,0.07,35.11,1h
25,2.0,2.0,bb_mid,5,0.3,True,1,100.0,2.63,0.07,35.11,1h
25,2.0,1.0,atr_3x,5,0.1,True,1,100.0,2.58,0.03,103.16,1h
25,2.0,2.0,atr_3x,5,0.1,True,1,100.0,2.58,0.03,103.16,1h
25,2.0,1.5,atr_3x,5,0.1,True,1,100.0,2.58,0.03,103.16,1h
25,1.5,1.0,atr_2x,5,0.1,True,2,100.0,2.53,0.03,101.3,1h
25,1.5,2.0,atr_2x,5,0.1,True,2,100.0,2.53,0.03,101.3,1h
35,2.0,1.0,bb_mid,3,0.2,True,30,40.0,2.53,5.72,0.44,1h
25,1.2,1.0,atr_3x,3,0.2,True,2,50.0,2.53,0.55,4.62,1h
25,1.5,1.5,atr_2x,5,0.1,True,2,100.0,2.53,0.03,101.3,1h
35,2.0,2.0,atr_3x,5,0.2,True,28,39.3,2.52,10.94,0.23,1h
35,2.0,2.0,atr_3x,3,0.3,True,28,39.3,2.5,9.82,0.25,1h
25,1.5,1.0,bb_mid,7,0.1,True,2,100.0,2.49,0.04,71.01,1h
25,2.0,2.0,atr_3x,5,0.2,False,138,41.3,2.49,34.34,0.07,1h
25,1.5,1.5,bb_mid,7,0.1,True,2,100.0,2.49,0.04,71.01,1h
25,1.5,2.0,bb_mid,7,0.1,True,2,100.0,2.49,0.04,71.01,1h
25,1.2,2.0,atr_2x,5,0.1,True,2,100.0,2.48,0.03,99.15,1h
25,1.2,1.0,atr_2x,5,0.2,True,2,50.0,2.46,0.91,2.7,1h
25,2.0,1.0,bb_mid,7,0.2,True,1,100.0,2.46,0.07,35.11,1h
25,2.0,1.5,bb_mid,7,0.2,True,1,100.0,2.46,0.07,35.11,1h
25,2.0,2.0,bb_mid,7,0.2,True,1,100.0,2.46,0.07,35.11,1h
30,2.0,2.0,bb_mid,3,0.1,True,11,63.6,2.42,0.86,2.81,1h
30,1.2,1.0,atr_2x,7,0.1,True,15,33.3,2.42,4.5,0.54,1h
30,1.5,1.0,atr_2x,7,0.1,True,15,33.3,2.42,4.5,0.54,1h
25,2.0,1.5,atr_2x,7,0.1,True,1,100.0,2.38,0.04,68.11,1h
25,2.0,2.0,atr_2x,7,0.1,True,1,100.0,2.38,0.04,68.11,1h
25,2.0,1.0,atr_2x,7,0.1,True,1,100.0,2.38,0.04,68.11,1h
25,1.2,2.0,bb_mid,3,0.3,True,2,100.0,2.36,0.05,52.55,1h
25,1.5,1.0,atr_3x,3,0.1,True,2,100.0,2.31,0.01,153.89,1h
25,1.5,1.5,atr_3x,3,0.1,True,2,100.0,2.31,0.01,153.89,1h
25,1.5,2.0,atr_3x,3,0.1,True,2,100.0,2.31,0.01,153.89,1h
35,2.0,2.0,atr_3x,7,0.1,True,28,39.3,2.3,7.59,0.3,1h
25,1.2,1.5,atr_3x,3,0.2,True,2,50.0,2.28,0.79,2.88,1h
25,1.2,2.0,atr_3x,3,0.1,True,2,100.0,2.26,0.01,150.66,1h
35,2.0,1.0,atr_2x,5,0.3,True,30,30.0,2.25,18.23,0.12,1h
35,2.0,1.0,atr_2x,7,0.2,True,30,30.0,2.24,17.11,0.13,1h
25,1.2,1.0,atr_2x,3,0.3,True,2,50.0,2.22,0.82,2.7,1h
35,2.0,1.0,bb_mid,5,0.1,True,30,40.0,2.14,4.78,0.45,1h
25,1.5,1.5,bb_mid,3,0.2,True,2,100.0,2.13,0.03,70.95,1h
25,1.5,2.0,bb_mid,3,0.2,True,2,100.0,2.13,0.03,70.95,1h
25,1.5,1.0,bb_mid,3,0.2,True,2,100.0,2.13,0.03,70.95,1h
35,2.0,2.0,atr_3x,3,0.2,True,28,39.3,2.12,6.48,0.33,1h
25,1.2,1.0,atr_3x,5,0.1,True,2,50.0,2.11,0.46,4.62,1h
30,1.5,1.0,atr_2x,3,0.2,True,15,33.3,2.1,3.87,0.54,1h
30,1.2,1.0,atr_2x,3,0.2,True,15,33.3,2.1,3.87,0.54,1h
35,2.0,2.0,atr_3x,7,0.2,True,28,39.3,2.1,15.44,0.14,1h
25,1.2,1.5,atr_2x,5,0.2,True,2,50.0,2.04,1.32,1.55,1h
25,2.0,1.5,atr_2x,3,0.2,True,1,100.0,2.04,0.03,68.11,1h
25,2.0,2.0,atr_2x,3,0.2,True,1,100.0,2.04,0.03,68.11,1h
25,2.0,1.0,atr_2x,3,0.2,True,1,100.0,2.04,0.03,68.11,1h
35,2.0,1.0,atr_2x,5,0.2,True,30,30.0,2.02,12.5,0.16,1h
35,2.0,1.0,atr_2x,3,0.3,True,30,30.0,1.91,11.31,0.17,1h
35,2.0,2.0,atr_3x,5,0.1,True,28,39.3,1.9,5.39,0.35,1h
25,1.2,1.5,atr_3x,5,0.1,True,2,50.0,1.9,0.66,2.88,1h
35,2.0,2.0,atr_3x,5,0.3,True,28,39.3,1.87,16.58,0.11,1h
35,2.0,1.0,atr_2x,7,0.3,True,30,30.0,1.86,24.68,0.08,1h
25,1.2,2.0,bb_mid,7,0.1,True,2,100.0,1.84,0.04,52.49,1h
25,1.2,1.5,atr_2x,3,0.3,True,2,50.0,1.84,1.19,1.55,1h
25,2.0,1.0,atr_3x,5,0.3,False,146,24.0,1.84,36.29,0.05,1h
30,1.5,1.0,atr_2x,5,0.1,True,15,33.3,1.77,3.23,0.55,1h
25,1.5,2.0,bb_mid,5,0.1,True,2,100.0,1.77,0.03,70.89,1h
30,1.2,1.0,atr_2x,5,0.1,True,15,33.3,1.77,3.23,0.55,1h
25,1.5,1.5,bb_mid,5,0.1,True,2,100.0,1.77,0.03,70.89,1h
25,1.5,1.0,bb_mid,5,0.1,True,2,100.0,1.77,0.03,70.89,1h
25,2.0,2.0,bb_mid,5,0.2,True,1,100.0,1.76,0.05,35.11,1h
25,2.0,1.5,bb_mid,5,0.2,True,1,100.0,1.76,0.05,35.11,1h
25,2.0,1.0,bb_mid,5,0.2,True,1,100.0,1.76,0.05,35.11,1h
30,1.2,1.0,bb_mid,3,0.1,True,15,40.0,1.75,1.95,0.9,1h
30,1.5,1.0,bb_mid,3,0.1,True,15,40.0,1.75,1.95,0.9,1h
25,1.2,1.0,atr_2x,7,0.1,True,2,50.0,1.73,0.64,2.71,1h
25,1.2,1.0,bb_mid,7,0.3,True,2,50.0,1.7,1.92,0.89,1h
25,2.0,1.5,atr_2x,5,0.1,True,1,100.0,1.7,0.03,68.11,1h
25,2.0,2.0,atr_2x,5,0.1,True,1,100.0,1.7,0.03,68.11,1h
25,2.0,1.0,atr_2x,5,0.1,True,1,100.0,1.7,0.03,68.11,1h
35,2.0,1.5,atr_2x,3,0.1,True,29,41.4,1.65,2.31,0.72,1h
35,2.0,1.0,atr_2x,7,0.1,True,30,30.0,1.63,8.9,0.18,1h
25,2.0,1.0,bb_mid,3,0.3,True,1,100.0,1.58,0.05,35.11,1h
25,2.0,1.5,bb_mid,3,0.3,True,1,100.0,1.58,0.05,35.11,1h
25,2.0,2.0,bb_mid,3,0.3,True,1,100.0,1.58,0.05,35.11,1h
25,1.2,2.0,bb_mid,3,0.2,True,2,100.0,1.57,0.03,52.46,1h
25,2.0,1.5,atr_3x,3,0.1,True,1,100.0,1.55,0.01,103.16,1h
25,2.0,2.0,atr_3x,3,0.1,True,1,100.0,1.55,0.01,103.16,1h
25,2.0,1.0,atr_3x,3,0.1,True,1,100.0,1.55,0.01,103.16,1h
25,1.5,1.5,atr_2x,3,0.1,True,2,100.0,1.52,0.01,101.08,1h
25,1.5,1.0,atr_2x,3,0.1,True,2,100.0,1.52,0.01,101.08,1h
25,1.5,2.0,atr_2x,3,0.1,True,2,100.0,1.52,0.01,101.08,1h
25,1.2,1.0,atr_2x,3,0.2,True,2,50.0,1.48,0.55,2.71,1h
25,1.2,2.0,atr_2x,3,0.1,True,2,100.0,1.48,0.01,98.94,1h
35,2.0,1.0,atr_2x,3,0.2,True,30,30.0,1.46,7.67,0.19,1h
25,1.2,1.5,atr_2x,7,0.1,True,2,50.0,1.44,0.92,1.56,1h
35,2.0,1.0,bb_mid,3,0.1,True,30,40.0,1.33,2.89,0.46,1h
25,1.2,2.0,bb_mid,5,0.1,True,2,100.0,1.31,0.03,52.43,1h
35,2.0,2.0,atr_3x,3,0.1,True,28,39.3,1.29,3.21,0.4,1h
35,2.0,1.0,atr_2x,5,0.1,True,30,30.0,1.27,6.43,0.2,1h
25,1.2,1.0,atr_3x,3,0.1,True,2,50.0,1.27,0.27,4.63,1h
25,1.2,1.5,atr_2x,3,0.2,True,2,50.0,1.24,0.79,1.56,1h
25,1.2,1.0,atr_2x,5,0.1,True,2,50.0,1.24,0.46,2.71,1h
25,2.0,1.0,bb_mid,7,0.1,True,1,100.0,1.23,0.04,35.11,1h
25,1.2,1.0,bb_mid,5,0.3,True,2,50.0,1.23,1.37,0.9,1h
25,2.0,2.0,bb_mid,7,0.1,True,1,100.0,1.23,0.04,35.11,1h
25,2.0,1.5,bb_mid,7,0.1,True,1,100.0,1.23,0.04,35.11,1h
25,1.2,1.0,bb_mid,7,0.2,True,2,50.0,1.15,1.28,0.9,1h
25,1.2,1.5,atr_3x,3,0.1,True,2,50.0,1.15,0.4,2.89,1h
30,1.2,1.0,atr_2x,3,0.1,True,15,33.3,1.09,1.95,0.56,1h
30,1.5,1.0,atr_2x,3,0.1,True,15,33.3,1.09,1.95,0.56,1h
25,1.5,1.5,bb_mid,3,0.1,True,2,100.0,1.06,0.02,70.76,1h
25,1.5,1.0,bb_mid,3,0.1,True,2,100.0,1.06,0.02,70.76,1h
25,1.5,2.0,bb_mid,3,0.1,True,2,100.0,1.06,0.02,70.76,1h
25,2.0,2.0,bb_mid,3,0.2,True,1,100.0,1.05,0.03,35.11,1h
25,2.0,1.5,bb_mid,3,0.2,True,1,100.0,1.05,0.03,35.11,1h
25,2.0,1.0,bb_mid,3,0.2,True,1,100.0,1.05,0.03,35.11,1h
25,1.2,1.5,atr_2x,5,0.1,True,2,50.0,1.03,0.66,1.56,1h
25,2.0,1.0,atr_2x,3,0.1,True,1,100.0,1.02,0.01,68.11,1h
25,2.0,1.5,atr_2x,3,0.1,True,1,100.0,1.02,0.01,68.11,1h
25,2.0,2.0,atr_2x,3,0.1,True,1,100.0,1.02,0.01,68.11,1h
25,2.0,1.0,bb_mid,5,0.1,True,1,100.0,0.88,0.03,35.11,1h
25,2.0,2.0,bb_mid,5,0.1,True,1,100.0,0.88,0.03,35.11,1h
25,2.0,1.5,bb_mid,5,0.1,True,1,100.0,0.88,0.03,35.11,1h
25,1.2,1.0,bb_mid,5,0.2,True,2,50.0,0.83,0.91,0.91,1h
35,2.0,1.0,atr_2x,3,0.1,True,30,30.0,0.82,3.9,0.21,1h
25,1.2,1.5,bb_mid,7,0.3,True,2,50.0,0.81,2.77,0.29,1h
25,1.2,2.0,bb_mid,3,0.1,True,2,100.0,0.79,0.02,52.36,1h
25,1.2,1.0,bb_mid,3,0.3,True,2,50.0,0.75,0.82,0.91,1h
25,1.2,1.0,atr_2x,3,0.1,True,2,50.0,0.74,0.27,2.72,1h
25,1.2,1.5,atr_2x,3,0.1,True,2,50.0,0.62,0.4,1.57,1h
25,1.2,1.5,bb_mid,5,0.3,True,2,50.0,0.6,1.98,0.3,1h
25,1.2,1.0,bb_mid,7,0.1,True,2,50.0,0.58,0.64,0.91,1h
25,1.2,1.5,bb_mid,7,0.2,True,2,50.0,0.57,1.85,0.31,1h
25,2.0,2.0,bb_mid,3,0.1,True,1,100.0,0.53,0.01,35.11,1h
25,2.0,1.5,bb_mid,3,0.1,True,1,100.0,0.53,0.01,35.11,1h
25,2.0,1.0,bb_mid,3,0.1,True,1,100.0,0.53,0.01,35.11,1h
25,1.2,1.0,bb_mid,3,0.2,True,2,50.0,0.5,0.55,0.91,1h
25,1.2,1.0,bb_mid,5,0.1,True,2,50.0,0.42,0.46,0.91,1h
25,1.2,1.5,bb_mid,5,0.2,True,2,50.0,0.41,1.32,0.31,1h
25,1.2,1.5,bb_mid,3,0.3,True,2,50.0,0.37,1.19,0.31,1h
25,1.2,1.5,bb_mid,7,0.1,True,2,50.0,0.29,0.92,0.32,1h
25,1.2,1.0,bb_mid,3,0.1,True,2,50.0,0.25,0.27,0.92,1h
25,1.2,1.5,bb_mid,3,0.2,True,2,50.0,0.25,0.79,0.32,1h
25,1.2,1.5,bb_mid,5,0.1,True,2,50.0,0.21,0.66,0.32,1h
25,1.2,1.5,bb_mid,3,0.1,True,2,50.0,0.13,0.4,0.33,1h
35,2.0,2.0,atr_2x,3,0.1,True,29,44.8,-0.01,4.23,-0.0,1h
35,2.0,2.0,atr_2x,5,0.1,True,29,44.8,-0.19,7.03,-0.03,1h
35,2.0,2.0,atr_2x,3,0.2,True,29,44.8,-0.33,8.43,-0.04,1h
25,2.0,1.0,atr_2x,3,0.1,False,147,32.0,-0.38,7.52,-0.05,1h
35,2.0,2.0,atr_2x,7,0.1,True,29,44.8,-0.51,9.83,-0.05,1h
35,2.0,2.0,atr_3x,7,0.3,True,28,39.3,-0.53,23.65,-0.02,1h
35,2.0,1.5,bb_mid,3,0.1,True,29,48.3,-0.63,4.46,-0.14,1h
25,1.5,2.0,atr_3x,3,0.1,False,161,38.5,-0.64,13.33,-0.05,1h
25,1.5,2.0,atr_2x,3,0.1,False,163,46.0,-0.75,7.92,-0.1,1h
25,1.2,2.0,atr_2x,3,0.1,False,170,47.6,-0.87,10.28,-0.08,1h
25,1.2,1.0,atr_3x,3,0.1,False,186,23.7,-0.89,13.44,-0.07,1h
35,2.0,2.0,atr_2x,3,0.3,True,29,44.8,-0.97,12.61,-0.08,1h
35,2.0,2.0,bb_mid,3,0.1,True,29,58.6,-1.12,5.96,-0.19,1h
35,2.0,1.5,bb_mid,5,0.1,True,29,48.3,-1.15,7.36,-0.16,1h
25,2.0,1.0,atr_2x,5,0.1,False,147,32.0,-1.16,12.26,-0.09,1h
25,2.0,1.5,atr_3x,3,0.1,False,143,30.8,-1.19,11.92,-0.1,1h
35,2.0,2.0,atr_2x,5,0.2,True,29,44.8,-1.25,14.0,-0.09,1h
35,2.0,1.5,bb_mid,3,0.2,True,29,48.3,-1.44,8.8,-0.16,1h
25,1.5,1.5,atr_3x,7,0.2,False,168,31.0,-1.55,50.81,-0.03,1h
25,1.2,2.0,atr_3x,3,0.1,False,168,40.5,-1.58,11.56,-0.14,1h
25,2.0,1.0,atr_2x,3,0.2,False,147,32.0,-1.7,14.56,-0.12,1h
35,2.0,1.5,bb_mid,7,0.1,True,29,48.3,-1.75,10.22,-0.17,1h
35,2.0,2.0,bb_mid,5,0.1,True,29,58.6,-1.98,9.8,-0.2,1h
25,1.5,2.0,atr_2x,5,0.1,False,163,46.0,-2.22,12.89,-0.17,1h
25,2.0,1.0,atr_2x,7,0.1,False,147,32.0,-2.34,16.81,-0.14,1h
25,1.5,2.0,atr_3x,5,0.1,False,161,38.5,-2.37,21.79,-0.11,1h
35,2.0,1.5,bb_mid,3,0.3,True,29,48.3,-2.42,13.04,-0.19,1h
25,1.2,2.0,atr_2x,5,0.1,False,170,47.6,-2.44,16.71,-0.15,1h
35,2.0,2.0,bb_mid,3,0.2,True,29,58.6,-2.44,11.68,-0.21,1h
25,2.0,2.0,atr_3x,7,0.2,False,138,41.3,-2.49,45.48,-0.05,1h
25,1.2,1.0,atr_3x,5,0.1,False,186,23.7,-2.5,21.5,-0.12,1h
35,2.0,2.0,atr_2x,7,0.2,True,29,44.8,-2.71,19.49,-0.14,1h
35,2.0,1.5,bb_mid,5,0.2,True,29,48.3,-2.78,14.43,-0.19,1h
25,2.0,1.5,bb_mid,3,0.1,False,145,41.4,-2.83,11.86,-0.24,1h
35,2.0,2.0,bb_mid,7,0.1,True,29,58.6,-2.93,13.54,-0.22,1h
25,2.0,1.5,atr_3x,5,0.1,False,143,30.8,-3.03,19.64,-0.15,1h
35,2.0,2.0,atr_2x,5,0.3,True,29,44.8,-3.16,20.84,-0.15,1h
25,1.5,2.0,atr_2x,3,0.2,False,163,46.0,-3.23,15.29,-0.21,1h
25,1.5,1.5,atr_3x,5,0.3,False,168,31.0,-3.43,53.74,-0.06,1h
25,1.2,2.0,atr_2x,3,0.2,False,170,47.6,-3.5,19.8,-0.18,1h
25,1.2,1.0,atr_3x,3,0.2,False,186,23.7,-3.58,25.27,-0.14,1h
25,1.5,2.0,atr_3x,3,0.2,False,161,38.5,-3.6,25.87,-0.14,1h
25,1.5,1.5,atr_2x,3,0.1,False,169,38.5,-3.7,11.54,-0.32,1h
30,1.5,1.5,atr_3x,3,0.1,False,347,30.8,-3.72,19.02,-0.2,1h
25,2.0,1.5,atr_2x,3,0.1,False,143,38.5,-3.75,11.27,-0.33,1h
25,2.0,1.0,atr_2x,3,0.3,False,147,32.0,-3.89,21.15,-0.18,1h
25,1.2,2.0,atr_3x,5,0.1,False,168,40.5,-3.89,19.14,-0.2,1h
35,2.0,2.0,bb_mid,3,0.3,True,29,58.6,-3.98,17.17,-0.23,1h
25,2.0,2.0,bb_mid,3,0.1,False,140,51.4,-4.05,12.13,-0.33,1h
25,2.0,2.0,atr_3x,5,0.3,False,138,41.3,-4.2,48.04,-0.09,1h
25,2.0,1.5,atr_3x,3,0.2,False,143,30.8,-4.23,23.4,-0.18,1h
25,1.5,2.0,atr_2x,7,0.1,False,163,46.0,-4.41,17.63,-0.25,1h
35,2.0,1.5,bb_mid,7,0.2,True,29,48.3,-4.41,19.87,-0.22,1h
35,2.0,2.0,bb_mid,5,0.2,True,29,58.6,-4.54,18.95,-0.24,1h
25,1.2,2.0,atr_2x,7,0.1,False,170,47.6,-4.74,22.81,-0.21,1h
25,2.0,1.0,atr_2x,5,0.2,False,147,32.0,-4.8,23.25,-0.21,1h
25,1.2,1.0,atr_3x,7,0.1,False,186,23.7,-4.84,28.88,-0.17,1h
35,2.0,1.5,bb_mid,5,0.3,True,29,48.3,-4.86,21.2,-0.23,1h
25,1.5,1.5,bb_mid,3,0.1,False,170,40.0,-4.94,12.3,-0.4,1h
25,1.5,2.0,atr_3x,7,0.1,False,161,38.5,-5.07,29.85,-0.17,1h
25,1.2,2.0,atr_3x,3,0.2,False,168,40.5,-5.39,22.87,-0.24,1h
25,2.0,1.5,bb_mid,5,0.1,False,145,41.4,-5.44,19.05,-0.29,1h
25,2.0,1.5,atr_3x,7,0.1,False,143,30.8,-5.61,27.09,-0.21,1h
25,1.2,1.5,atr_3x,3,0.1,False,176,30.1,-5.7,12.62,-0.45,1h
25,1.5,1.0,atr_3x,3,0.1,False,176,22.7,-5.79,11.99,-0.48,1h
25,1.2,1.0,bb_mid,3,0.1,False,188,31.9,-6.14,9.74,-0.63,1h
35,2.0,2.0,atr_2x,7,0.3,True,29,44.8,-6.51,28.84,-0.23,1h
25,2.0,1.0,atr_3x,7,0.3,False,146,24.0,-6.7,47.56,-0.14,1h
25,2.0,1.5,atr_2x,5,0.1,False,143,38.5,-6.83,18.39,-0.37,1h
25,1.5,1.5,atr_2x,5,0.1,False,169,38.5,-6.87,18.9,-0.36,1h
25,2.0,1.5,bb_mid,3,0.2,False,145,41.4,-6.94,22.44,-0.31,1h
35,2.0,2.0,bb_mid,7,0.2,True,29,58.6,-6.98,25.81,-0.27,1h
25,1.2,2.0,atr_3x,7,0.1,False,168,40.5,-7.12,26.54,-0.27,1h
25,1.5,2.0,atr_2x,3,0.3,False,163,46.0,-7.28,22.14,-0.33,1h
25,2.0,2.0,bb_mid,5,0.1,False,140,51.4,-7.46,19.61,-0.38,1h
35,2.0,2.0,bb_mid,5,0.3,True,29,58.6,-7.65,27.46,-0.28,1h
25,1.2,2.0,atr_2x,3,0.3,False,170,47.6,-7.72,28.58,-0.27,1h
25,1.2,1.0,atr_3x,3,0.3,False,186,23.7,-7.85,35.64,-0.22,1h
25,1.2,1.0,atr_2x,3,0.1,False,187,30.5,-7.89,12.04,-0.66,1h
35,2.0,1.5,bb_mid,7,0.3,True,29,48.3,-7.91,28.91,-0.27,1h
25,1.5,1.0,bb_mid,3,0.1,False,178,31.5,-8.01,9.41,-0.85,1h
30,1.5,1.5,atr_3x,5,0.1,False,347,30.8,-8.1,30.33,-0.27,1h
25,2.0,1.5,atr_2x,3,0.2,False,143,38.5,-8.53,21.82,-0.39,1h
25,2.0,1.5,bb_mid,7,0.1,False,145,41.4,-8.56,25.71,-0.33,1h
25,1.5,1.5,atr_2x,3,0.2,False,169,38.5,-8.64,22.46,-0.38,1h
25,1.5,2.0,atr_3x,3,0.3,False,161,38.5,-8.65,37.44,-0.23,1h
30,1.5,1.5,atr_2x,3,0.1,False,356,38.2,-8.73,16.03,-0.54,1h
25,2.0,1.5,atr_3x,3,0.3,False,143,30.8,-8.88,34.2,-0.26,1h
25,1.5,1.5,bb_mid,5,0.1,False,170,40.0,-8.92,19.72,-0.45,1h
25,1.5,2.0,atr_2x,5,0.2,False,163,46.0,-8.94,24.31,-0.37,1h
35,1.2,1.0,atr_3x,3,0.1,False,643,24.4,-9.05,20.46,-0.44,1h
25,2.0,1.0,atr_2x,7,0.2,False,147,32.0,-9.25,31.19,-0.3,1h
25,2.0,2.0,bb_mid,3,0.2,False,140,51.4,-9.34,23.17,-0.4,1h
25,1.2,2.0,atr_2x,5,0.2,False,170,47.6,-9.45,31.35,-0.3,1h
25,1.2,1.0,atr_3x,5,0.2,False,186,23.7,-9.57,38.8,-0.25,1h
35,1.5,1.5,atr_2x,3,0.1,False,561,39.9,-9.96,17.42,-0.57,1h
25,1.5,1.0,atr_3x,5,0.1,False,176,22.7,-10.3,19.26,-0.53,1h
25,2.0,1.5,atr_2x,7,0.1,False,143,38.5,-10.32,25.17,-0.41,1h
25,1.2,1.5,atr_3x,5,0.1,False,176,30.1,-10.44,20.9,-0.5,1h
25,1.5,1.5,atr_2x,7,0.1,False,169,38.5,-10.52,25.94,-0.41,1h
25,2.0,1.0,atr_2x,5,0.3,False,147,32.0,-10.55,33.06,-0.32,1h
25,1.2,1.0,bb_mid,5,0.1,False,188,31.9,-10.66,15.8,-0.67,1h
25,1.5,2.0,atr_3x,5,0.2,False,161,38.5,-10.73,41.06,-0.26,1h
25,2.0,1.5,atr_3x,5,0.2,False,143,30.8,-10.73,37.62,-0.29,1h
30,1.5,1.5,atr_3x,3,0.2,False,347,30.8,-10.77,35.56,-0.3,1h
25,1.5,1.0,atr_2x,3,0.1,False,177,29.9,-10.9,12.95,-0.84,1h
25,1.2,1.5,atr_2x,3,0.1,False,177,37.3,-10.99,14.7,-0.75,1h
25,1.5,2.0,bb_mid,3,0.1,False,163,48.5,-11.02,12.83,-0.86,1h
25,1.5,1.5,bb_mid,3,0.2,False,170,40.0,-11.1,23.22,-0.48,1h
35,1.2,1.0,atr_2x,3,0.1,False,666,31.4,-11.15,17.12,-0.65,1h
25,1.2,2.0,atr_3x,3,0.3,False,168,40.5,-11.16,33.68,-0.33,1h
25,2.0,2.0,bb_mid,7,0.1,False,140,51.4,-11.34,26.61,-0.43,1h
25,1.2,1.5,bb_mid,3,0.1,False,178,38.8,-11.91,12.74,-0.93,1h
35,2.0,2.0,bb_mid,7,0.3,True,29,58.6,-12.04,36.86,-0.33,1h
25,2.0,1.5,bb_mid,3,0.3,False,145,41.4,-12.13,31.87,-0.38,1h
25,1.2,2.0,bb_mid,3,0.1,False,170,50.0,-12.66,13.49,-0.94,1h
25,1.5,1.0,atr_3x,3,0.2,False,176,22.7,-12.71,22.7,-0.56,1h
25,1.2,1.0,bb_mid,3,0.2,False,188,31.9,-13.01,18.71,-0.7,1h
25,1.2,1.5,atr_3x,3,0.2,False,176,30.1,-13.03,24.96,-0.52,1h
35,1.5,1.5,atr_3x,3,0.1,False,530,31.5,-13.09,26.13,-0.5,1h
30,1.2,1.0,atr_2x,3,0.1,False,411,29.4,-13.25,17.58,-0.75,1h
25,1.2,1.0,atr_2x,5,0.1,False,187,30.5,-13.35,19.34,-0.69,1h
25,1.5,1.5,bb_mid,7,0.1,False,170,40.0,-13.37,26.58,-0.5,1h
25,1.2,2.0,atr_3x,5,0.2,False,168,40.5,-13.45,37.13,-0.36,1h
25,1.5,1.0,bb_mid,5,0.1,False,178,31.5,-13.57,15.3,-0.89,1h
30,1.5,1.5,atr_3x,7,0.1,False,347,30.8,-13.71,40.51,-0.34,1h
25,2.0,1.5,bb_mid,5,0.2,False,145,41.4,-14.06,34.78,-0.4,1h
25,2.0,1.5,atr_2x,3,0.3,False,143,38.5,-14.16,31.6,-0.45,1h
25,1.5,1.5,atr_2x,3,0.3,False,169,38.5,-14.59,32.65,-0.45,1h
30,1.2,1.5,atr_3x,3,0.1,False,373,30.3,-15.03,20.1,-0.75,1h
25,1.5,1.0,atr_3x,7,0.1,False,176,22.7,-15.21,26.01,-0.58,1h
30,1.5,1.5,atr_2x,5,0.1,False,356,38.2,-15.33,25.75,-0.6,1h
35,1.5,2.0,atr_2x,3,0.1,False,524,46.0,-15.37,22.22,-0.69,1h
25,1.2,1.0,bb_mid,7,0.1,False,188,31.9,-15.41,21.53,-0.72,1h
25,2.0,2.0,bb_mid,3,0.3,False,140,51.4,-15.64,33.16,-0.47,1h
25,1.2,1.5,atr_3x,7,0.1,False,176,30.1,-15.76,28.94,-0.54,1h
35,1.5,2.0,atr_3x,3,0.1,False,494,38.1,-15.98,23.29,-0.69,1h
25,1.2,1.0,atr_2x,3,0.2,False,187,30.5,-16.11,22.79,-0.71,1h
25,2.0,1.5,atr_2x,5,0.2,False,143,38.5,-16.19,34.68,-0.47,1h
25,1.5,1.0,bb_mid,3,0.2,False,178,31.5,-16.39,18.12,-0.9,1h
35,1.5,1.0,atr_3x,3,0.1,False,576,23.3,-16.39,21.59,-0.76,1h
35,1.2,1.0,atr_3x,5,0.1,False,643,24.4,-16.61,31.97,-0.52,1h
30,1.2,1.0,atr_3x,3,0.1,False,403,21.8,-16.62,16.98,-0.98,1h
35,1.5,1.0,atr_2x,3,0.1,False,600,30.5,-16.69,20.04,-0.83,1h
25,1.5,1.5,atr_2x,5,0.2,False,169,38.5,-16.75,35.86,-0.47,1h
25,1.5,2.0,atr_2x,7,0.2,False,163,46.0,-16.92,32.83,-0.52,1h
30,2.0,1.0,atr_2x,3,0.1,False,303,26.4,-17.12,17.8,-0.96,1h
25,2.0,2.0,atr_3x,7,0.3,False,138,41.3,-17.56,61.65,-0.28,1h
35,1.5,1.5,atr_2x,5,0.1,False,561,39.9,-17.65,27.57,-0.64,1h
25,1.2,2.0,atr_2x,7,0.2,False,170,47.6,-17.68,41.64,-0.42,1h
25,1.2,1.0,atr_3x,7,0.2,False,186,23.7,-17.68,50.11,-0.35,1h
25,2.0,2.0,bb_mid,5,0.2,False,140,51.4,-17.92,36.26,-0.49,1h
30,1.2,1.5,atr_2x,3,0.1,False,381,37.8,-17.94,17.93,-1.0,1h
25,1.5,1.0,atr_2x,5,0.1,False,177,29.9,-17.96,20.98,-0.86,1h
25,1.5,1.5,atr_3x,7,0.3,False,168,31.0,-17.98,68.85,-0.26,1h
25,1.5,1.5,bb_mid,3,0.3,False,170,40.0,-18.18,32.91,-0.55,1h
25,1.2,1.5,atr_2x,5,0.1,False,177,37.3,-18.31,23.76,-0.77,1h
25,1.5,2.0,bb_mid,5,0.1,False,163,48.5,-18.48,20.69,-0.89,1h
30,1.5,1.5,atr_2x,3,0.2,False,356,38.2,-18.78,30.32,-0.62,1h
35,1.2,2.0,atr_2x,3,0.1,False,566,46.3,-18.86,22.24,-0.85,1h
25,1.2,1.0,atr_2x,7,0.1,False,187,30.5,-18.88,26.2,-0.72,1h
25,1.5,2.0,atr_2x,5,0.3,False,163,46.0,-19.19,35.45,-0.54,1h
35,1.2,1.0,atr_2x,5,0.1,False,666,31.4,-19.21,27.1,-0.71,1h
25,1.5,1.0,bb_mid,7,0.1,False,178,31.5,-19.21,20.98,-0.92,1h
25,2.0,1.5,atr_3x,7,0.2,False,143,30.8,-19.37,50.25,-0.39,1h
25,2.0,1.0,atr_2x,7,0.3,False,147,32.0,-19.57,43.41,-0.45,1h
35,1.2,2.0,atr_3x,3,0.1,False,536,38.6,-19.6,29.43,-0.67,1h
30,1.5,1.5,bb_mid,3,0.1,False,361,41.6,-19.63,19.62,-1.0,1h
30,2.0,1.0,atr_3x,3,0.1,False,297,17.8,-19.67,20.49,-0.96,1h
30,2.0,1.0,bb_mid,3,0.1,False,306,27.8,-19.69,19.69,-1.0,1h
25,1.2,1.5,bb_mid,5,0.1,False,178,38.8,-19.79,21.05,-0.94,1h
25,1.2,1.0,atr_3x,5,0.3,False,186,23.7,-19.95,52.62,-0.38,1h
25,1.2,2.0,atr_2x,5,0.3,False,170,47.6,-20.02,44.03,-0.45,1h
35,2.0,1.5,atr_3x,3,0.1,False,414,30.4,-20.11,23.0,-0.87,1h
35,1.2,1.5,atr_2x,3,0.1,False,613,39.3,-20.21,22.92,-0.88,1h
30,1.5,1.5,atr_3x,3,0.3,False,347,30.8,-20.26,49.58,-0.41,1h
25,1.2,1.0,bb_mid,3,0.3,False,188,31.9,-20.35,26.94,-0.76,1h
25,1.5,1.0,atr_3x,3,0.3,False,176,22.7,-20.4,32.25,-0.63,1h
35,1.2,1.0,bb_mid,3,0.1,False,677,35.0,-20.53,22.04,-0.93,1h
25,1.5,2.0,atr_3x,7,0.2,False,161,38.5,-20.66,54.23,-0.38,1h
25,1.5,1.5,bb_mid,5,0.2,False,170,40.0,-20.69,35.89,-0.58,1h
35,1.2,1.0,atr_3x,3,0.2,False,643,24.4,-20.69,37.16,-0.56,1h
30,1.5,1.0,atr_2x,3,0.1,False,377,27.6,-20.78,24.1,-0.86,1h
30,2.0,1.5,atr_2x,3,0.1,False,288,35.1,-20.94,20.93,-1.0,1h
25,1.2,2.0,bb_mid,5,0.1,False,170,50.0,-20.98,22.22,-0.94,1h
35,2.0,1.0,atr_3x,3,0.1,False,443,21.0,-21.12,25.63,-0.82,1h
25,1.5,1.0,atr_2x,3,0.2,False,177,29.9,-21.41,24.81,-0.86,1h
25,1.2,1.5,atr_3x,3,0.3,False,176,30.1,-21.52,36.62,-0.59,1h
35,1.5,1.5,atr_2x,3,0.2,False,561,39.9,-21.7,32.24,-0.67,1h
25,2.0,1.5,atr_3x,5,0.3,False,143,30.8,-21.77,53.14,-0.41,1h
35,2.0,2.0,atr_3x,3,0.1,False,397,38.0,-21.9,23.07,-0.95,1h
25,1.2,1.5,atr_2x,3,0.2,False,177,37.3,-21.93,28.07,-0.78,1h
30,1.2,1.0,atr_2x,5,0.1,False,411,29.4,-21.99,28.07,-0.78,1h
25,1.5,2.0,bb_mid,3,0.2,False,163,48.5,-22.2,24.41,-0.91,1h
30,1.5,1.5,atr_2x,7,0.1,False,356,38.2,-22.31,34.69,-0.64,1h
25,2.0,1.5,bb_mid,7,0.2,False,145,41.4,-22.56,45.34,-0.5,1h
35,1.2,1.5,atr_3x,3,0.1,False,583,31.4,-22.7,30.61,-0.74,1h
25,1.2,1.0,bb_mid,5,0.2,False,188,31.9,-22.86,29.53,-0.77,1h
35,1.5,1.5,atr_3x,5,0.1,False,530,31.5,-22.91,40.47,-0.57,1h
25,1.5,1.0,atr_3x,5,0.2,False,176,22.7,-23.07,35.45,-0.65,1h
35,1.2,1.0,atr_2x,3,0.2,False,666,31.4,-23.34,31.69,-0.74,1h
30,2.0,1.5,atr_3x,3,0.1,False,283,26.9,-23.36,23.94,-0.98,1h
25,1.5,2.0,atr_3x,5,0.3,False,161,38.5,-23.45,57.19,-0.41,1h
30,1.2,1.0,bb_mid,3,0.1,False,410,31.0,-23.55,23.87,-0.99,1h
30,1.5,2.0,atr_2x,3,0.1,False,340,41.8,-23.6,24.79,-0.95,1h
25,1.2,1.5,bb_mid,3,0.2,False,178,38.8,-23.67,25.11,-0.94,1h
30,1.5,1.5,atr_3x,5,0.2,False,347,30.8,-23.8,53.71,-0.44,1h
25,1.2,2.0,atr_3x,7,0.2,False,168,40.5,-24.02,50.03,-0.48,1h
25,1.2,1.0,atr_2x,3,0.3,False,187,30.5,-24.42,32.78,-0.75,1h
25,1.2,1.5,atr_3x,5,0.2,False,176,30.1,-24.51,40.31,-0.61,1h
25,1.5,1.0,atr_2x,7,0.1,False,177,29.9,-24.81,28.51,-0.87,1h
25,2.0,1.5,bb_mid,5,0.3,False,145,41.4,-24.83,47.73,-0.52,1h
25,1.5,1.0,bb_mid,3,0.3,False,178,31.5,-24.87,26.97,-0.92,1h
25,2.0,1.5,atr_2x,7,0.2,False,143,38.5,-24.88,46.09,-0.54,1h
35,1.2,1.0,atr_3x,7,0.1,False,643,24.4,-24.92,41.99,-0.59,1h
25,1.2,2.0,bb_mid,3,0.2,False,170,50.0,-25.06,26.47,-0.95,1h
35,1.5,1.5,bb_mid,3,0.1,False,575,44.3,-25.21,27.36,-0.92,1h
30,1.2,1.5,atr_3x,5,0.1,False,373,30.3,-25.4,31.95,-0.79,1h
25,1.2,1.5,atr_2x,7,0.1,False,177,37.3,-25.51,32.21,-0.79,1h
30,1.2,1.5,bb_mid,3,0.1,False,385,41.6,-25.63,26.12,-0.98,1h
35,1.5,1.5,atr_2x,7,0.1,False,561,39.9,-25.83,36.66,-0.7,1h
30,1.5,2.0,atr_3x,3,0.1,False,330,33.6,-25.88,31.93,-0.81,1h
25,1.5,2.0,bb_mid,7,0.1,False,163,48.5,-25.89,28.0,-0.92,1h
35,1.5,2.0,atr_2x,5,0.1,False,524,46.0,-26.04,35.17,-0.74,1h
25,1.5,1.5,atr_2x,7,0.2,False,169,38.5,-26.07,47.97,-0.54,1h
30,1.2,1.0,atr_2x,3,0.2,False,411,29.4,-26.27,32.99,-0.8,1h
30,2.0,2.0,atr_2x,3,0.1,False,279,40.5,-26.49,27.03,-0.98,1h
35,2.0,1.0,atr_2x,3,0.1,False,460,27.6,-26.56,28.53,-0.93,1h
35,2.0,1.5,atr_2x,3,0.1,False,432,36.8,-26.77,28.09,-0.95,1h
35,2.0,2.0,atr_2x,3,0.1,False,414,43.7,-26.84,30.06,-0.89,1h
25,1.2,2.0,atr_3x,5,0.3,False,168,40.5,-26.92,53.01,-0.51,1h
30,2.0,1.5,bb_mid,3,0.1,False,296,37.5,-26.97,26.96,-1.0,1h
25,2.0,1.5,atr_2x,5,0.3,False,143,38.5,-27.16,48.72,-0.56,1h
25,1.2,1.0,atr_2x,5,0.2,False,187,30.5,-27.18,35.91,-0.76,1h
35,1.5,1.0,atr_3x,5,0.1,False,576,23.3,-27.3,33.53,-0.81,1h
35,1.5,1.0,atr_2x,5,0.1,False,600,30.5,-27.31,31.89,-0.86,1h
30,1.2,1.0,atr_3x,5,0.1,False,403,21.8,-27.34,27.85,-0.98,1h
30,2.0,1.0,atr_2x,5,0.1,False,303,26.4,-27.44,28.33,-0.97,1h
35,1.2,1.0,atr_2x,7,0.1,False,666,31.4,-27.48,36.04,-0.76,1h
25,1.2,1.5,bb_mid,7,0.1,False,178,38.8,-27.49,29.08,-0.95,1h
35,1.5,2.0,atr_3x,5,0.1,False,494,38.1,-27.51,36.85,-0.75,1h
25,2.0,2.0,bb_mid,7,0.2,False,140,51.4,-27.69,47.61,-0.58,1h
25,1.5,1.0,bb_mid,5,0.2,False,178,31.5,-27.69,29.93,-0.93,1h
30,1.5,1.0,atr_3x,3,0.1,False,369,19.5,-27.75,27.75,-1.0,1h
35,2.0,1.0,bb_mid,3,0.1,False,467,30.6,-27.89,28.89,-0.97,1h
35,1.5,1.5,atr_3x,3,0.2,False,530,31.5,-27.95,46.78,-0.6,1h
35,1.5,1.0,bb_mid,3,0.1,False,610,33.1,-28.28,29.64,-0.95,1h
35,1.2,1.5,bb_mid,3,0.1,False,628,45.1,-28.36,30.22,-0.94,1h
30,1.2,2.0,atr_2x,3,0.1,False,362,42.3,-28.43,29.55,-0.96,1h
25,1.5,1.5,atr_2x,5,0.3,False,169,38.5,-28.52,50.81,-0.56,1h
25,1.2,2.0,bb_mid,7,0.1,False,170,50.0,-29.07,30.62,-0.95,1h
30,1.2,1.5,atr_2x,5,0.1,False,381,37.8,-29.11,29.1,-1.0,1h
30,1.5,1.5,atr_2x,3,0.3,False,356,38.2,-29.5,42.85,-0.69,1h
25,2.0,2.0,bb_mid,5,0.3,False,140,51.4,-30.24,50.2,-0.6,1h
30,1.2,1.0,atr_2x,7,0.1,False,411,29.4,-30.47,37.68,-0.81,1h
30,1.2,1.5,atr_3x,3,0.2,False,373,30.3,-30.54,37.39,-0.82,1h
35,2.0,1.5,bb_mid,3,0.1,False,449,41.6,-31.01,32.72,-0.95,1h
35,1.2,2.0,atr_2x,5,0.1,False,566,46.3,-31.15,35.8,-0.87,1h
30,2.0,1.0,bb_mid,5,0.1,False,306,27.8,-31.16,31.16,-1.0,1h
25,1.5,1.5,bb_mid,7,0.2,False,170,40.0,-31.19,46.66,-0.67,1h
30,2.0,2.0,atr_3x,3,0.1,False,273,32.6,-31.32,32.2,-0.97,1h
35,1.5,2.0,atr_2x,3,0.2,False,524,46.0,-31.35,41.08,-0.76,1h
30,1.5,1.5,bb_mid,5,0.1,False,361,41.6,-31.37,31.36,-1.0,1h
25,1.5,1.0,atr_2x,3,0.3,False,177,29.9,-31.38,35.55,-0.88,1h
30,2.0,1.0,atr_3x,5,0.1,False,297,17.8,-31.42,32.55,-0.97,1h
30,1.5,1.0,bb_mid,3,0.1,False,378,28.3,-31.42,31.42,-1.0,1h
30,2.0,1.0,atr_2x,3,0.2,False,303,26.4,-32.27,33.25,-0.97,1h
30,2.0,2.0,bb_mid,3,0.1,False,287,45.3,-32.3,32.56,-0.99,1h
35,1.5,1.0,atr_2x,3,0.2,False,600,30.5,-32.39,37.35,-0.87,1h
30,1.2,1.0,atr_3x,3,0.2,False,403,21.8,-32.5,33.06,-0.98,1h
30,1.2,2.0,atr_3x,3,0.1,False,352,34.4,-32.51,37.48,-0.87,1h
25,1.2,1.5,atr_2x,3,0.3,False,177,37.3,-32.52,40.03,-0.81,1h
35,2.0,1.5,atr_3x,5,0.1,False,414,30.4,-32.58,35.87,-0.91,1h
35,1.5,1.0,atr_3x,3,0.2,False,576,23.3,-32.62,38.86,-0.84,1h
35,1.2,1.0,bb_mid,5,0.1,False,677,35.0,-32.75,34.85,-0.94,1h
35,1.2,2.0,atr_3x,5,0.1,False,536,38.6,-32.75,45.46,-0.72,1h
35,1.2,1.5,atr_2x,5,0.1,False,613,39.3,-32.75,36.49,-0.9,1h
30,1.5,1.0,atr_2x,5,0.1,False,377,27.6,-32.86,37.29,-0.88,1h
35,1.2,2.0,bb_mid,3,0.1,False,589,53.1,-32.99,34.77,-0.95,1h
25,1.2,1.0,bb_mid,7,0.2,False,188,31.9,-33.0,39.16,-0.84,1h
35,1.5,1.5,atr_3x,7,0.1,False,530,31.5,-33.01,52.56,-0.63,1h
30,1.5,1.5,atr_2x,5,0.2,False,356,38.2,-33.11,46.64,-0.71,1h
30,2.0,1.5,atr_2x,5,0.1,False,288,35.1,-33.11,33.09,-1.0,1h
25,1.5,2.0,bb_mid,3,0.3,False,163,48.5,-33.15,35.02,-0.95,1h
35,1.5,2.0,bb_mid,3,0.1,False,541,52.1,-33.27,34.34,-0.97,1h
35,1.5,2.0,atr_3x,3,0.2,False,494,38.1,-33.29,43.03,-0.77,1h
30,1.5,2.0,bb_mid,3,0.1,False,347,47.3,-33.57,33.83,-0.99,1h
35,1.2,1.0,atr_3x,3,0.3,False,643,24.4,-33.61,50.67,-0.66,1h
35,2.0,2.0,bb_mid,3,0.1,False,432,50.5,-33.67,34.98,-0.96,1h
35,2.0,1.0,atr_3x,5,0.1,False,443,21.0,-33.71,39.44,-0.85,1h
25,1.5,1.5,bb_mid,5,0.3,False,170,40.0,-33.87,49.09,-0.69,1h
25,1.5,1.0,atr_3x,7,0.2,False,176,22.7,-33.99,47.39,-0.72,1h
35,1.5,1.5,atr_2x,3,0.3,False,561,39.9,-34.2,45.0,-0.76,1h
25,1.5,2.0,atr_2x,7,0.3,False,163,46.0,-34.25,50.74,-0.68,1h
30,1.2,1.5,atr_2x,3,0.2,False,381,37.8,-34.4,34.38,-1.0,1h
25,1.5,1.0,atr_2x,5,0.2,False,177,29.9,-34.56,38.88,-0.89,1h
25,1.2,1.0,atr_3x,7,0.3,False,186,23.7,-34.71,65.46,-0.53,1h
25,1.2,1.5,bb_mid,3,0.3,False,178,38.8,-34.93,36.75,-0.95,1h
30,1.2,2.0,bb_mid,3,0.1,False,369,48.2,-35.24,35.68,-0.99,1h
35,2.0,2.0,atr_3x,5,0.1,False,397,38.0,-35.27,36.85,-0.96,1h
25,1.2,2.0,atr_2x,7,0.3,False,170,47.6,-35.44,56.84,-0.62,1h
25,1.2,1.0,bb_mid,5,0.3,False,188,31.9,-35.53,41.39,-0.86,1h
30,1.2,1.5,atr_3x,7,0.1,False,373,30.3,-35.59,42.52,-0.84,1h
35,1.2,1.0,atr_2x,3,0.3,False,666,31.4,-35.72,44.01,-0.81,1h
25,1.2,1.5,atr_2x,5,0.2,False,177,37.3,-35.93,43.7,-0.82,1h
30,2.0,1.0,bb_mid,3,0.2,False,306,27.8,-36.42,36.42,-1.0,1h
35,1.5,2.0,atr_2x,7,0.1,False,524,46.0,-36.57,46.61,-0.78,1h
35,1.2,1.5,atr_3x,5,0.1,False,583,31.4,-36.65,46.43,-0.79,1h
25,1.5,2.0,bb_mid,5,0.2,False,163,48.5,-36.69,38.65,-0.95,1h
30,1.2,1.0,bb_mid,5,0.1,False,410,31.0,-36.71,37.15,-0.99,1h
25,1.5,1.0,atr_3x,5,0.3,False,176,22.7,-36.72,50.13,-0.73,1h
30,2.0,1.5,atr_3x,5,0.1,False,283,26.9,-36.78,37.53,-0.98,1h
30,1.5,1.5,bb_mid,3,0.2,False,361,41.6,-36.81,36.8,-1.0,1h
25,1.2,2.0,bb_mid,3,0.3,False,170,50.0,-36.83,38.59,-0.95,1h
25,1.2,1.5,atr_3x,7,0.2,False,176,30.1,-36.86,53.87,-0.68,1h
30,2.0,1.0,atr_3x,3,0.2,False,297,17.8,-36.86,38.09,-0.97,1h
30,2.0,1.0,atr_2x,7,0.1,False,303,26.4,-36.87,37.93,-0.97,1h
35,1.2,2.0,atr_2x,3,0.2,False,566,46.3,-37.05,42.08,-0.88,1h
30,1.5,2.0,atr_2x,5,0.1,False,340,41.8,-37.23,38.81,-0.96,1h
25,2.0,1.5,atr_3x,7,0.3,False,143,30.8,-37.24,68.1,-0.55,1h
35,1.5,1.0,atr_2x,7,0.1,False,600,30.5,-37.3,42.61,-0.88,1h
30,1.2,1.0,atr_3x,7,0.1,False,403,21.8,-37.48,38.09,-0.98,1h
35,1.5,1.0,atr_3x,7,0.1,False,576,23.3,-37.8,43.79,-0.86,1h
25,1.2,1.0,atr_2x,7,0.2,False,187,30.5,-37.98,47.42,-0.8,1h
35,1.2,1.0,atr_3x,5,0.2,False,643,24.4,-37.99,54.56,-0.7,1h
35,1.5,1.5,atr_2x,5,0.2,False,561,39.9,-38.37,48.97,-0.78,1h
30,1.5,1.0,atr_2x,3,0.2,False,377,27.6,-38.38,43.12,-0.89,1h
35,1.2,1.0,bb_mid,3,0.2,False,677,35.0,-38.39,40.69,-0.94,1h
35,2.0,1.5,atr_3x,3,0.2,False,414,30.4,-38.44,41.63,-0.92,1h
25,1.2,1.5,bb_mid,5,0.2,False,178,38.8,-38.52,40.42,-0.95,1h
30,1.2,1.0,atr_2x,3,0.3,False,411,29.4,-38.58,46.36,-0.83,1h
35,1.2,1.5,atr_2x,3,0.2,False,613,39.3,-38.64,42.69,-0.9,1h
30,2.0,1.5,atr_2x,3,0.2,False,288,35.1,-38.67,38.65,-1.0,1h
25,1.5,1.0,bb_mid,7,0.2,False,178,31.5,-38.69,41.32,-0.94,1h
30,1.5,1.5,atr_3x,7,0.2,False,347,30.8,-38.85,67.69,-0.57,1h
35,1.5,2.0,atr_3x,7,0.1,False,494,38.1,-38.99,49.0,-0.8,1h
25,2.0,1.5,bb_mid,7,0.3,False,145,41.4,-39.09,60.21,-0.65,1h
35,1.2,2.0,atr_3x,3,0.2,False,536,38.6,-39.1,52.41,-0.75,1h
35,1.5,1.5,bb_mid,5,0.1,False,575,44.3,-39.34,42.17,-0.93,1h
30,1.2,1.5,atr_2x,7,0.1,False,381,37.8,-39.47,39.45,-1.0,1h
35,2.0,1.0,atr_3x,3,0.2,False,443,21.0,-39.5,45.48,-0.87,1h
30,1.2,1.5,bb_mid,5,0.1,False,385,41.6,-39.76,40.41,-0.98,1h
35,1.2,1.0,atr_2x,5,0.2,False,666,31.4,-39.77,47.67,-0.83,1h
25,1.2,1.5,atr_3x,5,0.3,False,176,30.1,-39.95,56.94,-0.7,1h
25,1.2,2.0,bb_mid,5,0.2,False,170,50.0,-40.56,42.4,-0.96,1h
25,1.2,1.0,atr_2x,5,0.3,False,187,30.5,-40.6,50.05,-0.81,1h
30,1.5,2.0,atr_3x,5,0.1,False,330,33.6,-40.67,48.21,-0.84,1h
35,2.0,1.0,atr_2x,5,0.1,False,460,27.6,-40.84,43.45,-0.94,1h
30,2.0,2.0,atr_2x,5,0.1,False,279,40.5,-40.92,41.64,-0.98,1h
25,2.0,1.5,atr_2x,7,0.3,False,143,38.5,-41.14,62.7,-0.66,1h
35,2.0,1.5,atr_2x,5,0.1,False,432,36.8,-41.35,43.09,-0.96,1h
25,1.5,1.0,bb_mid,5,0.3,False,178,31.5,-41.35,44.04,-0.94,1h
30,2.0,1.0,bb_mid,7,0.1,False,306,27.8,-41.36,41.36,-1.0,1h
30,2.0,1.5,bb_mid,5,0.1,False,296,37.5,-41.39,41.37,-1.0,1h
25,1.5,2.0,atr_3x,7,0.3,False,161,38.5,-41.45,72.23,-0.57,1h
35,2.0,2.0,atr_3x,3,0.2,False,397,38.0,-41.48,43.16,-0.96,1h
35,2.0,2.0,atr_2x,5,0.1,False,414,43.7,-41.66,45.48,-0.92,1h
30,1.5,1.5,bb_mid,7,0.1,False,361,41.6,-41.96,41.94,-1.0,1h
30,2.0,1.0,atr_3x,7,0.1,False,297,17.8,-41.99,43.3,-0.97,1h
30,1.2,1.0,atr_2x,5,0.2,False,411,29.4,-42.46,50.35,-0.84,1h
35,2.0,1.0,bb_mid,5,0.1,False,467,30.6,-42.57,43.87,-0.97,1h
30,1.2,1.0,bb_mid,3,0.2,False,410,31.0,-42.58,43.06,-0.99,1h
30,1.5,1.0,atr_3x,5,0.1,False,369,19.5,-42.63,42.63,-1.0,1h
30,1.5,1.5,atr_3x,5,0.3,False,347,30.8,-42.66,70.6,-0.6,1h
35,1.2,2.0,atr_2x,7,0.1,False,566,46.3,-42.73,48.0,-0.89,1h
30,2.0,1.5,atr_3x,3,0.2,False,283,26.9,-42.84,43.63,-0.98,1h
35,1.5,1.5,atr_3x,3,0.3,False,530,31.5,-42.96,62.6,-0.69,1h
35,1.2,1.5,atr_3x,3,0.2,False,583,31.4,-43.11,53.15,-0.81,1h
35,1.5,1.0,bb_mid,5,0.1,False,610,33.1,-43.24,45.01,-0.96,1h
30,1.5,2.0,atr_2x,3,0.2,False,340,41.8,-43.39,45.07,-0.96,1h
25,1.5,1.5,atr_2x,7,0.3,False,169,38.5,-43.49,65.77,-0.66,1h
30,1.5,1.0,atr_2x,7,0.1,False,377,27.6,-43.56,48.49,-0.9,1h
35,1.2,1.5,bb_mid,5,0.1,False,628,45.1,-43.59,46.01,-0.95,1h
35,1.2,1.0,bb_mid,7,0.1,False,677,35.0,-43.71,46.14,-0.95,1h
30,1.2,2.0,atr_2x,5,0.1,False,362,42.3,-43.75,45.17,-0.97,1h
30,2.0,1.5,atr_2x,7,0.1,False,288,35.1,-43.88,43.86,-1.0,1h
35,2.0,1.5,atr_3x,7,0.1,False,414,30.4,-44.0,47.06,-0.94,1h
35,1.2,1.5,atr_2x,7,0.1,False,613,39.3,-44.23,48.5,-0.91,1h
35,2.0,1.0,atr_3x,7,0.1,False,443,21.0,-44.96,51.0,-0.88,1h
25,1.2,2.0,atr_3x,7,0.3,False,168,40.5,-45.17,68.83,-0.66,1h
35,1.2,2.0,atr_3x,7,0.1,False,536,38.6,-45.21,58.69,-0.77,1h
30,1.2,1.5,atr_3x,3,0.3,False,373,30.3,-45.29,51.85,-0.87,1h
30,2.0,1.0,atr_2x,3,0.3,False,303,26.4,-45.41,46.56,-0.98,1h
35,1.5,1.5,bb_mid,3,0.2,False,575,44.3,-45.62,48.64,-0.94,1h
25,2.0,2.0,bb_mid,7,0.3,False,140,51.4,-45.79,63.72,-0.72,1h
30,1.2,1.5,bb_mid,3,0.2,False,385,41.6,-45.99,46.69,-0.98,1h
25,1.5,1.0,atr_2x,7,0.2,False,177,29.9,-46.45,50.98,-0.91,1h
35,1.5,1.0,atr_2x,3,0.3,False,600,30.5,-46.53,52.26,-0.89,1h
35,1.5,2.0,atr_2x,3,0.3,False,524,46.0,-46.61,56.58,-0.82,1h
35,2.0,1.5,bb_mid,5,0.1,False,449,41.6,-46.8,48.98,-0.96,1h
30,1.2,1.0,atr_3x,3,0.3,False,403,21.8,-46.87,47.53,-0.99,1h
35,2.0,1.0,atr_2x,3,0.2,False,460,27.6,-47.06,49.84,-0.94,1h
30,1.5,1.0,bb_mid,5,0.1,False,378,28.3,-47.13,47.13,-1.0,1h
30,2.0,2.0,atr_2x,3,0.2,False,279,40.5,-47.24,48.01,-0.98,1h
30,1.5,1.5,atr_2x,7,0.2,False,356,38.2,-47.25,59.97,-0.79,1h
30,1.5,2.0,atr_3x,3,0.2,False,330,33.6,-47.28,55.06,-0.86,1h
35,2.0,2.0,atr_3x,7,0.1,False,397,38.0,-47.32,49.08,-0.96,1h
30,2.0,2.0,atr_3x,5,0.1,False,273,32.6,-47.44,48.51,-0.98,1h
35,1.5,1.0,atr_3x,3,0.3,False,576,23.3,-47.61,52.58,-0.91,1h
30,2.0,1.5,bb_mid,3,0.2,False,296,37.5,-47.65,47.64,-1.0,1h
35,2.0,1.5,atr_2x,3,0.2,False,432,36.8,-47.73,49.58,-0.96,1h
35,1.5,1.5,atr_3x,5,0.2,False,530,31.5,-47.76,66.93,-0.71,1h
30,1.2,1.0,bb_mid,7,0.1,False,410,31.0,-48.02,48.51,-0.99,1h
35,2.0,2.0,atr_2x,3,0.2,False,414,43.7,-48.18,52.02,-0.93,1h
30,2.0,2.0,bb_mid,5,0.1,False,287,45.3,-48.46,48.8,-0.99,1h
30,2.0,1.5,atr_3x,7,0.1,False,283,26.9,-48.46,49.27,-0.98,1h
25,1.2,1.5,atr_2x,7,0.2,False,177,37.3,-48.77,56.81,-0.86,1h
35,2.0,1.0,bb_mid,3,0.2,False,467,30.6,-48.88,50.27,-0.97,1h
30,1.2,1.5,atr_2x,3,0.3,False,381,37.8,-48.9,48.87,-1.0,1h
30,1.5,1.0,atr_3x,3,0.2,False,369,19.5,-49.08,49.08,-1.0,1h
30,1.5,2.0,atr_2x,7,0.1,False,340,41.8,-49.12,50.85,-0.97,1h
35,1.2,1.5,atr_3x,7,0.1,False,583,31.4,-49.19,59.14,-0.83,1h
25,1.5,1.0,atr_2x,5,0.3,False,177,29.9,-49.2,53.7,-0.92,1h
30,1.2,2.0,atr_3x,5,0.1,False,352,34.4,-49.3,55.1,-0.89,1h
30,2.0,1.0,atr_2x,5,0.2,False,303,26.4,-49.36,50.53,-0.98,1h
35,1.5,1.0,bb_mid,3,0.2,False,610,33.1,-49.69,51.57,-0.96,1h
35,1.2,2.0,bb_mid,5,0.1,False,589,53.1,-49.7,51.87,-0.96,1h
25,1.5,1.5,bb_mid,7,0.3,False,170,40.0,-49.74,61.69,-0.81,1h
30,1.2,1.5,atr_3x,5,0.2,False,373,30.3,-49.88,56.06,-0.89,1h
35,1.5,2.0,atr_3x,3,0.3,False,494,38.1,-49.89,59.71,-0.84,1h
35,1.5,2.0,bb_mid,5,0.1,False,541,52.1,-49.98,51.3,-0.97,1h
25,1.5,2.0,bb_mid,7,0.2,False,163,48.5,-50.05,52.19,-0.96,1h
25,1.2,1.0,bb_mid,7,0.3,False,188,31.9,-50.13,53.4,-0.94,1h
30,1.5,2.0,bb_mid,5,0.1,False,347,47.3,-50.14,50.47,-0.99,1h
35,1.2,1.5,bb_mid,3,0.2,False,628,45.1,-50.2,52.74,-0.95,1h
35,2.0,2.0,bb_mid,5,0.1,False,432,50.5,-50.33,51.94,-0.97,1h
30,2.0,1.0,bb_mid,3,0.3,False,306,27.8,-50.36,50.36,-1.0,1h
30,1.2,2.0,atr_2x,3,0.2,False,362,42.3,-50.4,51.87,-0.97,1h
30,1.5,1.5,atr_2x,5,0.3,False,356,38.2,-50.62,62.86,-0.81,1h
35,1.5,1.0,atr_2x,5,0.2,False,600,30.5,-50.83,56.64,-0.9,1h
30,1.2,1.0,atr_3x,5,0.2,False,403,21.8,-51.24,51.91,-0.99,1h
35,1.5,2.0,atr_2x,5,0.2,False,524,46.0,-51.35,61.02,-0.84,1h
30,2.0,1.0,atr_3x,3,0.3,False,297,17.8,-51.38,52.75,-0.97,1h
30,1.5,1.5,bb_mid,3,0.3,False,361,41.6,-51.39,51.37,-1.0,1h
35,1.5,1.5,bb_mid,7,0.1,False,575,44.3,-51.41,54.51,-0.94,1h
30,1.2,1.5,bb_mid,7,0.1,False,385,41.6,-51.71,52.44,-0.99,1h
25,1.2,1.5,atr_2x,5,0.3,False,177,37.3,-51.74,59.71,-0.87,1h
25,1.2,1.5,bb_mid,7,0.2,False,178,38.8,-51.86,53.92,-0.96,1h
35,1.5,1.0,atr_3x,5,0.2,False,576,23.3,-52.19,56.49,-0.92,1h
30,1.2,2.0,bb_mid,5,0.1,False,369,48.2,-52.28,52.82,-0.99,1h
25,1.5,1.0,atr_3x,7,0.3,False,176,22.7,-52.48,64.53,-0.81,1h
35,2.0,1.0,atr_2x,7,0.1,False,460,27.6,-52.73,55.6,-0.95,1h
30,1.5,1.0,atr_2x,3,0.3,False,377,27.6,-52.92,57.92,-0.91,1h
30,2.0,2.0,atr_2x,7,0.1,False,279,40.5,-53.01,53.81,-0.99,1h
25,1.5,2.0,bb_mid,5,0.3,False,163,48.5,-53.16,55.3,-0.96,1h
30,1.2,1.5,atr_2x,5,0.2,False,381,37.8,-53.24,53.22,-1.0,1h
35,1.2,2.0,atr_2x,3,0.3,False,566,46.3,-53.3,58.67,-0.91,1h
30,2.0,1.5,atr_2x,3,0.3,False,288,35.1,-53.3,53.28,-1.0,1h
30,2.0,1.5,bb_mid,7,0.1,False,296,37.5,-53.34,53.33,-1.0,1h
30,1.5,2.0,atr_3x,7,0.1,False,330,33.6,-53.36,61.13,-0.87,1h
35,1.2,1.0,bb_mid,3,0.3,False,677,35.0,-53.39,55.95,-0.95,1h
35,2.0,1.5,bb_mid,3,0.2,False,449,41.6,-53.46,55.73,-0.96,1h
35,2.0,1.5,atr_2x,7,0.1,False,432,36.8,-53.55,55.46,-0.97,1h
30,1.5,1.0,bb_mid,3,0.2,False,378,28.3,-53.69,53.69,-1.0,1h
35,2.0,2.0,atr_2x,7,0.1,False,414,43.7,-54.14,57.87,-0.94,1h
35,2.0,1.5,atr_3x,3,0.3,False,414,30.4,-54.2,57.15,-0.95,1h
30,2.0,2.0,atr_3x,3,0.2,False,273,32.6,-54.26,55.34,-0.98,1h
35,1.5,1.5,atr_2x,7,0.2,False,561,39.9,-54.31,63.09,-0.86,1h
25,1.2,2.0,bb_mid,7,0.2,False,170,50.0,-54.33,56.29,-0.97,1h
30,2.0,1.0,bb_mid,5,0.2,False,306,27.8,-54.43,54.43,-1.0,1h
35,1.2,1.5,atr_2x,3,0.3,False,613,39.3,-54.49,58.89,-0.93,1h
35,2.0,1.0,bb_mid,7,0.1,False,467,30.6,-54.59,56.03,-0.97,1h
35,1.2,1.0,atr_3x,7,0.2,False,643,24.4,-54.77,67.51,-0.81,1h
35,2.0,1.0,atr_3x,3,0.3,False,443,21.0,-54.85,60.6,-0.91,1h
25,1.2,1.5,bb_mid,5,0.3,False,178,38.8,-54.91,56.98,-0.96,1h
30,1.5,1.0,atr_3x,7,0.1,False,369,19.5,-54.93,54.93,-1.0,1h
35,1.2,1.0,atr_2x,7,0.2,False,666,31.4,-54.98,61.8,-0.89,1h
35,1.5,2.0,atr_3x,5,0.2,False,494,38.1,-55.0,64.45,-0.85,1h
30,2.0,2.0,bb_mid,3,0.2,False,287,45.3,-55.21,55.56,-0.99,1h
25,1.2,1.0,atr_2x,7,0.3,False,187,30.5,-55.21,63.79,-0.87,1h
35,1.5,1.0,bb_mid,7,0.1,False,610,33.1,-55.52,57.44,-0.97,1h
30,2.0,1.0,atr_3x,5,0.2,False,297,17.8,-55.63,57.0,-0.98,1h
30,1.5,1.5,bb_mid,5,0.2,False,361,41.6,-55.67,55.65,-1.0,1h
25,1.5,1.0,bb_mid,7,0.3,False,178,31.5,-56.15,58.91,-0.95,1h
35,1.2,1.5,bb_mid,7,0.1,False,628,45.1,-56.18,58.77,-0.96,1h
30,1.2,2.0,atr_3x,3,0.2,False,352,34.4,-56.36,62.15,-0.91,1h
30,1.2,2.0,atr_2x,7,0.1,False,362,42.3,-56.42,57.9,-0.97,1h
35,1.2,2.0,atr_3x,3,0.3,False,536,38.6,-56.5,69.33,-0.81,1h
30,1.2,1.0,atr_2x,7,0.2,False,411,29.4,-56.62,64.14,-0.88,1h
35,1.2,2.0,bb_mid,3,0.2,False,589,53.1,-56.68,58.89,-0.96,1h
35,1.5,2.0,bb_mid,3,0.2,False,541,52.1,-56.94,58.29,-0.98,1h
30,1.5,2.0,bb_mid,3,0.2,False,347,47.3,-56.99,57.33,-0.99,1h
30,1.5,1.0,atr_2x,5,0.2,False,377,27.6,-57.12,62.05,-0.92,1h
35,2.0,2.0,bb_mid,3,0.2,False,432,50.5,-57.21,58.87,-0.97,1h
25,1.2,2.0,bb_mid,5,0.3,False,170,50.0,-57.46,59.41,-0.97,1h
30,2.0,1.5,atr_2x,5,0.2,False,288,35.1,-57.53,57.51,-1.0,1h
25,1.2,1.5,atr_3x,7,0.3,False,176,30.1,-57.6,72.53,-0.79,1h
30,1.2,1.0,bb_mid,3,0.3,False,410,31.0,-57.63,58.14,-0.99,1h
35,1.2,1.0,bb_mid,5,0.2,False,677,35.0,-57.76,60.32,-0.96,1h
35,2.0,2.0,atr_3x,3,0.3,False,397,38.0,-57.9,59.67,-0.97,1h
35,1.5,1.5,atr_2x,5,0.3,False,561,39.9,-58.0,66.23,-0.88,1h
35,1.2,2.0,atr_2x,5,0.2,False,566,46.3,-58.14,63.42,-0.92,1h
35,1.2,1.0,atr_2x,5,0.3,False,666,31.4,-58.46,65.15,-0.9,1h
30,2.0,1.5,atr_3x,3,0.3,False,283,26.9,-58.47,59.25,-0.99,1h
35,1.2,1.0,atr_3x,5,0.3,False,643,24.4,-58.64,70.18,-0.84,1h
35,2.0,1.5,atr_3x,5,0.2,False,414,30.4,-58.82,61.64,-0.95,1h
35,1.2,1.5,atr_2x,5,0.2,False,613,39.3,-59.14,63.49,-0.93,1h
30,1.2,2.0,bb_mid,3,0.2,False,369,48.2,-59.23,59.77,-0.99,1h
35,2.0,1.0,atr_3x,5,0.2,False,443,21.0,-59.29,64.75,-0.92,1h
30,1.5,2.0,atr_2x,3,0.3,False,340,41.8,-59.3,61.03,-0.97,1h
35,2.0,1.5,bb_mid,7,0.1,False,449,41.6,-59.39,61.69,-0.96,1h
30,1.5,1.0,bb_mid,7,0.1,False,378,28.3,-59.51,59.51,-1.0,1h
30,1.2,1.0,atr_2x,5,0.3,False,411,29.4,-59.79,67.07,-0.89,1h
35,1.2,1.5,atr_3x,3,0.3,False,583,31.4,-60.11,69.43,-0.87,1h
30,2.0,2.0,atr_3x,7,0.1,False,273,32.6,-60.32,61.39,-0.98,1h
30,2.0,2.0,bb_mid,7,0.1,False,287,45.3,-61.17,61.53,-0.99,1h
35,1.5,1.5,bb_mid,3,0.3,False,575,44.3,-61.55,64.65,-0.95,1h
35,1.2,2.0,atr_3x,5,0.2,False,536,38.6,-61.62,73.77,-0.84,1h
30,1.2,1.5,bb_mid,3,0.3,False,385,41.6,-61.69,62.42,-0.99,1h
30,1.2,1.0,bb_mid,5,0.2,False,410,31.0,-61.86,62.37,-0.99,1h
35,2.0,1.0,atr_2x,3,0.3,False,460,27.6,-62.54,65.41,-0.96,1h
35,2.0,2.0,atr_3x,5,0.2,False,397,38.0,-62.61,64.34,-0.97,1h
30,1.2,2.0,atr_3x,7,0.1,False,352,34.4,-62.62,68.21,-0.92,1h
35,1.2,2.0,bb_mid,7,0.1,False,589,53.1,-62.85,65.03,-0.97,1h
30,2.0,1.5,atr_3x,5,0.2,False,283,26.9,-62.88,63.62,-0.99,1h
30,1.5,2.0,bb_mid,7,0.1,False,347,47.3,-63.01,63.35,-0.99,1h
30,2.0,2.0,atr_2x,3,0.3,False,279,40.5,-63.02,63.82,-0.99,1h
30,2.0,1.0,atr_2x,7,0.2,False,303,26.4,-63.03,64.17,-0.98,1h
35,1.5,2.0,bb_mid,7,0.1,False,541,52.1,-63.07,64.41,-0.98,1h
30,2.0,1.5,bb_mid,3,0.3,False,296,37.5,-63.16,63.14,-1.0,1h
35,2.0,2.0,bb_mid,7,0.1,False,432,50.5,-63.26,64.91,-0.97,1h
35,2.0,1.5,atr_2x,3,0.3,False,432,36.8,-63.63,65.52,-0.97,1h
30,1.5,2.0,atr_2x,5,0.2,False,340,41.8,-63.79,65.46,-0.97,1h
25,1.5,1.0,atr_2x,7,0.3,False,177,29.9,-63.8,67.71,-0.94,1h
30,1.5,1.5,atr_3x,7,0.3,False,347,30.8,-63.89,83.89,-0.76,1h
30,1.5,2.0,atr_3x,3,0.3,False,330,33.6,-63.97,71.21,-0.9,1h
35,2.0,1.0,bb_mid,3,0.3,False,467,30.6,-64.37,65.8,-0.98,1h
35,2.0,2.0,atr_2x,3,0.3,False,414,43.7,-64.46,67.72,-0.95,1h
35,1.2,1.5,atr_3x,5,0.2,False,583,31.4,-64.93,73.72,-0.88,1h
30,1.5,1.0,atr_3x,3,0.3,False,369,19.5,-64.96,64.96,-1.0,1h
35,1.5,1.5,atr_3x,7,0.2,False,530,31.5,-65.01,80.31,-0.81,1h
30,1.2,2.0,bb_mid,7,0.1,False,369,48.2,-65.27,65.81,-0.99,1h
35,1.5,1.0,bb_mid,3,0.3,False,610,33.1,-65.47,67.38,-0.97,1h
35,1.5,1.0,atr_2x,7,0.2,False,600,30.5,-65.81,71.27,-0.92,1h
30,2.0,1.0,atr_2x,5,0.3,False,303,26.4,-65.95,67.07,-0.98,1h
35,1.5,1.5,bb_mid,5,0.2,False,575,44.3,-65.96,68.97,-0.96,1h
30,1.2,1.5,bb_mid,5,0.2,False,385,41.6,-66.01,66.73,-0.99,1h
30,1.2,1.5,atr_3x,7,0.2,False,373,30.3,-66.06,70.97,-0.93,1h
35,1.2,1.5,bb_mid,3,0.3,False,628,45.1,-66.42,68.93,-0.96,1h
30,1.2,1.0,atr_3x,7,0.2,False,403,21.8,-66.43,67.06,-0.99,1h
30,1.2,2.0,atr_2x,3,0.3,False,362,42.3,-66.71,68.12,-0.98,1h
35,2.0,1.0,atr_2x,5,0.2,False,460,27.6,-66.75,69.56,-0.96,1h
30,2.0,2.0,atr_2x,5,0.2,False,279,40.5,-67.33,68.11,-0.99,1h
30,2.0,1.5,bb_mid,5,0.2,False,296,37.5,-67.36,67.35,-1.0,1h
25,1.2,1.5,atr_2x,7,0.3,False,177,37.3,-67.42,74.14,-0.91,1h
35,2.0,1.5,atr_2x,5,0.2,False,432,36.8,-67.95,69.79,-0.97,1h
35,1.5,2.0,atr_2x,7,0.2,False,524,46.0,-68.0,75.43,-0.9,1h
35,1.5,1.0,atr_3x,7,0.2,False,576,23.3,-68.08,70.06,-0.97,1h
30,2.0,1.0,bb_mid,7,0.2,False,306,27.8,-68.12,68.12,-1.0,1h
30,1.2,1.5,atr_2x,7,0.2,False,381,37.8,-68.14,68.12,-1.0,1h
35,2.0,1.0,bb_mid,5,0.2,False,467,30.6,-68.52,69.92,-0.98,1h
30,1.5,2.0,atr_3x,5,0.2,False,330,33.6,-68.55,75.35,-0.91,1h
30,1.5,1.5,atr_2x,7,0.3,False,356,38.2,-68.57,77.62,-0.88,1h
35,1.5,1.5,atr_3x,5,0.3,False,530,31.5,-68.73,82.83,-0.83,1h
35,2.0,2.0,atr_2x,5,0.2,False,414,43.7,-68.89,71.84,-0.96,1h
35,1.5,1.0,atr_2x,5,0.3,False,600,30.5,-68.99,74.26,-0.93,1h
30,1.5,1.0,bb_mid,3,0.3,False,378,28.3,-69.2,69.2,-1.0,1h
30,1.5,1.0,atr_3x,5,0.2,False,369,19.5,-69.22,69.22,-1.0,1h
35,2.0,1.5,bb_mid,3,0.3,False,449,41.6,-69.3,71.51,-0.97,1h
25,1.5,2.0,bb_mid,7,0.3,False,163,48.5,-69.43,71.36,-0.97,1h
30,1.2,1.5,atr_3x,5,0.3,False,373,30.3,-69.51,74.02,-0.94,1h
30,1.2,1.0,atr_3x,5,0.3,False,403,21.8,-69.64,70.25,-0.99,1h
35,1.5,1.0,bb_mid,5,0.2,False,610,33.1,-69.69,71.54,-0.97,1h
30,2.0,1.0,atr_3x,7,0.2,False,297,17.8,-69.89,71.13,-0.98,1h
30,1.5,1.5,bb_mid,7,0.2,False,361,41.6,-70.06,70.04,-1.0,1h
30,2.0,2.0,atr_3x,3,0.3,False,273,32.6,-70.44,71.42,-0.99,1h
25,1.2,1.5,bb_mid,7,0.3,False,178,38.8,-70.66,72.51,-0.97,1h
35,1.2,1.5,bb_mid,5,0.2,False,628,45.1,-70.75,73.16,-0.97,1h
30,2.0,1.0,bb_mid,5,0.3,False,306,27.8,-70.95,70.95,-1.0,1h
30,2.0,2.0,bb_mid,3,0.3,False,287,45.3,-71.05,71.39,-1.0,1h
30,1.2,2.0,atr_2x,5,0.2,False,362,42.3,-71.06,72.4,-0.98,1h
30,1.5,1.0,atr_2x,7,0.2,False,377,27.6,-71.07,75.23,-0.94,1h
30,1.2,1.5,atr_2x,5,0.3,False,381,37.8,-71.26,71.24,-1.0,1h
35,1.5,1.0,atr_3x,5,0.3,False,576,23.3,-71.41,73.28,-0.97,1h
35,1.5,2.0,atr_2x,5,0.3,False,524,46.0,-71.51,78.27,-0.91,1h
30,2.0,1.5,atr_2x,7,0.2,False,288,35.1,-71.54,71.52,-1.0,1h
35,1.2,1.0,bb_mid,7,0.2,False,677,35.0,-72.25,74.55,-0.97,1h
35,1.5,2.0,atr_3x,7,0.2,False,494,38.1,-72.45,79.49,-0.91,1h
30,2.0,1.0,atr_3x,5,0.3,False,297,17.8,-72.81,74.0,-0.98,1h
30,1.5,2.0,bb_mid,3,0.3,False,347,47.3,-72.88,73.2,-1.0,1h
30,1.2,2.0,atr_3x,3,0.3,False,352,34.4,-72.95,77.81,-0.94,1h
35,1.2,2.0,bb_mid,3,0.3,False,589,53.1,-73.0,74.99,-0.97,1h
30,1.5,1.5,bb_mid,5,0.3,False,361,41.6,-73.02,73.0,-1.0,1h
35,1.5,2.0,bb_mid,3,0.3,False,541,52.1,-73.14,74.38,-0.98,1h
35,2.0,2.0,bb_mid,3,0.3,False,432,50.5,-73.17,74.7,-0.98,1h
30,1.5,1.0,bb_mid,5,0.2,False,378,28.3,-73.21,73.21,-1.0,1h
25,1.2,2.0,bb_mid,7,0.3,False,170,50.0,-73.38,75.05,-0.98,1h
35,2.0,1.5,bb_mid,5,0.2,False,449,41.6,-73.41,75.52,-0.97,1h
35,2.0,1.0,atr_3x,7,0.2,False,443,21.0,-73.83,77.75,-0.95,1h
30,1.5,1.0,atr_2x,5,0.3,False,377,27.6,-73.9,77.81,-0.95,1h
35,2.0,1.5,atr_3x,7,0.2,False,414,30.4,-74.07,76.47,-0.97,1h
35,1.2,2.0,atr_2x,7,0.2,False,566,46.3,-74.29,78.59,-0.95,1h
30,2.0,1.5,atr_2x,5,0.3,False,288,35.1,-74.38,74.36,-1.0,1h
35,1.2,1.5,atr_2x,7,0.2,False,613,39.3,-74.47,78.16,-0.95,1h
30,2.0,2.0,atr_3x,5,0.2,False,273,32.6,-74.61,75.53,-0.99,1h
30,1.2,2.0,bb_mid,3,0.3,False,369,48.2,-75.04,75.54,-0.99,1h
30,2.0,2.0,bb_mid,5,0.2,False,287,45.3,-75.09,75.42,-1.0,1h
35,1.2,1.0,bb_mid,5,0.3,False,677,35.0,-75.18,77.37,-0.97,1h
30,1.2,1.0,bb_mid,7,0.2,False,410,31.0,-75.41,75.87,-0.99,1h
30,1.2,1.0,atr_2x,7,0.3,False,411,29.4,-75.58,80.88,-0.93,1h
35,1.2,1.0,atr_2x,7,0.3,False,666,31.4,-75.93,81.1,-0.94,1h
35,1.5,2.0,atr_3x,5,0.3,False,494,38.1,-75.99,82.43,-0.92,1h
35,1.5,1.5,atr_2x,7,0.3,False,561,39.9,-76.53,82.16,-0.93,1h
35,2.0,1.0,atr_3x,5,0.3,False,443,21.0,-76.73,80.24,-0.96,1h
30,1.5,2.0,bb_mid,5,0.2,False,347,47.3,-76.88,77.18,-1.0,1h
30,2.0,1.5,atr_3x,7,0.2,False,283,26.9,-76.95,77.5,-0.99,1h
35,2.0,1.5,atr_3x,5,0.3,False,414,30.4,-77.11,79.37,-0.97,1h
35,1.2,2.0,bb_mid,5,0.2,False,589,53.1,-77.12,78.97,-0.98,1h
30,1.2,2.0,atr_3x,5,0.2,False,352,34.4,-77.14,81.55,-0.95,1h
35,2.0,2.0,bb_mid,5,0.2,False,432,50.5,-77.18,78.61,-0.98,1h
35,1.5,2.0,bb_mid,5,0.2,False,541,52.1,-77.22,78.38,-0.99,1h
35,1.2,2.0,atr_2x,5,0.3,False,566,46.3,-77.51,81.49,-0.95,1h
35,1.2,1.5,atr_2x,5,0.3,False,613,39.3,-77.53,80.98,-0.96,1h
35,2.0,2.0,atr_3x,7,0.2,False,397,38.0,-77.78,79.16,-0.98,1h
35,1.2,1.0,atr_3x,7,0.3,False,643,24.4,-77.81,82.43,-0.94,1h
30,1.5,2.0,atr_2x,7,0.2,False,340,41.8,-78.05,79.37,-0.98,1h
30,1.2,1.0,bb_mid,5,0.3,False,410,31.0,-78.07,78.5,-0.99,1h
35,1.2,2.0,atr_3x,7,0.2,False,536,38.6,-78.17,86.65,-0.9,1h
30,1.2,2.0,bb_mid,5,0.2,False,369,48.2,-78.94,79.4,-0.99,1h
30,1.2,1.5,bb_mid,7,0.2,False,385,41.6,-79.47,80.06,-0.99,1h
30,2.0,1.5,atr_3x,5,0.3,False,283,26.9,-79.68,80.18,-0.99,1h
35,1.5,1.5,bb_mid,7,0.2,False,575,44.3,-79.73,82.14,-0.97,1h
35,2.0,1.0,atr_2x,7,0.2,False,460,27.6,-79.78,82.1,-0.97,1h
30,2.0,1.0,atr_2x,7,0.3,False,303,26.4,-79.84,80.71,-0.99,1h
35,1.2,1.5,atr_3x,7,0.2,False,583,31.4,-80.11,86.21,-0.93,1h
30,2.0,1.5,bb_mid,7,0.2,False,296,37.5,-80.3,80.28,-1.0,1h
30,2.0,2.0,atr_2x,7,0.2,False,279,40.5,-80.6,81.24,-0.99,1h
35,2.0,2.0,atr_3x,5,0.3,False,397,38.0,-80.7,81.97,-0.98,1h
30,1.5,2.0,atr_2x,5,0.3,False,340,41.8,-80.79,82.01,-0.99,1h
35,2.0,1.0,bb_mid,7,0.2,False,467,30.6,-81.17,82.32,-0.99,1h
35,2.0,1.5,atr_2x,7,0.2,False,432,36.8,-81.2,82.68,-0.98,1h
35,1.2,2.0,atr_3x,5,0.3,False,536,38.6,-81.34,88.87,-0.92,1h
30,1.2,1.5,bb_mid,5,0.3,False,385,41.6,-82.01,82.57,-0.99,1h
30,1.5,1.0,atr_3x,7,0.2,False,369,19.5,-82.14,82.14,-1.0,1h
35,2.0,1.0,atr_2x,5,0.3,False,460,27.6,-82.23,84.4,-0.97,1h
35,1.5,1.5,bb_mid,5,0.3,False,575,44.3,-82.33,84.55,-0.97,1h
35,2.0,2.0,atr_2x,7,0.2,False,414,43.7,-82.36,84.03,-0.98,1h
35,1.5,1.0,bb_mid,7,0.2,False,610,33.1,-82.43,83.9,-0.98,1h
30,1.5,2.0,atr_3x,7,0.2,False,330,33.6,-82.51,87.19,-0.95,1h
30,2.0,1.5,bb_mid,5,0.3,False,296,37.5,-82.72,82.7,-1.0,1h
35,1.2,1.5,atr_3x,5,0.3,False,583,31.4,-82.96,88.37,-0.94,1h
30,2.0,2.0,atr_2x,5,0.3,False,279,40.5,-83.08,83.68,-0.99,1h
35,2.0,1.0,bb_mid,5,0.3,False,467,30.6,-83.52,84.59,-0.99,1h
35,2.0,1.5,atr_2x,5,0.3,False,432,36.8,-83.67,85.03,-0.98,1h
35,1.5,1.0,atr_2x,7,0.3,False,600,30.5,-83.69,87.39,-0.96,1h
35,1.2,1.5,bb_mid,7,0.2,False,628,45.1,-83.72,85.54,-0.98,1h
30,2.0,1.0,bb_mid,7,0.3,False,306,27.8,-83.86,83.86,-1.0,1h
30,1.2,2.0,atr_2x,7,0.2,False,362,42.3,-84.04,85.0,-0.99,1h
30,1.2,1.0,atr_3x,7,0.3,False,403,21.8,-84.33,84.76,-0.99,1h
30,1.5,1.0,atr_3x,5,0.3,False,369,19.5,-84.5,84.5,-1.0,1h
35,1.5,1.0,bb_mid,5,0.3,False,610,33.1,-84.76,86.11,-0.98,1h
35,2.0,2.0,atr_2x,5,0.3,False,414,43.7,-84.83,86.22,-0.98,1h
30,1.5,1.0,bb_mid,7,0.2,False,378,28.3,-84.9,84.9,-1.0,1h
30,1.5,2.0,atr_3x,5,0.3,False,330,33.6,-85.06,89.21,-0.95,1h
30,1.2,1.5,atr_3x,7,0.3,False,373,30.3,-85.17,87.47,-0.97,1h
30,1.2,1.5,atr_2x,7,0.3,False,381,37.8,-85.37,85.36,-1.0,1h
35,2.0,1.5,bb_mid,7,0.2,False,449,41.6,-85.4,86.99,-0.98,1h
35,1.5,1.5,atr_3x,7,0.3,False,530,31.5,-85.59,92.84,-0.92,1h
30,2.0,1.0,atr_3x,7,0.3,False,297,17.8,-85.88,86.68,-0.99,1h
35,1.2,1.5,bb_mid,5,0.3,False,628,45.1,-86.05,87.72,-0.98,1h
30,1.5,1.5,bb_mid,7,0.3,False,361,41.6,-86.24,86.22,-1.0,1h
35,1.5,1.0,atr_3x,7,0.3,False,576,23.3,-86.32,87.44,-0.99,1h
30,1.2,2.0,atr_2x,5,0.3,False,362,42.3,-86.37,87.23,-0.99,1h
30,1.5,1.0,atr_2x,7,0.3,False,377,27.6,-86.48,88.85,-0.97,1h
30,2.0,2.0,atr_3x,7,0.2,False,273,32.6,-86.64,87.31,-0.99,1h
30,2.0,2.0,bb_mid,7,0.2,False,287,45.3,-86.71,86.95,-1.0,1h
30,2.0,1.5,atr_2x,7,0.3,False,288,35.1,-86.93,86.91,-1.0,1h
30,1.5,1.0,bb_mid,5,0.3,False,378,28.3,-86.97,86.97,-1.0,1h
35,1.5,2.0,atr_2x,7,0.3,False,524,46.0,-87.14,90.24,-0.97,1h
35,2.0,1.5,bb_mid,5,0.3,False,449,41.6,-87.51,88.95,-0.98,1h
35,1.2,1.0,bb_mid,7,0.3,False,677,35.0,-87.97,89.41,-0.98,1h
30,1.5,2.0,bb_mid,7,0.2,False,347,47.3,-88.13,88.35,-1.0,1h
35,2.0,2.0,bb_mid,7,0.2,False,432,50.5,-88.43,89.42,-0.99,1h
35,1.5,2.0,bb_mid,7,0.2,False,541,52.1,-88.67,89.45,-0.99,1h
35,1.2,2.0,bb_mid,7,0.2,False,589,53.1,-88.69,89.9,-0.99,1h
30,2.0,2.0,bb_mid,5,0.3,False,287,45.3,-88.72,88.94,-1.0,1h
30,2.0,2.0,atr_3x,5,0.3,False,273,32.6,-88.72,89.32,-0.99,1h
30,1.2,2.0,atr_3x,7,0.2,False,352,34.4,-88.88,91.51,-0.97,1h
35,2.0,1.0,atr_3x,7,0.3,False,443,21.0,-89.14,90.6,-0.98,1h
30,1.2,1.0,bb_mid,7,0.3,False,410,31.0,-89.38,89.66,-1.0,1h
30,1.2,2.0,bb_mid,7,0.2,False,369,48.2,-89.67,89.97,-1.0,1h
35,2.0,1.5,atr_3x,7,0.3,False,414,30.4,-89.98,91.3,-0.99,1h
30,1.5,2.0,bb_mid,5,0.3,False,347,47.3,-90.03,90.23,-1.0,1h
35,2.0,2.0,bb_mid,5,0.3,False,432,50.5,-90.31,91.2,-0.99,1h
35,1.2,1.5,atr_2x,7,0.3,False,613,39.3,-90.38,92.35,-0.98,1h
35,1.5,2.0,bb_mid,5,0.3,False,541,52.1,-90.57,91.27,-0.99,1h
35,1.2,2.0,bb_mid,5,0.3,False,589,53.1,-90.61,91.68,-0.99,1h
35,1.5,2.0,atr_3x,7,0.3,False,494,38.1,-90.72,93.78,-0.97,1h
30,1.2,2.0,atr_3x,5,0.3,False,352,34.4,-90.81,93.06,-0.98,1h
35,1.2,2.0,atr_2x,7,0.3,False,566,46.3,-90.94,93.02,-0.98,1h
30,2.0,1.5,atr_3x,7,0.3,False,283,26.9,-90.97,91.21,-1.0,1h
30,1.2,2.0,bb_mid,5,0.3,False,369,48.2,-91.42,91.69,-1.0,1h
30,1.5,2.0,atr_2x,7,0.3,False,340,41.8,-91.95,92.59,-0.99,1h
35,2.0,1.0,atr_2x,7,0.3,False,460,27.6,-92.14,93.44,-0.99,1h
30,1.2,1.5,bb_mid,7,0.3,False,385,41.6,-92.29,92.62,-1.0,1h
30,2.0,1.5,bb_mid,7,0.3,False,296,37.5,-92.45,92.44,-1.0,1h
35,2.0,2.0,atr_3x,7,0.3,False,397,38.0,-92.47,93.12,-0.99,1h
35,1.5,1.5,bb_mid,7,0.3,False,575,44.3,-92.74,93.94,-0.99,1h
35,2.0,1.0,bb_mid,7,0.3,False,467,30.6,-92.86,93.49,-0.99,1h
30,2.0,2.0,atr_2x,7,0.3,False,279,40.5,-92.95,93.3,-1.0,1h
35,2.0,1.5,atr_2x,7,0.3,False,432,36.8,-93.36,94.11,-0.99,1h
35,1.2,2.0,atr_3x,7,0.3,False,536,38.6,-93.63,96.62,-0.97,1h
30,1.5,1.0,atr_3x,7,0.3,False,369,19.5,-93.72,93.72,-1.0,1h
35,1.5,1.0,bb_mid,7,0.3,False,610,33.1,-93.82,94.57,-0.99,1h
35,1.2,1.5,atr_3x,7,0.3,False,583,31.4,-93.94,96.15,-0.98,1h
35,2.0,2.0,atr_2x,7,0.3,False,414,43.7,-94.31,94.79,-0.99,1h
30,1.5,2.0,atr_3x,7,0.3,False,330,33.6,-94.69,96.42,-0.98,1h
30,1.5,1.0,bb_mid,7,0.3,False,378,28.3,-94.8,94.8,-1.0,1h
35,1.2,1.5,bb_mid,7,0.3,False,628,45.1,-94.87,95.69,-0.99,1h
30,1.2,2.0,atr_2x,7,0.3,False,362,42.3,-95.09,95.48,-1.0,1h
35,2.0,1.5,bb_mid,7,0.3,False,449,41.6,-95.35,96.08,-0.99,1h
30,2.0,2.0,bb_mid,7,0.3,False,287,45.3,-96.0,96.11,-1.0,1h
30,2.0,2.0,atr_3x,7,0.3,False,273,32.6,-96.18,96.46,-1.0,1h
30,1.5,2.0,bb_mid,7,0.3,False,347,47.3,-96.71,96.8,-1.0,1h
35,2.0,2.0,bb_mid,7,0.3,False,432,50.5,-96.89,97.27,-1.0,1h
35,1.5,2.0,bb_mid,7,0.3,False,541,52.1,-97.13,97.41,-1.0,1h
35,1.2,2.0,bb_mid,7,0.3,False,589,53.1,-97.2,97.61,-1.0,1h
30,1.2,2.0,atr_3x,7,0.3,False,352,34.4,-97.35,98.09,-0.99,1h
30,1.2,2.0,bb_mid,7,0.3,False,369,48.2,-97.37,97.49,-1.0,1h
