rsi_thresh,sl_atr_mult,tp_mode,leverage,pos_ratio,use_ema200,trades,trades_per_yr,win_rate,return_pct,max_drawdown,calmar,timeframe
40,2.0,bb_mid,7,0.3,True,133,44.3,69.9,105.22,33.57,3.13,1h
40,2.0,bb_mid,5,0.3,True,133,44.3,69.9,72.89,24.89,2.93,1h
40,1.5,bb_mid,7,0.3,True,134,44.7,60.4,71.12,39.27,1.81,1h
40,2.0,bb_mid,7,0.2,True,133,44.3,69.9,67.58,23.37,2.89,1h
40,1.5,bb_mid,5,0.3,True,134,44.7,60.4,51.31,29.69,1.73,1h
40,1.5,bb_mid,7,0.2,True,134,44.7,60.4,47.89,27.97,1.71,1h
40,2.0,bb_mid,5,0.2,True,133,44.3,69.9,46.8,17.1,2.74,1h
40,2.0,bb_mid,3,0.3,True,133,44.3,69.9,41.75,15.48,2.7,1h
40,1.5,bb_mid,5,0.2,True,134,44.7,60.4,34.06,20.75,1.64,1h
40,2.0,bb_mid,7,0.1,True,133,44.3,69.9,31.87,12.19,2.62,1h
40,1.5,bb_mid,3,0.3,True,134,44.7,60.4,30.59,18.86,1.62,1h
40,2.0,bb_mid,3,0.2,True,133,44.3,69.9,27.05,10.51,2.57,1h
45,2.0,atr_2x,5,0.3,True,159,53.0,52.2,26.87,40.43,0.66,1h
45,2.0,atr_2x,7,0.2,True,159,53.0,52.2,26.38,37.94,0.7,1h
45,2.0,atr_2x,7,0.3,True,159,53.0,52.2,25.27,54.31,0.47,1h
40,1.5,bb_mid,7,0.1,True,134,44.7,60.4,23.66,14.95,1.58,1h
35,1.5,bb_mid,7,0.3,True,65,21.7,55.4,22.36,34.05,0.66,1h
45,2.0,atr_2x,5,0.2,True,159,53.0,52.2,22.31,27.58,0.81,1h
40,2.0,bb_mid,5,0.1,True,133,44.3,69.9,22.31,8.81,2.53,1h
45,1.5,atr_2x,5,0.3,True,172,57.3,45.3,21.31,40.08,0.53,1h
45,1.5,atr_2x,7,0.2,True,172,57.3,45.3,21.03,37.87,0.56,1h
45,2.0,atr_2x,3,0.3,True,159,53.0,52.2,20.8,24.9,0.84,1h
45,1.0,atr_2x,7,0.3,True,186,62.0,36.0,20.52,41.41,0.5,1h
45,1.0,atr_2x,5,0.3,True,186,62.0,36.0,20.24,31.11,0.65,1h
40,1.5,bb_mid,3,0.2,True,134,44.7,60.4,20.21,12.94,1.56,1h
45,1.0,atr_2x,7,0.2,True,186,62.0,36.0,19.73,29.27,0.67,1h
40,1.0,atr_2x,7,0.3,True,139,46.3,36.7,19.36,41.02,0.47,1h
45,1.5,atr_2x,7,0.3,True,172,57.3,45.3,19.17,52.06,0.37,1h
35,1.5,atr_3x,7,0.3,True,62,20.7,40.3,18.94,50.05,0.38,1h
45,1.5,atr_2x,5,0.2,True,172,57.3,45.3,18.16,28.41,0.64,1h
40,1.0,atr_2x,5,0.3,True,139,46.3,36.7,17.81,30.98,0.57,1h
35,1.5,atr_3x,5,0.3,True,62,20.7,40.3,17.61,38.68,0.46,1h
35,1.5,bb_mid,5,0.3,True,65,21.7,55.4,17.6,25.52,0.69,1h
45,2.0,atr_2x,7,0.1,True,159,53.0,52.2,17.23,19.46,0.89,1h
40,1.0,atr_2x,7,0.2,True,139,46.3,36.7,17.21,29.18,0.59,1h
35,1.5,atr_3x,7,0.2,True,62,20.7,40.3,17.05,36.59,0.47,1h
45,1.5,atr_2x,3,0.3,True,172,57.3,45.3,17.0,25.88,0.66,1h
40,1.5,bb_mid,5,0.1,True,134,44.7,60.4,16.78,10.88,1.54,1h
35,1.5,bb_mid,7,0.2,True,65,21.7,55.4,16.66,24.01,0.69,1h
45,1.0,atr_2x,5,0.2,True,186,62.0,36.0,16.38,21.59,0.76,1h
45,1.0,atr_2x,3,0.3,True,186,62.0,36.0,15.23,19.59,0.78,1h
45,2.0,atr_2x,3,0.2,True,159,53.0,52.2,15.19,16.71,0.91,1h
40,1.0,bb_mid,7,0.3,True,140,46.7,45.0,14.68,41.89,0.35,1h
45,1.5,atr_2x,7,0.1,True,172,57.3,45.3,14.21,20.62,0.69,1h
40,1.0,atr_2x,5,0.2,True,139,46.3,36.7,13.93,21.62,0.64,1h
35,1.5,atr_3x,5,0.2,True,62,20.7,40.3,13.89,27.56,0.5,1h
40,1.5,atr_2x,5,0.3,True,128,42.7,44.5,13.86,35.84,0.39,1h
40,1.5,atr_2x,7,0.2,True,128,42.7,44.5,13.75,33.82,0.41,1h
40,1.0,bb_mid,5,0.3,True,140,46.7,45.0,13.25,31.82,0.42,1h
40,2.0,bb_mid,3,0.1,True,133,44.3,69.9,13.1,5.35,2.45,1h
45,2.0,atr_2x,5,0.1,True,159,53.0,52.2,12.99,13.94,0.93,1h
40,1.0,atr_2x,3,0.3,True,139,46.3,36.7,12.89,19.64,0.66,1h
35,1.5,atr_3x,3,0.3,True,62,20.7,40.3,12.87,25.14,0.51,1h
40,1.0,bb_mid,7,0.2,True,140,46.7,45.0,12.78,30.0,0.43,1h
45,1.5,atr_2x,3,0.2,True,172,57.3,45.3,12.58,17.88,0.7,1h
45,1.0,atr_2x,7,0.1,True,186,62.0,36.0,12.57,15.47,0.81,1h
35,1.5,bb_mid,5,0.2,True,65,21.7,55.4,12.54,17.71,0.71,1h
40,1.5,atr_2x,5,0.2,True,128,42.7,44.5,12.07,25.23,0.48,1h
40,1.5,atr_2x,7,0.3,True,128,42.7,44.5,12.02,46.98,0.26,1h
35,1.5,bb_mid,3,0.3,True,65,21.7,55.4,11.43,16.07,0.71,1h
40,1.5,atr_2x,3,0.3,True,128,42.7,44.5,11.35,22.95,0.49,1h
45,1.0,atr_2x,3,0.2,True,186,62.0,36.0,11.08,13.37,0.83,1h
35,2.0,atr_3x,7,0.2,True,61,20.3,47.5,10.98,39.56,0.28,1h
35,2.0,atr_3x,5,0.3,True,61,20.3,47.5,10.93,41.86,0.26,1h
45,1.5,atr_2x,5,0.1,True,172,57.3,45.3,10.81,15.08,0.72,1h
45,1.5,atr_3x,5,0.1,False,630,210.0,34.6,10.64,26.55,0.4,1h
35,1.5,atr_3x,7,0.1,True,62,20.7,40.3,10.57,20.08,0.53,1h
40,1.0,atr_2x,7,0.1,True,139,46.3,36.7,10.55,15.55,0.68,1h
45,1.5,atr_3x,3,0.2,False,630,210.0,34.6,10.37,31.11,0.33,1h
40,1.0,bb_mid,5,0.2,True,140,46.7,45.0,10.28,22.33,0.46,1h
35,2.0,atr_3x,5,0.2,True,61,20.3,47.5,10.02,29.7,0.34,1h
40,1.5,bb_mid,3,0.1,True,134,44.7,60.4,9.98,6.66,1.5,1h
45,2.0,bb_mid,7,0.2,True,171,57.0,67.3,9.59,36.91,0.26,1h
40,1.5,atr_2x,7,0.1,True,128,42.7,44.5,9.57,18.24,0.52,1h
40,1.0,bb_mid,3,0.3,True,140,46.7,45.0,9.5,20.31,0.47,1h
35,2.0,atr_3x,3,0.3,True,61,20.3,47.5,9.49,27.06,0.35,1h
45,2.0,bb_mid,5,0.3,True,171,57.0,67.3,9.47,39.11,0.24,1h
45,1.0,atr_2x,5,0.1,True,186,62.0,36.0,9.47,11.26,0.84,1h
35,1.5,atr_3x,3,0.2,True,62,20.7,40.3,9.29,17.45,0.53,1h
45,1.5,atr_3x,7,0.1,False,630,210.0,34.6,9.29,35.45,0.26,1h
40,1.0,atr_2x,3,0.2,True,139,46.3,36.7,9.26,13.45,0.69,1h
45,1.5,atr_3x,3,0.3,True,161,53.7,35.4,9.22,34.24,0.27,1h
45,1.5,atr_3x,5,0.2,True,161,53.7,35.4,9.09,37.41,0.24,1h
35,1.5,bb_mid,7,0.1,True,65,21.7,55.4,9.09,12.71,0.72,1h
45,2.0,bb_mid,5,0.2,True,171,57.0,67.3,8.94,27.55,0.32,1h
45,1.5,atr_3x,7,0.1,True,161,53.7,35.4,8.76,27.54,0.32,1h
45,1.5,atr_3x,3,0.1,False,630,210.0,34.6,8.71,16.69,0.52,1h
40,1.5,atr_2x,3,0.2,True,128,42.7,44.5,8.51,15.8,0.54,1h
45,2.0,bb_mid,3,0.3,True,171,57.0,67.3,8.5,25.07,0.34,1h
35,2.0,bb_mid,7,0.3,True,65,21.7,63.1,8.41,39.61,0.21,1h
35,2.0,bb_mid,5,0.3,True,65,21.7,63.1,8.36,29.94,0.28,1h
35,2.0,atr_3x,7,0.3,True,61,20.3,47.5,8.35,54.28,0.15,1h
45,1.5,atr_3x,3,0.2,True,161,53.7,35.4,8.18,24.0,0.34,1h
45,2.0,atr_2x,3,0.1,True,159,53.0,52.2,8.16,8.37,0.97,1h
35,2.0,bb_mid,7,0.2,True,65,21.7,63.1,8.16,28.21,0.29,1h
35,2.0,atr_3x,7,0.1,True,61,20.3,47.5,8.12,21.56,0.38,1h
45,1.5,bb_mid,7,0.2,True,179,59.7,58.1,8.07,34.98,0.23,1h
35,1.5,atr_3x,5,0.1,True,62,20.7,40.3,7.93,14.74,0.54,1h
40,1.0,atr_2x,5,0.1,True,139,46.3,36.7,7.89,11.31,0.7,1h
35,1.5,bb_mid,3,0.2,True,65,21.7,55.4,7.87,10.98,0.72,1h
45,1.5,bb_mid,5,0.2,True,179,59.7,58.1,7.86,26.13,0.3,1h
45,1.5,bb_mid,5,0.3,True,179,59.7,58.1,7.85,37.06,0.21,1h
40,2.0,atr_2x,5,0.2,True,121,40.3,50.4,7.8,21.7,0.36,1h
40,1.0,bb_mid,7,0.1,True,140,46.7,45.0,7.77,16.13,0.48,1h
40,2.0,atr_2x,3,0.3,True,121,40.3,50.4,7.62,19.66,0.39,1h
45,1.5,bb_mid,3,0.3,True,179,59.7,58.1,7.53,23.78,0.32,1h
45,1.5,atr_3x,5,0.1,True,161,53.7,35.4,7.37,20.34,0.36,1h
40,1.5,atr_2x,5,0.1,True,128,42.7,44.5,7.34,13.31,0.55,1h
45,2.0,bb_mid,7,0.1,True,171,57.0,67.3,7.3,19.93,0.37,1h
35,2.0,atr_3x,3,0.2,True,61,20.3,47.5,7.26,18.71,0.39,1h
40,2.0,atr_2x,7,0.2,True,121,40.3,50.4,7.12,29.56,0.24,1h
45,1.5,atr_2x,3,0.1,True,172,57.3,45.3,6.85,9.26,0.74,1h
40,2.0,atr_2x,7,0.1,True,121,40.3,50.4,6.85,15.5,0.44,1h
35,2.0,bb_mid,5,0.2,True,65,21.7,63.1,6.83,20.93,0.33,1h
40,1.0,bb_mid,3,0.2,True,140,46.7,45.0,6.82,13.98,0.49,1h
35,1.5,bb_mid,5,0.1,True,65,21.7,55.4,6.63,9.22,0.72,1h
40,2.0,atr_2x,5,0.3,True,121,40.3,50.4,6.61,31.44,0.21,1h
45,1.5,bb_mid,7,0.1,True,179,59.7,58.1,6.57,18.91,0.35,1h
45,2.0,bb_mid,3,0.2,True,171,57.0,67.3,6.55,17.26,0.38,1h
45,2.0,bb_mid,7,0.3,True,171,57.0,67.3,6.39,51.14,0.12,1h
35,2.0,bb_mid,3,0.3,True,65,21.7,63.1,6.37,19.02,0.34,1h
45,1.5,atr_3x,7,0.2,True,161,53.7,35.4,6.34,48.9,0.13,1h
35,2.0,atr_3x,5,0.1,True,61,20.3,47.5,6.31,15.78,0.4,1h
40,2.0,atr_2x,3,0.2,True,121,40.3,50.4,6.26,13.37,0.47,1h
45,1.0,atr_2x,3,0.1,True,186,62.0,36.0,5.96,6.89,0.86,1h
45,1.5,bb_mid,3,0.2,True,179,59.7,58.1,5.92,16.39,0.36,1h
40,1.0,bb_mid,5,0.1,True,140,46.7,45.0,5.81,11.77,0.49,1h
45,2.0,bb_mid,5,0.1,True,171,57.0,67.3,5.69,14.54,0.39,1h
40,2.0,atr_2x,5,0.1,True,121,40.3,50.4,5.53,11.21,0.49,1h
35,2.0,bb_mid,7,0.1,True,65,21.7,63.1,5.29,15.07,0.35,1h
45,1.5,bb_mid,5,0.1,True,179,59.7,58.1,5.18,13.81,0.38,1h
45,1.5,atr_3x,5,0.3,True,161,53.7,35.4,5.12,51.49,0.1,1h
45,1.5,atr_3x,3,0.1,True,161,53.7,35.4,5.07,12.61,0.4,1h
35,1.5,atr_3x,3,0.1,True,62,20.7,40.3,4.98,9.08,0.55,1h
40,1.0,atr_2x,3,0.1,True,139,46.3,36.7,4.94,6.91,0.71,1h
45,1.5,atr_3x,3,0.3,False,630,210.0,34.6,4.82,43.47,0.11,1h
40,1.5,atr_2x,3,0.1,True,128,42.7,44.5,4.69,8.16,0.58,1h
35,2.0,bb_mid,3,0.2,True,65,21.7,63.1,4.68,13.04,0.36,1h
45,1.5,bb_mid,7,0.3,True,179,59.7,58.1,4.32,48.48,0.09,1h
35,2.0,atr_3x,3,0.1,True,61,20.3,47.5,4.08,9.69,0.42,1h
35,1.5,bb_mid,3,0.1,True,65,21.7,55.4,4.06,5.62,0.72,1h
35,2.0,bb_mid,5,0.1,True,65,21.7,63.1,4.01,10.97,0.37,1h
40,2.0,atr_2x,3,0.1,True,121,40.3,50.4,3.69,6.81,0.54,1h
45,2.0,bb_mid,3,0.1,True,171,57.0,67.3,3.68,8.91,0.41,1h
40,1.0,bb_mid,3,0.1,True,140,46.7,45.0,3.64,7.21,0.5,1h
45,1.5,bb_mid,3,0.1,True,179,59.7,58.1,3.39,8.48,0.4,1h
35,2.0,bb_mid,3,0.1,True,65,21.7,63.1,2.54,6.71,0.38,1h
40,1.5,atr_3x,5,0.1,True,122,40.7,35.2,2.33,19.1,0.12,1h
40,1.5,atr_3x,3,0.2,True,122,40.7,35.2,2.31,22.53,0.1,1h
40,1.5,atr_3x,7,0.1,True,122,40.7,35.2,2.14,25.83,0.08,1h
40,1.5,atr_3x,3,0.1,True,122,40.7,35.2,1.87,11.87,0.16,1h
35,1.5,atr_3x,3,0.1,False,427,142.3,34.0,1.62,18.41,0.09,1h
45,1.5,atr_3x,5,0.2,False,630,210.0,34.6,1.55,47.17,0.03,1h
45,2.0,atr_3x,3,0.1,True,145,48.3,42.8,1.5,11.51,0.13,1h
40,2.0,atr_3x,5,0.1,True,114,38.0,42.1,1.48,16.06,0.09,1h
40,2.0,atr_3x,3,0.1,True,114,38.0,42.1,1.43,9.84,0.15,1h
45,2.0,atr_3x,5,0.1,True,145,48.3,42.8,1.36,19.04,0.07,1h
40,1.5,atr_3x,3,0.3,True,122,40.7,35.2,1.34,32.09,0.04,1h
40,2.0,atr_3x,3,0.2,True,114,38.0,42.1,1.24,19.06,0.07,1h
45,2.0,atr_3x,3,0.2,True,145,48.3,42.8,0.96,22.73,0.04,1h
40,2.0,atr_3x,7,0.1,True,114,38.0,42.1,0.82,21.99,0.04,1h
40,2.0,atr_2x,7,0.3,True,121,40.3,50.4,0.81,42.09,0.02,1h
40,1.5,atr_3x,5,0.2,True,122,40.7,35.2,0.72,35.04,0.02,1h
35,1.5,atr_2x,5,0.1,True,62,20.7,43.5,0.61,10.53,0.06,1h
35,1.5,atr_2x,3,0.1,True,62,20.7,43.5,0.55,6.35,0.09,1h
35,1.5,atr_2x,3,0.2,True,62,20.7,43.5,0.55,12.6,0.04,1h
35,1.5,atr_2x,7,0.1,True,62,20.7,43.5,0.44,14.66,0.03,1h
45,2.0,atr_3x,7,0.1,True,145,48.3,42.8,0.33,26.36,0.01,1h
35,1.5,atr_2x,3,0.3,True,62,20.7,43.5,0.02,18.73,0.0,1h
35,1.5,atr_3x,5,0.1,False,427,142.3,34.0,-0.05,29.3,-0.0,1h
40,1.0,atr_3x,3,0.1,True,134,44.7,26.9,-0.24,11.64,-0.02,1h
35,1.5,atr_2x,5,0.2,True,62,20.7,43.5,-0.27,20.73,-0.01,1h
35,2.0,atr_2x,3,0.1,True,61,20.3,50.8,-0.47,7.75,-0.06,1h
40,2.0,atr_3x,3,0.3,True,114,38.0,42.1,-0.54,27.64,-0.02,1h
30,2.0,bb_mid,3,0.1,True,12,4.0,66.7,-0.77,4.3,-0.18,1h
30,1.5,bb_mid,3,0.1,True,12,4.0,58.3,-0.8,3.27,-0.25,1h
45,1.0,bb_mid,3,0.1,True,188,62.7,43.6,-0.83,7.45,-0.11,1h
40,1.0,atr_3x,5,0.1,True,134,44.7,26.9,-1.01,18.76,-0.05,1h
45,1.0,atr_3x,3,0.1,True,178,59.3,25.8,-1.02,10.71,-0.1,1h
35,2.0,atr_2x,5,0.1,True,61,20.3,50.8,-1.14,12.77,-0.09,1h
30,2.0,bb_mid,5,0.1,True,12,4.0,66.7,-1.32,7.09,-0.19,1h
30,1.5,bb_mid,5,0.1,True,12,4.0,58.3,-1.36,5.4,-0.25,1h
40,2.0,atr_3x,5,0.2,True,114,38.0,42.1,-1.46,30.36,-0.05,1h
45,2.0,atr_3x,3,0.3,True,145,48.3,42.8,-1.56,33.41,-0.05,1h
40,1.0,atr_3x,3,0.2,True,134,44.7,26.9,-1.57,22.13,-0.07,1h
35,2.0,atr_2x,3,0.2,True,61,20.3,50.8,-1.58,15.24,-0.1,1h
30,2.0,bb_mid,3,0.2,True,12,4.0,66.7,-1.61,8.46,-0.19,1h
30,1.5,bb_mid,3,0.2,True,12,4.0,58.3,-1.65,6.46,-0.26,1h
35,1.5,atr_3x,3,0.2,False,427,142.3,34.0,-1.68,34.58,-0.05,1h
45,1.0,bb_mid,5,0.1,True,188,62.7,43.6,-1.77,12.17,-0.15,1h
30,2.0,bb_mid,7,0.1,True,12,4.0,66.7,-1.9,9.82,-0.19,1h
30,1.5,bb_mid,7,0.1,True,12,4.0,58.3,-1.95,7.51,-0.26,1h
35,1.5,atr_2x,7,0.2,True,62,20.7,43.5,-2.01,28.56,-0.07,1h
35,1.0,bb_mid,3,0.1,True,69,23.0,36.2,-2.06,8.85,-0.23,1h
35,2.0,atr_2x,7,0.1,True,61,20.3,50.8,-2.09,17.67,-0.12,1h
40,1.0,atr_3x,7,0.1,True,134,44.7,26.9,-2.24,25.38,-0.09,1h
40,1.5,atr_3x,3,0.1,False,575,191.7,33.7,-2.35,16.45,-0.14,1h
45,1.0,bb_mid,3,0.2,True,188,62.7,43.6,-2.36,14.46,-0.16,1h
30,2.0,bb_mid,3,0.3,True,12,4.0,66.7,-2.51,12.49,-0.2,1h
45,1.0,atr_3x,5,0.1,True,178,59.3,25.8,-2.52,17.37,-0.14,1h
30,1.5,bb_mid,3,0.3,True,12,4.0,58.3,-2.56,9.57,-0.27,1h
35,1.5,atr_2x,5,0.3,True,62,20.7,43.5,-2.58,30.46,-0.08,1h
45,2.0,atr_3x,5,0.2,True,145,48.3,42.8,-2.81,36.81,-0.08,1h
30,1.0,bb_mid,3,0.1,True,12,4.0,25.0,-2.83,2.87,-0.99,1h
30,2.0,bb_mid,5,0.2,True,12,4.0,66.7,-2.83,13.81,-0.21,1h
30,2.0,atr_3x,3,0.1,True,11,3.7,45.5,-2.84,5.02,-0.56,1h
30,1.5,bb_mid,5,0.2,True,12,4.0,58.3,-2.87,10.59,-0.27,1h
30,2.0,atr_2x,3,0.1,False,227,75.7,48.9,-2.94,12.51,-0.24,1h
30,2.0,atr_2x,3,0.1,True,11,3.7,45.5,-2.98,5.41,-0.55,1h
45,1.0,bb_mid,7,0.1,True,188,62.7,43.6,-3.02,16.7,-0.18,1h
35,1.0,atr_2x,3,0.1,True,69,23.0,30.4,-3.07,11.05,-0.28,1h
35,2.0,atr_3x,3,0.1,False,379,126.3,40.4,-3.17,23.13,-0.14,1h
40,1.5,atr_3x,7,0.2,True,122,40.7,35.2,-3.19,45.79,-0.07,1h
45,2.0,atr_3x,3,0.1,False,552,184.0,41.1,-3.21,23.66,-0.14,1h
35,2.0,atr_2x,3,0.3,True,61,20.3,50.8,-3.31,22.43,-0.15,1h
35,1.0,atr_3x,3,0.1,True,69,23.0,24.6,-3.35,12.77,-0.26,1h
45,1.0,atr_3x,3,0.2,True,178,59.3,25.8,-3.5,20.56,-0.17,1h
30,1.5,atr_3x,3,0.1,True,11,3.7,36.4,-3.55,4.94,-0.72,1h
35,1.0,bb_mid,5,0.1,True,69,23.0,36.2,-3.59,14.38,-0.25,1h
30,1.5,atr_2x,3,0.1,True,11,3.7,36.4,-3.69,5.32,-0.69,1h
35,1.5,atr_3x,7,0.1,False,427,142.3,34.0,-3.79,39.98,-0.09,1h
40,1.0,atr_3x,3,0.3,True,134,44.7,26.9,-3.9,31.61,-0.12,1h
30,1.0,atr_3x,3,0.1,True,12,4.0,16.7,-3.91,4.06,-0.96,1h
30,1.0,atr_2x,3,0.1,True,12,4.0,16.7,-4.01,4.45,-0.9,1h
35,2.0,atr_2x,5,0.2,True,61,20.3,50.8,-4.02,24.76,-0.16,1h
30,1.5,bb_mid,7,0.2,True,12,4.0,58.3,-4.17,14.6,-0.29,1h
30,2.0,bb_mid,7,0.2,True,12,4.0,66.7,-4.18,18.93,-0.22,1h
35,1.0,bb_mid,3,0.2,True,69,23.0,36.2,-4.39,17.04,-0.26,1h
40,1.5,atr_3x,5,0.3,True,122,40.7,35.2,-4.5,48.22,-0.09,1h
30,1.5,bb_mid,5,0.3,True,12,4.0,58.3,-4.51,15.58,-0.29,1h
30,2.0,bb_mid,5,0.3,True,12,4.0,66.7,-4.54,20.17,-0.23,1h
45,1.0,bb_mid,3,0.3,True,188,62.7,43.6,-4.56,21.03,-0.22,1h
45,1.0,atr_3x,7,0.1,True,178,59.3,25.8,-4.62,23.67,-0.2,1h
30,1.0,bb_mid,5,0.1,True,12,4.0,25.0,-4.69,4.75,-0.99,1h
30,2.0,atr_3x,5,0.1,True,11,3.7,45.5,-4.74,8.28,-0.57,1h
40,1.0,atr_3x,5,0.2,True,134,44.7,26.9,-4.89,34.58,-0.14,1h
30,2.0,atr_2x,5,0.1,True,11,3.7,45.5,-4.97,8.9,-0.56,1h
35,1.0,bb_mid,7,0.1,True,69,23.0,36.2,-5.23,19.62,-0.27,1h
35,1.0,atr_2x,5,0.1,True,69,23.0,30.4,-5.28,17.82,-0.3,1h
45,1.0,bb_mid,5,0.2,True,188,62.7,43.6,-5.43,23.13,-0.23,1h
30,1.0,bb_mid,3,0.2,True,12,4.0,25.0,-5.62,5.68,-0.99,1h
30,2.0,atr_3x,3,0.2,True,11,3.7,45.5,-5.7,9.88,-0.58,1h
35,1.0,atr_3x,5,0.1,True,69,23.0,24.6,-5.83,20.48,-0.28,1h
30,1.5,atr_3x,5,0.1,True,11,3.7,36.4,-5.89,8.13,-0.72,1h
30,2.0,atr_2x,3,0.2,True,11,3.7,45.5,-5.97,10.61,-0.56,1h
45,1.5,atr_3x,7,0.3,True,161,53.7,35.4,-6.02,64.9,-0.09,1h
30,2.0,atr_2x,5,0.1,False,227,75.7,48.9,-6.09,20.55,-0.3,1h
30,1.5,atr_2x,5,0.1,True,11,3.7,36.4,-6.12,8.75,-0.7,1h
35,1.0,atr_2x,3,0.2,True,69,23.0,30.4,-6.43,21.04,-0.31,1h
30,1.0,atr_3x,5,0.1,True,12,4.0,16.7,-6.45,6.7,-0.96,1h
30,1.0,bb_mid,7,0.1,True,12,4.0,25.0,-6.54,6.61,-0.99,1h
30,1.0,atr_2x,5,0.1,True,12,4.0,16.7,-6.61,7.32,-0.9,1h
30,1.5,bb_mid,7,0.3,True,12,4.0,58.3,-6.65,21.29,-0.31,1h
30,2.0,atr_3x,7,0.1,True,11,3.7,45.5,-6.66,11.46,-0.58,1h
40,2.0,atr_3x,7,0.2,True,114,38.0,42.1,-6.7,40.55,-0.17,1h
30,2.0,bb_mid,7,0.3,True,12,4.0,66.7,-6.84,27.36,-0.25,1h
30,2.0,atr_2x,7,0.1,True,11,3.7,45.5,-6.96,12.29,-0.57,1h
35,1.0,bb_mid,3,0.3,True,69,23.0,36.2,-6.98,24.59,-0.28,1h
35,1.5,atr_2x,7,0.3,True,62,20.7,43.5,-7.05,41.33,-0.17,1h
30,1.5,atr_3x,3,0.2,True,11,3.7,36.4,-7.06,9.7,-0.73,1h
40,1.5,atr_3x,5,0.1,False,575,191.7,33.7,-7.08,26.26,-0.27,1h
35,1.0,atr_3x,3,0.2,True,69,23.0,24.6,-7.13,24.1,-0.3,1h
45,1.0,atr_3x,3,0.3,True,178,59.3,25.8,-7.27,29.63,-0.25,1h
30,1.5,atr_2x,3,0.2,True,11,3.7,36.4,-7.32,10.43,-0.7,1h
35,2.0,atr_2x,7,0.2,True,61,20.3,50.8,-7.49,33.7,-0.22,1h
30,1.0,atr_2x,3,0.1,False,265,88.3,32.1,-7.52,15.78,-0.48,1h
35,1.0,atr_2x,7,0.1,True,69,23.0,30.4,-7.6,24.14,-0.31,1h
30,1.0,atr_3x,3,0.2,True,12,4.0,16.7,-7.71,8.0,-0.96,1h
35,1.0,bb_mid,5,0.2,True,69,23.0,36.2,-7.9,26.97,-0.29,1h
30,1.0,atr_2x,3,0.2,True,12,4.0,16.7,-7.9,8.74,-0.9,1h
35,2.0,atr_3x,5,0.1,False,379,126.3,40.4,-7.97,36.96,-0.22,1h
30,2.0,atr_2x,3,0.2,False,227,75.7,48.9,-7.99,24.44,-0.33,1h
30,1.5,atr_2x,3,0.1,False,240,80.0,41.2,-8.08,15.74,-0.51,1h
30,2.0,bb_mid,3,0.1,False,235,78.3,57.0,-8.21,15.85,-0.52,1h
30,1.5,atr_3x,7,0.1,True,11,3.7,36.4,-8.22,11.25,-0.73,1h
40,2.0,atr_3x,5,0.3,True,114,38.0,42.1,-8.35,42.92,-0.19,1h
30,1.0,bb_mid,3,0.3,True,12,4.0,25.0,-8.38,8.44,-0.99,1h
35,1.0,atr_3x,7,0.1,True,69,23.0,24.6,-8.47,27.58,-0.31,1h
35,2.0,atr_2x,5,0.3,True,61,20.3,50.8,-8.5,35.84,-0.24,1h
30,1.5,atr_2x,7,0.1,True,11,3.7,36.4,-8.52,12.08,-0.71,1h
30,2.0,atr_3x,3,0.3,True,11,3.7,45.5,-8.58,14.56,-0.59,1h
45,1.0,atr_3x,5,0.2,True,178,59.3,25.8,-8.79,32.47,-0.27,1h
45,2.0,atr_2x,3,0.1,False,605,201.7,49.3,-8.83,24.48,-0.36,1h
30,1.0,atr_3x,7,0.1,True,12,4.0,16.7,-8.95,9.28,-0.96,1h
30,2.0,atr_2x,3,0.3,True,11,3.7,45.5,-8.96,15.58,-0.57,1h
45,2.0,atr_3x,5,0.1,False,552,184.0,41.1,-8.97,36.94,-0.24,1h
30,1.0,atr_2x,7,0.1,True,12,4.0,16.7,-9.17,10.13,-0.91,1h
30,1.5,atr_3x,3,0.1,False,232,77.3,32.8,-9.18,17.04,-0.54,1h
30,1.0,bb_mid,5,0.2,True,12,4.0,25.0,-9.29,9.35,-0.99,1h
35,1.5,atr_3x,3,0.3,False,427,142.3,34.0,-9.33,50.13,-0.19,1h
30,2.0,atr_3x,5,0.2,True,11,3.7,45.5,-9.54,16.09,-0.59,1h
45,1.0,bb_mid,7,0.2,True,188,62.7,43.6,-9.55,31.27,-0.31,1h
45,2.0,atr_3x,7,0.2,True,145,48.3,42.8,-9.65,49.53,-0.19,1h
40,1.0,atr_3x,7,0.2,True,134,44.7,26.9,-9.75,45.48,-0.21,1h
30,2.0,atr_2x,5,0.2,True,11,3.7,45.5,-9.95,17.2,-0.58,1h
35,1.0,atr_2x,3,0.3,True,69,23.0,30.4,-10.02,30.03,-0.33,1h
30,2.0,atr_3x,3,0.1,False,218,72.7,39.9,-10.02,18.77,-0.53,1h
30,2.0,atr_2x,7,0.1,False,227,75.7,48.9,-10.08,28.33,-0.36,1h
40,1.5,atr_3x,3,0.2,False,575,191.7,33.7,-10.25,30.83,-0.33,1h
40,2.0,atr_3x,3,0.1,False,500,166.7,40.0,-10.33,22.21,-0.46,1h
35,2.0,bb_mid,3,0.1,False,429,143.0,58.7,-10.47,20.63,-0.51,1h
30,1.5,atr_3x,3,0.3,True,11,3.7,36.4,-10.52,14.3,-0.74,1h
45,1.0,bb_mid,5,0.3,True,188,62.7,43.6,-10.73,33.28,-0.32,1h
30,1.5,atr_2x,3,0.3,True,11,3.7,36.4,-10.89,15.32,-0.71,1h
35,2.0,atr_3x,3,0.2,False,379,126.3,40.4,-11.06,43.29,-0.26,1h
40,1.0,atr_3x,5,0.3,True,134,44.7,26.9,-11.18,47.97,-0.23,1h
35,1.0,atr_3x,3,0.3,True,69,23.0,24.6,-11.26,34.13,-0.33,1h
35,1.0,atr_2x,5,0.2,True,69,23.0,30.4,-11.27,32.82,-0.34,1h
30,1.0,atr_3x,3,0.3,True,12,4.0,16.7,-11.41,11.82,-0.97,1h
30,1.0,atr_3x,3,0.1,False,260,86.7,24.2,-11.47,21.56,-0.53,1h
30,1.5,atr_3x,5,0.2,True,11,3.7,36.4,-11.66,15.79,-0.74,1h
30,1.0,atr_2x,3,0.3,True,12,4.0,16.7,-11.67,12.87,-0.91,1h
45,2.0,atr_3x,5,0.3,True,145,48.3,42.8,-11.76,52.46,-0.22,1h
35,1.0,bb_mid,7,0.2,True,69,23.0,36.2,-11.79,35.86,-0.33,1h
30,1.5,atr_2x,5,0.2,True,11,3.7,36.4,-12.07,16.9,-0.71,1h
40,2.0,bb_mid,3,0.1,False,600,200.0,60.2,-12.1,19.32,-0.63,1h
35,1.5,atr_2x,3,0.1,False,446,148.7,40.8,-12.59,23.26,-0.54,1h
30,1.0,atr_3x,5,0.2,True,12,4.0,16.7,-12.62,13.06,-0.97,1h
35,1.5,atr_3x,5,0.2,False,427,142.3,34.0,-12.67,54.82,-0.23,1h
35,1.0,atr_3x,5,0.2,True,69,23.0,24.6,-12.7,37.2,-0.34,1h
45,2.0,atr_3x,3,0.2,False,552,184.0,41.1,-12.76,42.88,-0.3,1h
35,1.0,bb_mid,5,0.3,True,69,23.0,36.2,-12.81,37.93,-0.34,1h
45,1.5,atr_2x,3,0.1,False,670,223.3,41.5,-12.88,17.36,-0.74,1h
30,1.0,bb_mid,7,0.2,True,12,4.0,25.0,-12.89,12.91,-1.0,1h
30,1.0,atr_2x,5,0.2,True,12,4.0,16.7,-12.91,14.21,-0.91,1h
30,1.0,atr_2x,5,0.1,False,265,88.3,32.1,-12.94,25.06,-0.52,1h
30,2.0,atr_3x,7,0.2,True,11,3.7,45.5,-13.39,22.0,-0.61,1h
30,1.0,bb_mid,5,0.3,True,12,4.0,25.0,-13.78,13.79,-1.0,1h
40,1.5,atr_3x,7,0.1,False,575,191.7,33.7,-13.87,35.17,-0.39,1h
35,2.0,atr_2x,3,0.1,False,402,134.0,47.8,-13.93,26.49,-0.53,1h
30,2.0,atr_2x,7,0.2,True,11,3.7,45.5,-13.94,23.42,-0.6,1h
30,1.5,atr_2x,5,0.1,False,240,80.0,41.2,-14.05,25.39,-0.55,1h
30,2.0,bb_mid,5,0.1,False,235,78.3,57.0,-14.18,25.7,-0.55,1h
30,2.0,atr_3x,5,0.3,True,11,3.7,45.5,-14.36,23.43,-0.61,1h
35,2.0,atr_3x,7,0.1,False,379,126.3,40.4,-14.53,49.21,-0.3,1h
40,1.5,atr_3x,7,0.3,True,122,40.7,35.2,-14.55,60.94,-0.24,1h
30,2.0,atr_2x,3,0.3,False,227,75.7,48.9,-14.8,35.89,-0.41,1h
30,2.0,atr_2x,5,0.3,True,11,3.7,45.5,-14.93,24.92,-0.6,1h
35,2.0,atr_2x,7,0.3,True,61,20.3,50.8,-15.63,47.81,-0.33,1h
30,1.0,atr_2x,3,0.2,False,265,88.3,32.1,-15.73,29.36,-0.54,1h
45,1.0,atr_3x,7,0.2,True,178,59.3,25.8,-15.92,43.01,-0.37,1h
30,1.5,atr_3x,5,0.1,False,232,77.3,32.8,-16.16,27.71,-0.58,1h
30,1.5,atr_3x,7,0.2,True,11,3.7,36.4,-16.18,21.58,-0.75,1h
30,1.5,bb_mid,3,0.1,False,242,80.7,46.3,-16.34,22.09,-0.74,1h
30,1.0,bb_mid,3,0.1,False,269,89.7,34.9,-16.41,19.27,-0.85,1h
35,1.0,atr_2x,7,0.2,True,69,23.0,30.4,-16.43,43.03,-0.38,1h
30,1.5,atr_2x,7,0.2,True,11,3.7,36.4,-16.71,23.01,-0.73,1h
45,1.5,atr_3x,7,0.2,False,630,210.0,34.6,-16.76,60.01,-0.28,1h
45,2.0,atr_2x,5,0.1,False,605,201.7,49.3,-16.76,38.09,-0.44,1h
40,2.0,atr_2x,3,0.1,False,547,182.3,47.9,-16.97,24.71,-0.69,1h
45,2.0,atr_3x,7,0.1,False,552,184.0,41.1,-17.03,48.37,-0.35,1h
30,1.5,atr_2x,3,0.2,False,240,80.0,41.2,-17.17,29.95,-0.57,1h
30,2.0,bb_mid,3,0.2,False,235,78.3,57.0,-17.26,30.38,-0.57,1h
30,1.5,atr_3x,5,0.3,True,11,3.7,36.4,-17.29,22.99,-0.75,1h
30,1.0,atr_3x,7,0.2,True,12,4.0,16.7,-17.34,17.93,-0.97,1h
30,2.0,atr_2x,5,0.2,False,227,75.7,48.9,-17.39,39.53,-0.44,1h
30,2.0,atr_3x,5,0.1,False,218,72.7,39.9,-17.58,30.42,-0.58,1h
30,1.0,atr_2x,7,0.2,True,12,4.0,16.7,-17.72,19.42,-0.91,1h
35,1.0,atr_2x,5,0.3,True,69,23.0,30.4,-17.76,45.36,-0.39,1h
30,1.5,atr_2x,5,0.3,True,11,3.7,36.4,-17.85,24.48,-0.73,1h
45,1.0,atr_3x,5,0.3,True,178,59.3,25.8,-17.92,45.44,-0.39,1h
35,1.0,atr_3x,3,0.1,False,489,163.0,23.9,-17.98,25.06,-0.72,1h
35,2.0,bb_mid,5,0.1,False,429,143.0,58.7,-18.12,32.83,-0.55,1h
40,1.5,atr_2x,3,0.1,False,608,202.7,40.5,-18.2,22.22,-0.82,1h
35,1.5,bb_mid,3,0.1,False,461,153.7,48.8,-18.38,26.27,-0.7,1h
30,1.0,atr_3x,5,0.3,True,12,4.0,16.7,-18.5,19.11,-0.97,1h
30,1.0,atr_2x,7,0.1,False,265,88.3,32.1,-18.57,33.44,-0.56,1h
35,1.0,atr_3x,7,0.2,True,69,23.0,24.6,-18.72,48.26,-0.39,1h
45,1.0,bb_mid,7,0.3,True,188,62.7,43.6,-18.81,45.12,-0.42,1h
30,1.0,atr_2x,5,0.3,True,12,4.0,16.7,-18.89,20.68,-0.91,1h
30,1.0,bb_mid,7,0.3,True,12,4.0,25.0,-19.03,19.03,-1.0,1h
35,1.0,bb_mid,7,0.3,True,69,23.0,36.2,-19.31,49.2,-0.39,1h
30,1.0,atr_3x,5,0.1,False,260,86.7,24.2,-19.34,33.51,-0.58,1h
40,2.0,atr_3x,5,0.1,False,500,166.7,40.0,-19.55,35.62,-0.55,1h
40,1.5,bb_mid,3,0.1,False,646,215.3,50.9,-19.75,23.74,-0.83,1h
30,1.5,atr_3x,3,0.2,False,232,77.3,32.8,-19.83,32.79,-0.6,1h
30,2.0,atr_3x,7,0.3,True,11,3.7,45.5,-20.15,31.65,-0.64,1h
35,1.0,atr_3x,5,0.3,True,69,23.0,24.6,-20.27,50.74,-0.4,1h
45,2.0,bb_mid,3,0.1,False,659,219.7,60.4,-20.29,25.82,-0.79,1h
30,1.5,atr_2x,7,0.1,False,240,80.0,41.2,-20.34,34.33,-0.59,1h
30,2.0,bb_mid,7,0.1,False,235,78.3,57.0,-20.4,34.89,-0.58,1h
40,2.0,atr_3x,7,0.3,True,114,38.0,42.1,-20.51,55.76,-0.37,1h
40,2.0,bb_mid,5,0.1,False,600,200.0,60.2,-20.84,31.16,-0.67,1h
30,2.0,atr_2x,7,0.3,True,11,3.7,45.5,-20.87,33.47,-0.62,1h
40,1.0,atr_3x,7,0.3,True,134,44.7,26.9,-21.06,61.03,-0.35,1h
45,2.0,atr_2x,3,0.2,False,605,201.7,49.3,-21.15,44.14,-0.48,1h
30,2.0,atr_3x,3,0.2,False,218,72.7,39.9,-21.52,35.92,-0.6,1h
35,1.5,atr_2x,5,0.1,False,446,148.7,40.8,-21.55,36.64,-0.59,1h
35,2.0,bb_mid,3,0.2,False,429,143.0,58.7,-22.06,38.45,-0.57,1h
45,1.5,atr_3x,5,0.3,False,630,210.0,34.6,-22.19,62.78,-0.35,1h
40,1.5,atr_3x,3,0.3,False,575,191.7,33.7,-22.23,43.24,-0.51,1h
35,2.0,atr_3x,3,0.3,False,379,126.3,40.4,-22.42,59.81,-0.37,1h
45,1.5,atr_2x,5,0.1,False,670,223.3,41.5,-22.57,28.75,-0.78,1h
30,1.0,atr_3x,3,0.2,False,260,86.7,24.2,-23.28,38.86,-0.6,1h
30,1.5,atr_3x,7,0.1,False,232,77.3,32.8,-23.56,37.66,-0.63,1h
35,2.0,atr_2x,5,0.1,False,402,134.0,47.8,-23.72,41.13,-0.58,1h
30,1.5,atr_3x,7,0.3,True,11,3.7,36.4,-23.84,31.03,-0.77,1h
30,1.0,atr_2x,3,0.3,False,265,88.3,32.1,-24.33,41.0,-0.59,1h
30,1.5,atr_2x,7,0.3,True,11,3.7,36.4,-24.53,32.86,-0.75,1h
40,2.0,atr_3x,3,0.2,False,500,166.7,40.0,-24.61,42.05,-0.59,1h
30,1.0,atr_3x,7,0.3,True,12,4.0,16.7,-25.18,25.95,-0.97,1h
40,2.0,bb_mid,3,0.2,False,600,200.0,60.2,-25.31,36.71,-0.69,1h
30,2.0,atr_3x,7,0.1,False,218,72.7,39.9,-25.53,41.17,-0.62,1h
30,1.0,atr_2x,7,0.3,True,12,4.0,16.7,-25.66,27.92,-0.92,1h
45,2.0,atr_2x,7,0.1,False,605,201.7,49.3,-25.75,49.71,-0.52,1h
35,1.0,atr_2x,7,0.3,True,69,23.0,30.4,-25.96,57.66,-0.45,1h
35,2.0,bb_mid,7,0.1,False,429,143.0,58.7,-26.04,43.74,-0.6,1h
35,1.5,atr_2x,3,0.2,False,446,148.7,40.8,-26.09,42.69,-0.61,1h
30,1.0,bb_mid,5,0.1,False,269,89.7,34.9,-26.31,30.28,-0.87,1h
30,1.5,bb_mid,5,0.1,False,242,80.7,46.3,-26.35,34.48,-0.76,1h
35,1.0,atr_2x,3,0.1,False,499,166.3,29.9,-26.67,32.38,-0.82,1h
45,2.0,atr_3x,3,0.3,False,552,184.0,41.1,-26.69,58.1,-0.46,1h
35,2.0,atr_3x,5,0.2,False,379,126.3,40.4,-26.72,64.52,-0.41,1h
30,2.0,bb_mid,3,0.3,False,235,78.3,57.0,-26.77,43.38,-0.62,1h
45,2.0,atr_3x,7,0.3,True,145,48.3,42.8,-26.8,67.79,-0.4,1h
40,1.5,atr_3x,5,0.2,False,575,191.7,33.7,-26.81,46.96,-0.57,1h
30,1.5,atr_2x,3,0.3,False,240,80.0,41.2,-26.81,42.53,-0.63,1h
45,1.5,bb_mid,3,0.1,False,714,238.0,51.0,-26.91,30.63,-0.88,1h
45,1.0,atr_3x,3,0.1,False,732,244.0,23.6,-27.18,31.17,-0.87,1h
45,1.0,atr_2x,3,0.1,False,773,257.7,31.3,-27.19,32.35,-0.84,1h
30,1.0,atr_3x,7,0.1,False,260,86.7,24.2,-27.2,43.81,-0.62,1h
30,1.0,atr_2x,5,0.2,False,265,88.3,32.1,-27.23,44.49,-0.61,1h
45,1.5,atr_2x,3,0.2,False,670,223.3,41.5,-27.57,34.27,-0.8,1h
40,1.0,atr_2x,3,0.1,False,693,231.0,31.0,-28.32,33.26,-0.85,1h
40,2.0,atr_2x,5,0.1,False,547,182.3,47.9,-28.58,39.0,-0.73,1h
35,1.5,atr_3x,7,0.2,False,427,142.3,34.0,-28.6,70.83,-0.4,1h
35,2.0,atr_2x,3,0.2,False,402,134.0,47.8,-28.63,47.58,-0.6,1h
30,2.0,atr_2x,7,0.2,False,227,75.7,48.9,-28.89,53.02,-0.54,1h
35,1.0,atr_3x,5,0.1,False,489,163.0,23.9,-29.6,39.17,-0.76,1h
35,1.5,bb_mid,5,0.1,False,461,153.7,48.8,-29.71,40.51,-0.73,1h
35,1.0,bb_mid,3,0.1,False,508,169.3,35.2,-29.73,34.51,-0.86,1h
40,2.0,bb_mid,7,0.1,False,600,200.0,60.2,-29.79,41.99,-0.71,1h
35,1.0,atr_3x,7,0.3,True,69,23.0,24.6,-29.82,63.52,-0.47,1h
40,2.0,atr_3x,7,0.1,False,500,166.7,40.0,-29.85,48.13,-0.62,1h
30,2.0,bb_mid,5,0.2,False,235,78.3,57.0,-29.98,47.35,-0.63,1h
30,1.5,atr_2x,5,0.2,False,240,80.0,41.2,-30.08,46.41,-0.65,1h
40,1.5,atr_2x,5,0.1,False,608,202.7,40.5,-30.11,35.68,-0.84,1h
35,1.5,atr_2x,7,0.1,False,446,148.7,40.8,-30.63,48.32,-0.63,1h
30,1.0,bb_mid,3,0.2,False,269,89.7,34.9,-30.95,35.29,-0.88,1h
30,1.5,bb_mid,3,0.2,False,242,80.7,46.3,-31.08,40.04,-0.78,1h
45,1.0,atr_3x,7,0.3,True,178,59.3,25.8,-31.15,58.36,-0.53,1h
30,1.5,atr_3x,3,0.3,False,232,77.3,32.8,-31.16,46.79,-0.67,1h
40,1.5,bb_mid,5,0.1,False,646,215.3,50.9,-31.86,37.38,-0.85,1h
45,2.0,atr_3x,5,0.2,False,552,184.0,41.1,-31.88,62.38,-0.51,1h
30,2.0,atr_2x,5,0.3,False,227,75.7,48.9,-31.95,56.09,-0.57,1h
40,1.0,atr_3x,3,0.1,False,656,218.7,23.0,-32.09,34.9,-0.92,1h
40,1.0,bb_mid,3,0.1,False,719,239.7,37.8,-32.39,36.57,-0.89,1h
45,1.5,atr_2x,7,0.1,False,670,223.3,41.5,-32.59,39.61,-0.82,1h
45,2.0,bb_mid,5,0.1,False,659,219.7,60.4,-32.86,40.43,-0.81,1h
35,1.5,atr_3x,5,0.3,False,427,142.3,34.0,-32.97,74.12,-0.44,1h
35,2.0,atr_2x,7,0.1,False,402,134.0,47.8,-33.5,53.48,-0.63,1h
30,2.0,atr_3x,3,0.3,False,218,72.7,39.9,-33.63,50.89,-0.66,1h
35,2.0,bb_mid,3,0.3,False,429,143.0,58.7,-34.02,53.36,-0.64,1h
40,2.0,atr_2x,3,0.2,False,547,182.3,47.9,-34.28,45.45,-0.75,1h
30,1.0,atr_3x,3,0.3,False,260,86.7,24.2,-34.88,52.64,-0.66,1h
30,1.5,atr_3x,5,0.2,False,232,77.3,32.8,-34.97,51.02,-0.69,1h
35,1.5,bb_mid,3,0.2,False,461,153.7,48.8,-35.04,46.74,-0.75,1h
35,1.0,atr_3x,3,0.2,False,489,163.0,23.9,-35.17,45.46,-0.77,1h
45,2.0,atr_2x,3,0.3,False,605,201.7,49.3,-35.3,59.53,-0.59,1h
30,1.0,bb_mid,7,0.1,False,269,89.7,34.9,-35.39,39.98,-0.89,1h
30,1.5,bb_mid,7,0.1,False,242,80.7,46.3,-35.61,45.2,-0.79,1h
40,1.5,atr_2x,3,0.2,False,608,202.7,40.5,-35.84,41.9,-0.86,1h
40,1.5,bb_mid,3,0.2,False,646,215.3,50.9,-37.54,43.54,-0.86,1h
30,2.0,atr_3x,5,0.2,False,218,72.7,39.9,-37.66,55.34,-0.68,1h
45,1.0,bb_mid,3,0.1,False,802,267.3,38.0,-37.82,42.18,-0.9,1h
35,2.0,bb_mid,5,0.2,False,429,143.0,58.7,-37.98,57.69,-0.66,1h
30,1.0,atr_3x,5,0.2,False,260,86.7,24.2,-38.63,56.56,-0.68,1h
40,2.0,bb_mid,3,0.3,False,600,200.0,60.2,-38.67,51.73,-0.75,1h
30,1.0,atr_2x,7,0.2,False,265,88.3,32.1,-38.75,56.89,-0.68,1h
45,2.0,bb_mid,3,0.2,False,659,219.7,60.4,-38.76,46.94,-0.83,1h
35,1.5,atr_2x,3,0.3,False,446,148.7,40.8,-39.55,58.35,-0.68,1h
40,2.0,atr_2x,7,0.1,False,547,182.3,47.9,-39.84,51.42,-0.77,1h
45,2.0,atr_2x,5,0.2,False,605,201.7,49.3,-40.13,63.82,-0.63,1h
35,1.5,bb_mid,7,0.1,False,461,153.7,48.8,-40.14,52.43,-0.77,1h
40,2.0,atr_3x,3,0.3,False,500,166.7,40.0,-40.52,59.13,-0.69,1h
35,1.0,atr_3x,7,0.1,False,489,163.0,23.9,-40.54,51.25,-0.79,1h
35,1.0,atr_2x,5,0.1,False,499,166.3,29.9,-41.18,48.5,-0.85,1h
40,1.5,atr_2x,7,0.1,False,608,202.7,40.5,-41.37,47.76,-0.87,1h
30,1.0,atr_2x,5,0.3,False,265,88.3,32.1,-41.57,59.72,-0.7,1h
45,1.5,bb_mid,5,0.1,False,714,238.0,51.0,-41.8,46.64,-0.9,1h
45,1.0,atr_2x,5,0.1,False,773,257.7,31.3,-42.22,48.85,-0.86,1h
45,1.5,atr_2x,3,0.3,False,670,223.3,41.5,-42.52,49.66,-0.86,1h
30,2.0,bb_mid,7,0.2,False,235,78.3,57.0,-42.65,61.38,-0.69,1h
45,1.0,atr_3x,5,0.1,False,732,244.0,23.6,-42.71,47.8,-0.89,1h
40,1.5,bb_mid,7,0.1,False,646,215.3,50.9,-42.93,49.26,-0.87,1h
35,2.0,atr_2x,3,0.3,False,402,134.0,47.8,-42.98,63.73,-0.67,1h
40,2.0,bb_mid,5,0.2,False,600,200.0,60.2,-43.0,56.18,-0.77,1h
30,1.5,atr_2x,7,0.2,False,240,80.0,41.2,-43.01,60.26,-0.71,1h
40,1.0,atr_2x,5,0.1,False,693,231.0,31.0,-43.58,49.88,-0.87,1h
30,1.0,bb_mid,3,0.3,False,269,89.7,34.9,-43.64,48.68,-0.9,1h
35,1.5,atr_2x,5,0.2,False,446,148.7,40.8,-43.88,62.77,-0.7,1h
30,1.5,bb_mid,3,0.3,False,242,80.7,46.3,-44.08,54.41,-0.81,1h
45,2.0,bb_mid,7,0.1,False,659,219.7,60.4,-44.37,52.93,-0.84,1h
35,2.0,atr_3x,7,0.2,False,379,126.3,40.4,-44.84,79.41,-0.56,1h
35,1.0,bb_mid,5,0.1,False,508,169.3,35.2,-45.08,51.14,-0.88,1h
30,2.0,bb_mid,5,0.3,False,235,78.3,57.0,-45.72,64.44,-0.71,1h
40,2.0,atr_3x,5,0.2,False,500,166.7,40.0,-45.79,64.02,-0.72,1h
40,1.5,atr_3x,7,0.2,False,575,191.7,33.7,-46.11,60.84,-0.76,1h
30,1.5,atr_2x,5,0.3,False,240,80.0,41.2,-46.14,63.28,-0.73,1h
45,1.5,atr_2x,5,0.2,False,670,223.3,41.5,-47.32,54.33,-0.87,1h
30,1.0,bb_mid,5,0.2,False,269,89.7,34.9,-47.47,52.63,-0.9,1h
35,1.0,atr_2x,3,0.2,False,499,166.3,29.9,-47.53,55.21,-0.86,1h
35,2.0,atr_2x,5,0.2,False,402,134.0,47.8,-47.53,68.14,-0.7,1h
30,1.5,bb_mid,5,0.2,False,242,80.7,46.3,-48.03,58.5,-0.82,1h
45,1.5,bb_mid,3,0.2,False,714,238.0,51.0,-48.36,53.47,-0.9,1h
40,1.0,bb_mid,5,0.1,False,719,239.7,37.8,-48.62,53.79,-0.9,1h
40,1.0,atr_3x,5,0.1,False,656,218.7,23.0,-48.81,52.22,-0.93,1h
45,1.0,atr_2x,3,0.2,False,773,257.7,31.3,-48.83,55.78,-0.88,1h
35,2.0,atr_3x,5,0.3,False,379,126.3,40.4,-49.34,82.23,-0.6,1h
35,1.5,bb_mid,3,0.3,False,461,153.7,48.8,-49.59,62.31,-0.8,1h
45,1.0,atr_3x,3,0.2,False,732,244.0,23.6,-49.62,54.9,-0.9,1h
30,1.5,atr_3x,7,0.2,False,232,77.3,32.8,-49.72,65.71,-0.76,1h
40,1.0,atr_2x,3,0.2,False,693,231.0,31.0,-50.2,56.78,-0.88,1h
40,2.0,atr_2x,3,0.3,False,547,182.3,47.9,-50.39,61.96,-0.81,1h
35,1.0,atr_3x,3,0.3,False,489,163.0,23.9,-50.56,61.41,-0.82,1h
30,2.0,atr_2x,7,0.3,False,227,75.7,48.9,-50.57,71.88,-0.7,1h
40,1.5,atr_3x,5,0.3,False,575,191.7,33.7,-50.86,64.74,-0.79,1h
35,1.0,bb_mid,3,0.2,False,508,169.3,35.2,-51.62,57.94,-0.89,1h
40,1.5,atr_2x,3,0.3,False,608,202.7,40.5,-51.72,58.31,-0.89,1h
30,1.0,atr_3x,7,0.2,False,260,86.7,24.2,-52.63,69.47,-0.76,1h
40,1.5,bb_mid,3,0.3,False,646,215.3,50.9,-52.84,59.42,-0.89,1h
45,2.0,atr_3x,7,0.2,False,552,184.0,41.1,-52.96,76.08,-0.7,1h
35,2.0,bb_mid,7,0.2,False,429,143.0,58.7,-53.06,72.1,-0.74,1h
30,2.0,atr_3x,7,0.2,False,218,72.7,39.9,-53.09,70.42,-0.75,1h
30,1.5,atr_3x,5,0.3,False,232,77.3,32.8,-53.2,68.83,-0.77,1h
35,1.0,atr_2x,7,0.1,False,499,166.3,29.9,-53.32,61.13,-0.87,1h
35,1.5,bb_mid,5,0.2,False,461,153.7,48.8,-53.93,66.56,-0.81,1h
45,1.5,bb_mid,7,0.1,False,714,238.0,51.0,-54.36,59.57,-0.91,1h
45,2.0,bb_mid,3,0.3,False,659,219.7,60.4,-54.67,63.41,-0.86,1h
45,1.0,atr_2x,7,0.1,False,773,257.7,31.3,-54.86,61.91,-0.89,1h
45,1.5,atr_3x,7,0.3,False,630,210.0,34.6,-55.11,76.21,-0.72,1h
35,1.0,atr_3x,5,0.2,False,489,163.0,23.9,-55.19,65.83,-0.84,1h
40,2.0,atr_2x,5,0.2,False,547,182.3,47.9,-55.31,66.56,-0.83,1h
45,1.0,bb_mid,5,0.1,False,802,267.3,38.0,-55.37,60.44,-0.92,1h
40,1.0,bb_mid,3,0.2,False,719,239.7,37.8,-55.4,60.72,-0.91,1h
30,1.0,atr_3x,5,0.3,False,260,86.7,24.2,-55.84,72.1,-0.77,1h
40,1.0,atr_3x,3,0.2,False,656,218.7,23.0,-55.88,59.34,-0.94,1h
45,1.0,atr_3x,7,0.1,False,732,244.0,23.6,-55.93,61.25,-0.91,1h
40,1.0,atr_2x,7,0.1,False,693,231.0,31.0,-56.2,62.86,-0.89,1h
40,1.5,atr_2x,5,0.2,False,608,202.7,40.5,-56.49,63.01,-0.9,1h
35,2.0,bb_mid,5,0.3,False,429,143.0,58.7,-56.56,75.02,-0.75,1h
30,2.0,atr_3x,5,0.3,False,218,72.7,39.9,-56.68,73.53,-0.77,1h
40,1.5,bb_mid,5,0.2,False,646,215.3,50.9,-57.35,63.89,-0.9,1h
30,1.0,atr_2x,7,0.3,False,265,88.3,32.1,-57.38,73.75,-0.78,1h
35,1.0,bb_mid,7,0.1,False,508,169.3,35.2,-57.46,63.87,-0.9,1h
45,2.0,atr_3x,5,0.3,False,552,184.0,41.1,-57.92,78.75,-0.74,1h
45,2.0,atr_2x,7,0.2,False,605,201.7,49.3,-58.59,77.43,-0.76,1h
35,1.5,atr_3x,7,0.3,False,427,142.3,34.0,-58.63,88.4,-0.66,1h
40,2.0,bb_mid,7,0.2,False,600,200.0,60.2,-59.07,71.15,-0.83,1h
45,2.0,bb_mid,5,0.2,False,659,219.7,60.4,-59.33,67.94,-0.87,1h
35,1.5,atr_2x,7,0.2,False,446,148.7,40.8,-59.8,76.95,-0.78,1h
30,1.0,bb_mid,7,0.2,False,269,89.7,34.9,-60.86,66.01,-0.92,1h
40,1.0,bb_mid,7,0.1,False,719,239.7,37.8,-61.39,66.7,-0.92,1h
30,1.5,bb_mid,7,0.2,False,242,80.7,46.3,-61.86,71.9,-0.86,1h
40,1.0,atr_3x,7,0.1,False,656,218.7,23.0,-62.16,65.55,-0.95,1h
45,1.0,bb_mid,3,0.2,False,802,267.3,38.0,-62.36,67.42,-0.93,1h
30,2.0,bb_mid,7,0.3,False,235,78.3,57.0,-62.67,79.18,-0.79,1h
40,2.0,bb_mid,5,0.3,False,600,200.0,60.2,-62.69,74.22,-0.84,1h
45,2.0,atr_2x,5,0.3,False,605,201.7,49.3,-62.79,80.06,-0.78,1h
35,1.0,atr_2x,3,0.3,False,499,166.3,29.9,-63.35,70.93,-0.89,1h
30,1.5,atr_2x,7,0.3,False,240,80.0,41.2,-63.35,77.98,-0.81,1h
35,1.5,atr_2x,5,0.3,False,446,148.7,40.8,-63.35,79.7,-0.79,1h
30,1.0,bb_mid,5,0.3,False,269,89.7,34.9,-63.75,68.81,-0.93,1h
35,2.0,atr_2x,7,0.2,False,402,134.0,47.8,-63.9,81.65,-0.78,1h
45,1.5,atr_2x,7,0.2,False,670,223.3,41.5,-64.7,70.57,-0.92,1h
45,1.5,bb_mid,3,0.3,False,714,238.0,51.0,-64.74,69.81,-0.93,1h
30,1.5,bb_mid,5,0.3,False,242,80.7,46.3,-64.85,74.59,-0.87,1h
40,2.0,atr_3x,7,0.2,False,500,166.7,40.0,-65.12,79.56,-0.82,1h
45,1.0,atr_2x,3,0.3,False,773,257.7,31.3,-65.28,72.06,-0.91,1h
40,1.0,atr_2x,3,0.3,False,693,231.0,31.0,-66.46,72.84,-0.91,1h
45,1.0,atr_3x,3,0.3,False,732,244.0,23.6,-66.83,71.84,-0.93,1h
35,1.0,bb_mid,3,0.3,False,508,169.3,35.2,-67.34,73.5,-0.92,1h
35,2.0,atr_2x,5,0.3,False,402,134.0,47.8,-67.46,84.15,-0.8,1h
35,1.0,atr_2x,5,0.2,False,499,166.3,29.9,-67.65,74.94,-0.9,1h
45,1.0,bb_mid,7,0.1,False,802,267.3,38.0,-68.35,73.24,-0.93,1h
45,1.5,atr_2x,5,0.3,False,670,223.3,41.5,-68.47,74.04,-0.92,1h
35,1.5,bb_mid,7,0.2,False,461,153.7,48.8,-68.76,79.76,-0.86,1h
45,1.5,bb_mid,5,0.2,False,714,238.0,51.0,-69.18,74.06,-0.93,1h
40,2.0,atr_3x,5,0.3,False,500,166.7,40.0,-69.29,82.49,-0.84,1h
45,1.0,atr_2x,5,0.2,False,773,257.7,31.3,-69.73,76.2,-0.92,1h
40,1.0,atr_2x,5,0.2,False,693,231.0,31.0,-70.81,76.88,-0.92,1h
35,1.0,atr_3x,7,0.2,False,489,163.0,23.9,-70.88,79.6,-0.89,1h
40,1.0,bb_mid,3,0.3,False,719,239.7,37.8,-71.29,76.25,-0.94,1h
30,1.5,atr_3x,7,0.3,False,232,77.3,32.8,-71.36,83.26,-0.86,1h
45,1.0,atr_3x,5,0.2,False,732,244.0,23.6,-71.46,76.18,-0.94,1h
35,1.0,bb_mid,5,0.2,False,508,169.3,35.2,-71.48,77.39,-0.92,1h
35,1.5,bb_mid,5,0.3,False,461,153.7,48.8,-71.85,82.25,-0.87,1h
40,2.0,atr_2x,7,0.2,False,547,182.3,47.9,-72.07,80.85,-0.89,1h
30,1.0,atr_3x,7,0.3,False,260,86.7,24.2,-72.29,83.96,-0.86,1h
40,1.5,bb_mid,7,0.2,False,646,215.3,50.9,-72.42,78.1,-0.93,1h
40,1.0,atr_3x,3,0.3,False,656,218.7,23.0,-72.55,75.6,-0.96,1h
40,1.5,atr_2x,7,0.2,False,608,202.7,40.5,-72.58,78.06,-0.93,1h
35,2.0,atr_3x,7,0.3,False,379,126.3,40.4,-72.9,93.31,-0.78,1h
35,1.0,atr_3x,5,0.3,False,489,163.0,23.9,-74.1,82.2,-0.9,1h
35,2.0,bb_mid,7,0.3,False,429,143.0,58.7,-74.47,87.83,-0.85,1h
45,2.0,bb_mid,7,0.2,False,659,219.7,60.4,-74.73,81.86,-0.91,1h
30,2.0,atr_3x,7,0.3,False,218,72.7,39.9,-74.93,87.26,-0.86,1h
40,1.5,atr_3x,7,0.3,False,575,191.7,33.7,-75.16,83.17,-0.9,1h
40,1.0,bb_mid,5,0.2,False,719,239.7,37.8,-75.35,80.02,-0.94,1h
40,1.5,bb_mid,5,0.3,False,646,215.3,50.9,-75.48,80.83,-0.93,1h
40,2.0,atr_2x,5,0.3,False,547,182.3,47.9,-75.49,83.52,-0.9,1h
40,1.5,atr_2x,5,0.3,False,608,202.7,40.5,-75.85,80.96,-0.94,1h
40,1.0,atr_3x,5,0.2,False,656,218.7,23.0,-76.79,79.6,-0.96,1h
30,1.0,bb_mid,7,0.3,False,269,89.7,34.9,-77.76,81.83,-0.95,1h
45,2.0,bb_mid,5,0.3,False,659,219.7,60.4,-77.8,84.43,-0.92,1h
45,1.0,bb_mid,3,0.3,False,802,267.3,38.0,-77.83,82.11,-0.95,1h
30,1.5,bb_mid,7,0.3,False,242,80.7,46.3,-79.23,86.58,-0.92,1h
40,2.0,bb_mid,7,0.3,False,600,200.0,60.2,-80.23,87.73,-0.91,1h
35,1.5,atr_2x,7,0.3,False,446,148.7,40.8,-80.5,91.1,-0.88,1h
35,1.0,atr_2x,7,0.2,False,499,166.3,29.9,-80.88,86.47,-0.94,1h
45,1.0,bb_mid,5,0.2,False,802,267.3,38.0,-81.52,85.43,-0.95,1h
45,2.0,atr_3x,7,0.3,False,552,184.0,41.1,-81.6,91.1,-0.9,1h
45,2.0,atr_2x,7,0.3,False,605,201.7,49.3,-82.67,90.98,-0.91,1h
45,1.5,bb_mid,7,0.2,False,714,238.0,51.0,-82.69,86.38,-0.96,1h
45,1.0,atr_2x,7,0.2,False,773,257.7,31.3,-83.16,87.93,-0.95,1h
35,1.0,atr_2x,5,0.3,False,499,166.3,29.9,-83.34,88.46,-0.94,1h
35,1.0,bb_mid,7,0.2,False,508,169.3,35.2,-83.78,88.25,-0.95,1h
40,1.0,atr_2x,7,0.2,False,693,231.0,31.0,-83.79,88.26,-0.95,1h
35,2.0,atr_2x,7,0.3,False,402,134.0,47.8,-84.0,93.86,-0.89,1h
45,1.5,bb_mid,5,0.3,False,714,238.0,51.0,-85.15,88.51,-0.96,1h
45,1.0,atr_3x,7,0.2,False,732,244.0,23.6,-85.16,88.42,-0.96,1h
45,1.0,atr_2x,5,0.3,False,773,257.7,31.3,-85.59,89.91,-0.95,1h
45,1.5,atr_2x,7,0.3,False,670,223.3,41.5,-85.6,88.99,-0.96,1h
35,1.5,bb_mid,7,0.3,False,461,153.7,48.8,-85.79,92.29,-0.93,1h
35,1.0,bb_mid,5,0.3,False,508,169.3,35.2,-85.99,90.08,-0.95,1h
40,1.0,atr_2x,5,0.3,False,693,231.0,31.0,-86.12,90.17,-0.96,1h
40,1.0,bb_mid,7,0.2,False,719,239.7,37.8,-86.95,90.26,-0.96,1h
45,1.0,atr_3x,5,0.3,False,732,244.0,23.6,-87.56,90.45,-0.97,1h
40,2.0,atr_3x,7,0.3,False,500,166.7,40.0,-87.59,93.83,-0.93,1h
35,1.0,atr_3x,7,0.3,False,489,163.0,23.9,-88.13,92.61,-0.95,1h
40,1.0,atr_3x,7,0.2,False,656,218.7,23.0,-88.66,90.45,-0.98,1h
40,1.5,bb_mid,7,0.3,False,646,215.3,50.9,-88.71,91.96,-0.96,1h
40,1.0,bb_mid,5,0.3,False,719,239.7,37.8,-88.95,91.91,-0.97,1h
40,1.5,atr_2x,7,0.3,False,608,202.7,40.5,-89.74,92.57,-0.97,1h
40,2.0,atr_2x,7,0.3,False,547,182.3,47.9,-89.99,94.1,-0.96,1h
40,1.0,atr_3x,5,0.3,False,656,218.7,23.0,-90.63,92.18,-0.98,1h
45,2.0,bb_mid,7,0.3,False,659,219.7,60.4,-90.66,94.3,-0.96,1h
45,1.0,bb_mid,7,0.2,False,802,267.3,38.0,-91.35,93.77,-0.97,1h
45,1.0,bb_mid,5,0.3,False,802,267.3,38.0,-92.89,95.0,-0.98,1h
35,1.0,atr_2x,7,0.3,False,499,166.3,29.9,-93.11,95.77,-0.97,1h
35,1.0,bb_mid,7,0.3,False,508,169.3,35.2,-94.44,96.56,-0.98,1h
45,1.5,bb_mid,7,0.3,False,714,238.0,51.0,-94.54,96.18,-0.98,1h
45,1.0,atr_2x,7,0.3,False,773,257.7,31.3,-94.78,96.8,-0.98,1h
40,1.0,atr_2x,7,0.3,False,693,231.0,31.0,-94.91,96.83,-0.98,1h
45,1.0,atr_3x,7,0.3,False,732,244.0,23.6,-96.13,97.29,-0.99,1h
40,1.0,bb_mid,7,0.3,False,719,239.7,37.8,-96.14,97.49,-0.99,1h
40,1.0,atr_3x,7,0.3,False,656,218.7,23.0,-97.28,97.84,-0.99,1h
45,1.0,bb_mid,7,0.3,False,802,267.3,38.0,-97.95,98.74,-0.99,1h
