fast_ema,slow_ema,tp_pct,sl_capital,sl_price_pct,leverage,pos_ratio,trades,win_rate,return_pct,max_drawdown,calmar,timeframe
12,21,5.0,3.0,1.0,3,0.3,707,22.8,57.14,40.28,1.42,1h
12,21,5.0,3.0,1.0,3,0.2,707,22.8,39.61,28.22,1.4,1h
9,26,5.0,3.0,1.0,3,0.3,732,21.3,39.28,38.47,1.02,1h
9,26,5.0,3.0,1.0,3,0.2,732,21.3,28.96,26.85,1.08,1h
5,21,5.0,3.0,1.0,3,0.3,1063,21.9,22.09,40.02,0.55,1h
12,21,5.0,3.0,1.0,3,0.1,707,22.8,20.12,14.76,1.36,1h
5,21,5.0,3.0,1.0,3,0.2,1063,21.9,19.38,27.84,0.7,1h
5,21,5.0,2.0,0.6667,3,0.3,1063,16.9,19.16,29.43,0.65,1h
5,21,5.0,2.0,0.6667,3,0.2,1063,16.9,16.14,19.83,0.81,1h
5,50,3.0,2.0,0.6667,3,0.3,652,21.8,16.07,26.1,0.62,1h
5,50,3.0,3.0,0.6,5,0.3,652,20.2,15.54,31.73,0.49,1h
9,26,5.0,3.0,1.0,3,0.1,732,21.3,15.5,13.98,1.11,1h
5,50,3.0,3.0,0.6,5,0.2,652,20.2,13.76,21.66,0.64,1h
5,50,3.0,2.0,0.6667,3,0.2,652,21.8,11.89,17.92,0.66,1h
5,21,5.0,3.0,1.0,3,0.1,1063,21.9,11.73,14.61,0.8,1h
9,21,5.0,3.0,1.0,3,0.2,800,21.2,10.02,40.27,0.25,1h
5,21,5.0,2.0,0.6667,3,0.1,1063,16.9,9.58,9.94,0.96,1h
9,21,5.0,3.0,1.0,3,0.3,800,21.2,9.5,54.56,0.17,1h
5,50,3.0,3.0,0.6,5,0.1,652,20.2,8.43,11.32,0.75,1h
9,21,5.0,3.0,1.0,3,0.1,800,21.2,6.77,22.3,0.3,1h
5,50,3.0,2.0,0.6667,3,0.1,652,21.8,6.48,9.21,0.7,1h
5,50,5.0,3.0,0.6,5,0.1,652,14.1,5.15,14.63,0.35,1h
5,21,5.0,3.0,0.6,5,0.1,1063,15.4,5.07,21.0,0.24,1h
5,50,5.0,3.0,0.6,5,0.2,652,14.1,4.83,28.4,0.17,1h
5,50,3.0,3.0,1.0,3,0.2,652,27.0,4.78,13.0,0.37,1h
5,50,3.0,3.0,1.0,3,0.3,652,27.0,4.45,19.01,0.23,1h
5,50,5.0,2.0,0.6667,3,0.2,652,15.0,4.23,22.0,0.19,1h
12,50,5.0,2.0,0.6667,3,0.2,421,14.5,3.9,14.82,0.26,1h
5,26,5.0,3.0,1.0,3,0.1,954,21.3,3.74,19.12,0.2,1h
12,50,5.0,2.0,0.6667,3,0.3,421,14.5,3.74,21.61,0.17,1h
5,26,5.0,3.0,1.0,3,0.2,954,21.3,3.38,35.42,0.1,1h
5,50,3.0,3.0,1.0,3,0.1,652,27.0,3.28,6.66,0.49,1h
5,50,5.0,2.0,0.6667,3,0.1,652,15.0,3.18,11.39,0.28,1h
5,50,5.0,2.0,0.6667,3,0.3,652,15.0,3.14,31.78,0.1,1h
9,26,5.0,2.0,0.6667,3,0.2,732,15.7,2.75,31.86,0.09,1h
12,50,5.0,2.0,0.6667,3,0.1,421,14.5,2.65,7.62,0.35,1h
9,26,5.0,2.0,0.6667,3,0.1,732,15.7,2.56,17.1,0.15,1h
12,26,5.0,1.0,0.2,5,0.2,628,6.4,2.4,27.59,0.09,1h
12,26,5.0,1.0,0.2,5,0.1,628,6.4,2.34,14.79,0.16,1h
12,26,5.0,3.0,1.0,3,0.1,628,20.1,2.28,14.35,0.16,1h
5,50,3.0,3.0,0.4286,7,0.1,652,15.8,2.27,18.1,0.13,1h
12,26,5.0,3.0,1.0,3,0.2,628,20.1,1.73,26.76,0.06,1h
5,21,5.0,3.0,0.6,5,0.2,1063,15.4,1.61,39.51,0.04,1h
9,26,5.0,3.0,0.6,5,0.1,732,14.3,1.41,26.71,0.05,1h
9,26,3.0,3.0,1.0,3,0.1,732,27.6,1.35,14.13,0.1,1h
5,50,5.0,3.0,1.0,3,0.1,652,19.0,1.34,13.99,0.1,1h
9,50,5.0,1.0,0.1429,7,0.1,492,4.9,1.3,17.81,0.07,1h
9,26,3.0,3.0,1.0,3,0.2,732,27.6,0.66,26.95,0.02,1h
9,26,5.0,2.0,0.6667,3,0.3,732,15.7,0.62,44.45,0.01,1h
12,21,5.0,2.0,0.6667,3,0.1,707,16.0,0.58,22.29,0.03,1h
12,26,5.0,1.0,0.2,5,0.3,628,6.4,0.28,38.63,0.01,1h
9,50,5.0,1.0,0.1429,7,0.2,492,4.9,-0.18,32.94,-0.01,1h
5,50,5.0,3.0,1.0,3,0.2,652,19.0,-0.22,26.47,-0.01,1h
5,50,3.0,3.0,0.4286,7,0.2,652,15.8,-0.3,33.66,-0.01,1h
5,50,5.0,3.0,0.4286,7,0.1,652,10.7,-0.33,28.65,-0.01,1h
12,26,5.0,1.0,0.3333,3,0.1,628,8.8,-0.43,11.87,-0.04,1h
5,50,5.0,3.0,0.6,5,0.3,652,14.1,-0.69,40.96,-0.02,1h
5,26,5.0,3.0,1.0,3,0.3,954,21.3,-0.95,49.08,-0.02,1h
12,21,5.0,2.0,0.6667,3,0.2,707,16.0,-1.07,40.03,-0.03,1h
12,26,3.0,1.0,0.2,5,0.1,628,9.6,-1.14,12.53,-0.09,1h
12,50,5.0,3.0,1.0,3,0.1,421,18.8,-1.15,7.89,-0.15,1h
9,50,5.0,3.0,1.0,3,0.1,492,18.5,-1.35,12.1,-0.11,1h
12,26,5.0,3.0,1.0,3,0.3,628,20.1,-1.54,37.47,-0.04,1h
12,26,5.0,3.0,0.4286,7,0.1,628,11.0,-1.88,27.77,-0.07,1h
9,26,3.0,3.0,1.0,3,0.3,732,27.6,-1.99,38.47,-0.05,1h
12,26,5.0,1.0,0.3333,3,0.2,628,8.8,-1.99,22.46,-0.09,1h
12,26,3.0,3.0,0.4286,7,0.1,628,15.6,-2.06,23.46,-0.09,1h
12,21,5.0,3.0,0.6,5,0.1,707,14.6,-2.52,32.69,-0.08,1h
5,26,5.0,2.0,0.6667,3,0.1,954,15.9,-2.66,19.66,-0.14,1h
12,26,5.0,3.0,0.6,5,0.1,628,13.9,-2.67,21.36,-0.12,1h
12,26,5.0,2.0,0.6667,3,0.1,628,14.6,-2.7,13.71,-0.2,1h
5,50,3.0,1.0,0.3333,3,0.1,652,12.7,-2.83,10.66,-0.27,1h
9,26,5.0,3.0,0.6,5,0.2,732,14.3,-3.02,47.4,-0.06,1h
12,26,3.0,3.0,1.0,3,0.1,628,27.1,-3.18,13.44,-0.24,1h
12,26,3.0,1.0,0.3333,3,0.1,628,12.7,-3.23,8.65,-0.37,1h
12,50,3.0,2.0,0.6667,3,0.1,421,20.2,-3.27,8.01,-0.41,1h
12,21,3.0,3.0,1.0,3,0.1,707,27.7,-3.34,18.14,-0.18,1h
9,26,5.0,1.0,0.2,5,0.1,732,6.0,-3.46,13.95,-0.25,1h
12,26,3.0,1.0,0.2,5,0.2,628,9.6,-3.55,24.0,-0.15,1h
12,50,5.0,3.0,0.6,5,0.1,421,12.8,-3.89,13.69,-0.28,1h
12,50,5.0,3.0,1.0,3,0.2,421,18.8,-4.16,15.33,-0.27,1h
9,50,5.0,1.0,0.1429,7,0.3,492,4.9,-4.18,45.65,-0.09,1h
9,50,5.0,1.0,0.2,5,0.1,492,5.5,-4.36,14.35,-0.3,1h
9,26,2.0,3.0,1.0,3,0.1,732,35.4,-4.37,14.91,-0.29,1h
5,50,5.0,3.0,1.0,3,0.3,652,19.0,-4.48,37.51,-0.12,1h
12,26,5.0,1.0,0.3333,3,0.3,628,8.8,-4.6,31.9,-0.14,1h
9,50,5.0,1.0,0.3333,3,0.1,492,7.7,-4.66,9.48,-0.49,1h
9,26,3.0,2.0,0.6667,3,0.1,732,20.6,-4.76,16.72,-0.28,1h
12,50,3.0,3.0,1.0,3,0.1,421,26.4,-4.77,11.73,-0.41,1h
12,26,3.0,2.0,0.6667,3,0.1,628,20.4,-4.78,12.92,-0.37,1h
12,21,5.0,2.0,0.6667,3,0.3,707,16.0,-4.78,54.04,-0.09,1h
9,50,5.0,3.0,1.0,3,0.2,492,18.5,-4.83,23.64,-0.2,1h
12,50,5.0,1.0,0.3333,3,0.1,421,7.6,-5.05,10.05,-0.5,1h
12,50,5.0,3.0,0.4286,7,0.1,421,9.7,-5.21,20.2,-0.26,1h
12,26,3.0,1.0,0.1429,7,0.1,628,7.6,-5.23,15.51,-0.34,1h
9,50,5.0,2.0,0.2857,7,0.1,492,7.1,-5.32,17.76,-0.3,1h
12,26,5.0,1.0,0.1429,7,0.1,628,4.9,-5.55,21.0,-0.26,1h
12,50,5.0,2.0,0.4,5,0.1,421,9.0,-5.78,18.62,-0.31,1h
12,26,5.0,2.0,0.4,5,0.1,628,9.9,-5.79,19.38,-0.3,1h
5,50,3.0,1.0,0.3333,3,0.2,652,12.7,-6.24,20.39,-0.31,1h
12,26,5.0,2.0,0.2857,7,0.1,628,7.6,-6.25,22.95,-0.27,1h
9,26,5.0,1.0,0.3333,3,0.1,732,8.2,-6.26,12.82,-0.49,1h
12,26,2.0,1.0,0.2,5,0.1,628,12.7,-6.42,13.15,-0.49,1h
12,21,5.0,1.0,0.2,5,0.1,707,6.1,-6.6,19.49,-0.34,1h
9,50,3.0,3.0,1.0,3,0.1,492,25.8,-6.62,14.91,-0.44,1h
12,26,2.0,1.0,0.3333,3,0.1,628,17.0,-6.67,8.76,-0.76,1h
5,50,5.0,1.0,0.3333,3,0.1,652,8.3,-6.7,15.76,-0.42,1h
5,50,3.0,2.0,0.4,5,0.1,652,14.3,-6.81,17.62,-0.39,1h
12,26,3.0,1.0,0.3333,3,0.2,628,12.7,-6.99,16.72,-0.42,1h
12,26,3.0,3.0,0.6,5,0.1,628,19.1,-7.02,19.29,-0.36,1h
12,26,3.0,1.0,0.2,5,0.3,628,9.6,-7.09,34.42,-0.21,1h
12,26,5.0,2.0,0.6667,3,0.2,628,14.6,-7.14,25.67,-0.28,1h
12,50,3.0,2.0,0.6667,3,0.2,421,20.2,-7.19,15.65,-0.46,1h
5,50,3.0,3.0,0.4286,7,0.3,652,15.8,-7.21,47.11,-0.15,1h
12,21,5.0,1.0,0.3333,3,0.1,707,8.3,-7.22,14.9,-0.48,1h
9,50,5.0,2.0,0.6667,3,0.1,492,13.2,-7.25,15.05,-0.48,1h
9,50,3.0,2.0,0.6667,3,0.1,492,19.3,-7.71,13.45,-0.57,1h
12,26,3.0,3.0,1.0,3,0.2,628,27.1,-7.84,25.58,-0.31,1h
5,26,5.0,2.0,0.6667,3,0.2,954,15.9,-7.95,35.99,-0.22,1h
5,50,5.0,3.0,0.4286,7,0.2,652,10.7,-8.04,50.21,-0.16,1h
9,26,2.0,2.0,0.6667,3,0.1,732,27.2,-8.07,14.29,-0.56,1h
9,21,5.0,2.0,0.6667,3,0.1,800,15.4,-8.1,22.73,-0.36,1h
12,21,5.0,3.0,0.4286,7,0.1,707,11.2,-8.29,35.92,-0.23,1h
12,21,3.0,3.0,1.0,3,0.2,707,27.7,-8.33,33.49,-0.25,1h
12,26,3.0,3.0,0.4286,7,0.2,628,15.6,-8.33,41.66,-0.2,1h
12,21,5.0,2.0,0.2857,7,0.1,707,7.9,-8.36,23.9,-0.35,1h
12,50,2.0,3.0,1.0,3,0.1,421,34.0,-8.77,9.17,-0.96,1h
12,50,5.0,3.0,1.0,3,0.3,421,18.8,-8.82,22.33,-0.4,1h
9,26,5.0,1.0,0.2,5,0.2,732,6.0,-9.09,26.6,-0.34,1h
12,26,2.0,3.0,1.0,3,0.1,628,34.4,-9.24,15.58,-0.59,1h
12,21,3.0,2.0,0.6667,3,0.1,707,20.4,-9.25,20.84,-0.44,1h
5,21,5.0,3.0,0.6,5,0.3,1063,15.4,-9.26,55.06,-0.17,1h
5,50,2.0,2.0,0.6667,3,0.1,652,26.7,-9.51,13.34,-0.71,1h
9,50,3.0,1.0,0.3333,3,0.1,492,11.0,-9.61,10.33,-0.93,1h
9,50,5.0,2.0,0.4,5,0.1,492,8.7,-9.64,19.45,-0.5,1h
5,50,2.0,3.0,1.0,3,0.1,652,33.7,-9.74,11.14,-0.87,1h
9,26,2.0,3.0,1.0,3,0.2,732,35.4,-9.75,28.06,-0.35,1h
12,26,5.0,3.0,0.6,5,0.2,628,13.9,-9.8,38.41,-0.26,1h
12,26,3.0,2.0,0.4,5,0.1,628,14.0,-9.86,16.03,-0.62,1h
9,50,5.0,1.0,0.3333,3,0.2,492,7.7,-9.87,18.57,-0.53,1h
9,50,5.0,1.0,0.2,5,0.2,492,5.5,-10.03,27.01,-0.37,1h
12,21,5.0,3.0,0.6,5,0.2,707,14.6,-10.11,55.47,-0.18,1h
9,50,5.0,3.0,1.0,3,0.3,492,18.5,-10.15,34.42,-0.3,1h
5,50,3.0,1.0,0.3333,3,0.3,652,12.7,-10.16,29.24,-0.35,1h
12,26,2.0,2.0,0.6667,3,0.1,628,26.4,-10.32,13.67,-0.76,1h
12,50,3.0,3.0,1.0,3,0.2,421,26.4,-10.36,22.47,-0.46,1h
12,26,3.0,2.0,0.6667,3,0.2,628,20.4,-10.4,24.52,-0.42,1h
9,26,3.0,1.0,0.2,5,0.1,732,8.6,-10.4,19.02,-0.55,1h
12,50,3.0,3.0,0.6,5,0.1,421,18.1,-10.42,16.74,-0.62,1h
12,26,5.0,3.0,0.4286,7,0.2,628,11.0,-10.48,48.09,-0.22,1h
12,50,5.0,1.0,0.3333,3,0.2,421,7.6,-10.5,19.28,-0.54,1h
9,26,3.0,2.0,0.6667,3,0.2,732,20.6,-10.56,31.01,-0.34,1h
12,50,5.0,3.0,0.6,5,0.2,421,12.8,-10.69,27.05,-0.4,1h
12,21,2.0,3.0,1.0,3,0.1,707,34.4,-10.96,17.49,-0.63,1h
9,26,3.0,3.0,0.6,5,0.1,732,19.0,-11.06,26.5,-0.42,1h
12,50,2.0,2.0,0.6667,3,0.1,421,25.2,-11.19,11.19,-1.0,1h
12,50,3.0,1.0,0.3333,3,0.1,421,10.2,-11.19,11.62,-0.96,1h
12,26,3.0,1.0,0.3333,3,0.3,628,12.7,-11.2,24.24,-0.46,1h
9,21,5.0,1.0,0.3333,3,0.1,800,8.6,-11.39,18.06,-0.63,1h
9,26,3.0,1.0,0.3333,3,0.1,732,11.6,-11.41,16.14,-0.71,1h
9,50,2.0,1.0,0.3333,3,0.1,492,15.0,-11.5,11.9,-0.97,1h
12,21,5.0,2.0,0.4,5,0.1,707,9.8,-11.61,25.67,-0.45,1h
9,50,2.0,3.0,1.0,3,0.1,492,33.1,-11.65,14.29,-0.81,1h
12,50,3.0,2.0,0.6667,3,0.3,421,20.2,-11.66,22.9,-0.51,1h
5,26,3.0,3.0,1.0,3,0.1,954,26.3,-11.7,25.72,-0.45,1h
5,50,5.0,2.0,0.4,5,0.1,652,9.5,-11.81,28.63,-0.41,1h
9,21,2.0,3.0,1.0,3,0.1,800,34.2,-11.82,19.68,-0.6,1h
9,26,5.0,3.0,0.4286,7,0.1,732,10.5,-11.91,29.65,-0.4,1h
12,26,3.0,1.0,0.1429,7,0.2,628,7.6,-11.95,29.36,-0.41,1h
12,21,5.0,1.0,0.1429,7,0.1,707,4.7,-11.99,26.5,-0.45,1h
12,26,2.0,1.0,0.1429,7,0.1,628,10.0,-12.11,17.45,-0.69,1h
9,26,5.0,3.0,0.6,5,0.3,732,14.3,-12.34,63.0,-0.2,1h
12,26,3.0,2.0,0.2857,7,0.1,628,11.1,-12.39,20.68,-0.6,1h
5,50,3.0,1.0,0.2,5,0.1,652,8.3,-12.63,17.67,-0.72,1h
9,26,5.0,2.0,0.4,5,0.1,732,9.6,-12.74,21.22,-0.6,1h
9,26,5.0,2.0,0.2857,7,0.1,732,7.4,-12.88,22.72,-0.57,1h
5,50,5.0,1.0,0.1429,7,0.1,652,4.6,-12.9,24.53,-0.53,1h
12,21,2.0,2.0,0.6667,3,0.1,707,26.3,-12.99,17.95,-0.72,1h
12,26,5.0,2.0,0.6667,3,0.3,628,14.6,-13.05,36.22,-0.36,1h
12,26,2.0,1.0,0.2,5,0.2,628,12.7,-13.15,24.91,-0.53,1h
5,50,5.0,1.0,0.2,5,0.1,652,5.5,-13.17,19.43,-0.68,1h
9,26,5.0,1.0,0.3333,3,0.2,732,8.2,-13.23,24.37,-0.54,1h
12,26,2.0,1.0,0.3333,3,0.2,628,17.0,-13.27,16.87,-0.79,1h
12,50,5.0,2.0,0.4,5,0.2,421,9.0,-13.29,34.44,-0.39,1h
5,26,5.0,1.0,0.3333,3,0.1,954,8.7,-13.6,20.49,-0.66,1h
12,26,5.0,1.0,0.1429,7,0.2,628,4.9,-13.66,37.76,-0.36,1h
12,26,3.0,3.0,1.0,3,0.3,628,27.1,-13.75,36.45,-0.38,1h
5,21,5.0,1.0,0.3333,3,0.1,1063,9.1,-13.76,14.01,-0.98,1h
12,50,5.0,2.0,0.2857,7,0.1,421,6.7,-13.87,26.99,-0.51,1h
12,50,5.0,1.0,0.1429,7,0.1,421,3.8,-13.89,21.23,-0.65,1h
5,50,5.0,1.0,0.3333,3,0.2,652,8.3,-13.9,29.32,-0.47,1h
9,50,3.0,3.0,1.0,3,0.2,492,25.8,-13.96,28.09,-0.5,1h
9,21,3.0,3.0,1.0,3,0.1,800,26.2,-14.0,25.35,-0.55,1h
9,50,5.0,2.0,0.2857,7,0.2,492,7.1,-14.03,34.38,-0.41,1h
12,26,5.0,2.0,0.4,5,0.2,628,9.9,-14.3,35.16,-0.41,1h
9,50,2.0,2.0,0.6667,3,0.1,492,24.6,-14.41,15.07,-0.96,1h
12,26,2.0,3.0,0.6,5,0.1,628,25.0,-14.45,19.87,-0.73,1h
12,50,5.0,3.0,0.4286,7,0.2,421,9.7,-14.46,38.15,-0.38,1h
12,21,3.0,1.0,0.3333,3,0.1,707,11.2,-14.51,19.68,-0.74,1h
12,21,3.0,3.0,1.0,3,0.3,707,27.7,-14.7,46.36,-0.32,1h
12,26,2.0,3.0,0.4286,7,0.1,628,20.4,-14.75,21.4,-0.69,1h
12,21,5.0,1.0,0.2,5,0.2,707,6.1,-14.77,35.64,-0.41,1h
9,50,5.0,3.0,0.6,5,0.1,492,12.0,-14.91,25.41,-0.59,1h
12,21,5.0,1.0,0.3333,3,0.2,707,8.3,-14.95,27.92,-0.54,1h
5,50,2.0,1.0,0.3333,3,0.1,652,15.0,-14.98,16.09,-0.93,1h
5,50,3.0,2.0,0.4,5,0.2,652,14.3,-15.07,32.57,-0.46,1h
9,50,5.0,2.0,0.6667,3,0.2,492,13.2,-15.26,28.46,-0.54,1h
5,26,5.0,2.0,0.6667,3,0.3,954,15.9,-15.37,49.42,-0.31,1h
9,50,5.0,1.0,0.3333,3,0.3,492,7.7,-15.5,27.2,-0.57,1h
9,26,2.0,3.0,0.6,5,0.1,732,25.1,-15.52,24.49,-0.63,1h
9,50,3.0,2.0,0.6667,3,0.2,492,19.3,-15.61,25.44,-0.61,1h
12,50,2.0,1.0,0.3333,3,0.1,421,12.8,-15.62,15.62,-1.0,1h
9,26,2.0,1.0,0.3333,3,0.1,732,15.3,-15.63,19.14,-0.82,1h
9,26,5.0,1.0,0.1429,7,0.1,732,4.5,-15.65,25.44,-0.62,1h
12,26,2.0,2.0,0.4,5,0.1,628,18.6,-15.74,16.79,-0.94,1h
9,21,5.0,1.0,0.2,5,0.1,800,6.1,-15.95,25.28,-0.63,1h
9,26,2.0,3.0,1.0,3,0.3,732,35.4,-15.95,39.55,-0.4,1h
5,26,3.0,2.0,0.6667,3,0.1,954,19.7,-16.09,26.05,-0.62,1h
12,26,3.0,3.0,0.6,5,0.2,628,19.1,-16.12,35.59,-0.45,1h
12,50,5.0,1.0,0.3333,3,0.3,421,7.6,-16.21,27.74,-0.58,1h
9,26,2.0,2.0,0.6667,3,0.2,732,27.2,-16.26,26.83,-0.61,1h
9,26,5.0,1.0,0.2,5,0.3,732,6.0,-16.42,37.92,-0.43,1h
12,50,3.0,3.0,1.0,3,0.3,421,26.4,-16.58,32.23,-0.51,1h
5,21,5.0,2.0,0.4,5,0.1,1063,10.8,-16.59,25.12,-0.66,1h
12,26,5.0,2.0,0.2857,7,0.2,628,7.6,-16.62,41.16,-0.4,1h
12,26,3.0,2.0,0.6667,3,0.3,628,20.4,-16.67,34.87,-0.48,1h
9,50,5.0,1.0,0.2,5,0.3,492,5.5,-16.68,38.59,-0.43,1h
9,21,2.0,2.0,0.6667,3,0.1,800,25.9,-16.87,20.62,-0.82,1h
5,21,3.0,2.0,0.6667,3,0.1,1063,19.9,-16.87,24.7,-0.68,1h
12,26,2.0,2.0,0.2857,7,0.1,628,15.1,-16.89,19.54,-0.86,1h
12,21,3.0,3.0,0.6,5,0.1,707,18.7,-17.13,31.87,-0.54,1h
9,26,3.0,2.0,0.6667,3,0.3,732,20.6,-17.15,43.16,-0.4,1h
9,21,2.0,1.0,0.3333,3,0.1,800,15.2,-17.19,21.6,-0.8,1h
9,50,3.0,3.0,0.6,5,0.1,492,17.3,-17.22,23.64,-0.73,1h
9,26,2.0,1.0,0.2,5,0.1,732,11.3,-17.27,22.27,-0.78,1h
12,50,2.0,3.0,1.0,3,0.2,421,34.0,-17.41,17.84,-0.98,1h
5,50,3.0,1.0,0.1429,7,0.1,652,6.6,-17.52,23.96,-0.73,1h
12,21,2.0,1.0,0.3333,3,0.1,707,14.7,-17.54,19.66,-0.89,1h
9,21,5.0,2.0,0.6667,3,0.2,800,15.4,-17.55,40.69,-0.43,1h
5,21,3.0,3.0,1.0,3,0.1,1063,25.9,-17.75,24.42,-0.73,1h
9,50,2.0,1.0,0.1429,7,0.1,492,8.7,-17.79,21.34,-0.83,1h
12,26,3.0,3.0,0.4286,7,0.3,628,15.6,-17.88,55.73,-0.32,1h
12,21,3.0,1.0,0.2,5,0.1,707,7.9,-17.96,25.99,-0.69,1h
5,50,2.0,3.0,0.6,5,0.1,652,24.5,-17.96,20.88,-0.86,1h
9,50,3.0,2.0,0.4,5,0.1,492,12.4,-17.97,20.48,-0.88,1h
9,50,5.0,3.0,0.4286,7,0.1,492,8.9,-18.14,29.19,-0.62,1h
9,50,2.0,1.0,0.2,5,0.1,492,10.0,-18.27,19.11,-0.96,1h
9,50,3.0,1.0,0.1429,7,0.1,492,5.9,-18.54,22.92,-0.81,1h
12,26,2.0,3.0,1.0,3,0.2,628,34.4,-18.55,29.15,-0.64,1h
9,50,3.0,1.0,0.3333,3,0.2,492,11.0,-18.68,19.79,-0.94,1h
12,21,3.0,2.0,0.6667,3,0.2,707,20.4,-18.72,37.63,-0.5,1h
12,50,3.0,2.0,0.4,5,0.1,421,11.9,-18.74,23.02,-0.81,1h
5,50,2.0,2.0,0.6667,3,0.2,652,26.7,-18.78,25.25,-0.74,1h
5,50,5.0,2.0,0.2857,7,0.1,652,7.1,-18.78,32.14,-0.58,1h
9,21,3.0,1.0,0.3333,3,0.1,800,11.0,-19.1,23.4,-0.82,1h
9,50,3.0,1.0,0.2,5,0.1,492,6.7,-19.26,20.76,-0.93,1h
5,50,2.0,3.0,1.0,3,0.2,652,33.7,-19.46,21.57,-0.9,1h
9,26,3.0,1.0,0.1429,7,0.1,732,6.6,-19.48,27.58,-0.71,1h
5,26,2.0,3.0,1.0,3,0.1,954,33.0,-19.64,27.97,-0.7,1h
12,50,5.0,3.0,0.6,5,0.3,421,12.8,-19.65,39.56,-0.5,1h
5,21,2.0,3.0,1.0,3,0.1,1063,33.0,-19.72,24.98,-0.79,1h
12,26,2.0,1.0,0.3333,3,0.3,628,17.0,-19.75,24.37,-0.81,1h
12,26,3.0,1.0,0.1429,7,0.3,628,7.6,-19.76,41.55,-0.48,1h
12,50,5.0,1.0,0.2,5,0.1,421,3.8,-19.8,21.63,-0.92,1h
5,21,2.0,2.0,0.6667,3,0.1,1063,26.1,-20.02,26.87,-0.75,1h
12,26,2.0,1.0,0.2,5,0.3,628,12.7,-20.05,35.35,-0.57,1h
12,26,2.0,2.0,0.6667,3,0.2,628,26.4,-20.2,25.74,-0.79,1h
5,26,5.0,3.0,0.6,5,0.1,954,14.2,-20.22,32.87,-0.62,1h
12,26,5.0,3.0,0.6,5,0.3,628,13.9,-20.25,51.96,-0.39,1h
5,26,3.0,1.0,0.3333,3,0.1,954,11.2,-20.35,28.79,-0.71,1h
5,21,5.0,3.0,0.4286,7,0.1,1063,11.5,-20.38,37.24,-0.55,1h
12,26,3.0,2.0,0.4,5,0.2,628,14.0,-20.43,29.65,-0.69,1h
9,50,5.0,2.0,0.4,5,0.2,492,8.7,-20.51,36.37,-0.56,1h
5,50,3.0,2.0,0.2857,7,0.1,652,10.4,-20.66,28.01,-0.74,1h
9,26,5.0,1.0,0.3333,3,0.3,732,8.2,-20.68,34.71,-0.6,1h
12,21,5.0,2.0,0.2857,7,0.2,707,7.9,-20.82,43.17,-0.48,1h
9,26,3.0,1.0,0.2,5,0.2,732,8.6,-20.85,34.9,-0.6,1h
9,50,3.0,2.0,0.2857,7,0.1,492,9.8,-20.96,23.09,-0.91,1h
9,26,3.0,2.0,0.4,5,0.1,732,13.1,-21.02,27.9,-0.75,1h
12,50,3.0,1.0,0.1429,7,0.1,421,5.2,-21.08,21.63,-0.97,1h
5,50,5.0,3.0,0.4286,7,0.3,652,10.7,-21.14,65.98,-0.32,1h
9,21,5.0,3.0,0.6,5,0.1,800,13.8,-21.18,35.56,-0.6,1h
12,50,2.0,3.0,0.6,5,0.1,421,22.6,-21.27,21.64,-0.98,1h
12,21,3.0,1.0,0.1429,7,0.1,707,6.4,-21.29,30.37,-0.7,1h
12,50,3.0,3.0,0.6,5,0.2,421,18.1,-21.32,31.47,-0.68,1h
5,50,5.0,1.0,0.3333,3,0.3,652,8.3,-21.41,40.94,-0.52,1h
12,21,5.0,3.0,0.6,5,0.3,707,14.6,-21.43,71.03,-0.3,1h
12,50,3.0,1.0,0.3333,3,0.2,421,10.2,-21.43,22.11,-0.97,1h
9,21,3.0,2.0,0.6667,3,0.1,800,18.9,-21.47,26.91,-0.8,1h
12,50,2.0,2.0,0.6667,3,0.2,421,25.2,-21.53,21.53,-1.0,1h
12,21,2.0,3.0,1.0,3,0.2,707,34.4,-21.71,32.44,-0.67,1h
9,26,3.0,3.0,0.4286,7,0.1,732,14.3,-21.74,32.69,-0.67,1h
9,50,3.0,3.0,1.0,3,0.3,492,25.8,-21.75,39.64,-0.55,1h
5,26,5.0,3.0,0.4286,7,0.1,954,11.1,-21.84,44.02,-0.5,1h
9,50,2.0,2.0,0.2857,7,0.1,492,13.8,-21.91,23.25,-0.94,1h
5,26,2.0,2.0,0.6667,3,0.1,954,25.5,-21.92,28.46,-0.77,1h
9,50,2.0,1.0,0.3333,3,0.2,492,15.0,-21.92,22.62,-0.97,1h
12,50,5.0,2.0,0.4,5,0.3,421,9.0,-21.98,47.68,-0.46,1h
9,26,3.0,1.0,0.3333,3,0.2,732,11.6,-22.09,30.02,-0.74,1h
12,50,3.0,1.0,0.2,5,0.1,421,5.7,-22.15,22.15,-1.0,1h
12,21,2.0,3.0,0.6,5,0.1,707,24.3,-22.16,29.43,-0.75,1h
12,21,5.0,3.0,0.4286,7,0.2,707,11.2,-22.38,59.59,-0.38,1h
12,50,2.0,1.0,0.1429,7,0.1,421,7.4,-22.43,24.52,-0.91,1h
9,21,5.0,1.0,0.3333,3,0.2,800,8.6,-22.49,33.12,-0.68,1h
9,21,5.0,2.0,0.4,5,0.1,800,9.8,-22.6,34.45,-0.66,1h
9,50,2.0,3.0,1.0,3,0.2,492,33.1,-22.61,27.0,-0.84,1h
9,50,2.0,2.0,0.4,5,0.1,492,16.5,-22.91,23.98,-0.96,1h
12,21,5.0,1.0,0.3333,3,0.3,707,8.3,-22.94,39.21,-0.59,1h
9,26,2.0,1.0,0.1429,7,0.1,732,9.0,-22.99,28.97,-0.79,1h
12,21,2.0,1.0,0.2,5,0.1,707,10.3,-23.01,26.67,-0.86,1h
9,21,3.0,1.0,0.2,5,0.1,800,7.9,-23.28,28.1,-0.83,1h
9,21,2.0,3.0,1.0,3,0.2,800,34.2,-23.34,35.97,-0.65,1h
12,26,5.0,1.0,0.1429,7,0.3,628,4.9,-23.45,51.09,-0.46,1h
9,50,3.0,2.0,0.6667,3,0.3,492,19.3,-23.52,36.07,-0.65,1h
5,26,2.0,1.0,0.3333,3,0.1,954,14.7,-23.53,27.48,-0.86,1h
9,26,3.0,3.0,0.6,5,0.2,732,19.0,-23.59,46.69,-0.51,1h
12,50,2.0,1.0,0.2,5,0.1,421,7.8,-23.69,24.02,-0.99,1h
9,50,5.0,2.0,0.6667,3,0.3,492,13.2,-23.7,40.26,-0.59,1h
12,26,2.0,1.0,0.1429,7,0.2,628,10.0,-23.71,32.31,-0.73,1h
12,21,3.0,2.0,0.4,5,0.1,707,12.9,-23.75,32.58,-0.73,1h
12,26,5.0,3.0,0.4286,7,0.3,628,11.0,-23.76,62.86,-0.38,1h
5,26,3.0,3.0,1.0,3,0.2,954,26.3,-23.92,45.56,-0.53,1h
12,21,5.0,1.0,0.2,5,0.3,707,6.1,-23.94,48.89,-0.49,1h
9,21,5.0,3.0,0.4286,7,0.1,800,10.8,-24.03,40.18,-0.6,1h
5,26,5.0,2.0,0.4,5,0.1,954,10.1,-24.12,36.75,-0.66,1h
5,50,3.0,2.0,0.4,5,0.3,652,14.3,-24.26,45.16,-0.54,1h
5,21,3.0,1.0,0.3333,3,0.1,1063,10.8,-24.3,26.68,-0.91,1h
9,26,2.0,2.0,0.6667,3,0.3,732,27.2,-24.41,37.78,-0.65,1h
5,50,3.0,1.0,0.2,5,0.2,652,8.3,-24.6,32.72,-0.75,1h
12,26,5.0,2.0,0.4,5,0.3,628,9.9,-24.62,47.98,-0.51,1h
12,21,5.0,2.0,0.4,5,0.2,707,9.8,-24.82,45.42,-0.55,1h
12,21,3.0,3.0,0.4286,7,0.1,707,14.4,-24.9,39.26,-0.63,1h
5,50,5.0,2.0,0.4,5,0.2,652,9.5,-24.91,49.5,-0.5,1h
12,21,2.0,2.0,0.6667,3,0.2,707,26.3,-24.94,32.9,-0.76,1h
9,50,5.0,2.0,0.2857,7,0.3,492,7.1,-24.96,49.11,-0.51,1h
12,21,5.0,1.0,0.1429,7,0.2,707,4.7,-25.2,46.51,-0.54,1h
12,26,3.0,2.0,0.2857,7,0.2,628,11.1,-25.59,37.77,-0.68,1h
12,50,3.0,3.0,0.4286,7,0.1,421,12.6,-25.65,30.18,-0.85,1h
12,50,2.0,3.0,1.0,3,0.3,421,34.0,-25.78,26.01,-0.99,1h
9,26,2.0,2.0,0.4,5,0.1,732,17.5,-26.04,30.27,-0.86,1h
5,50,5.0,1.0,0.2,5,0.2,652,5.5,-26.08,35.5,-0.73,1h
12,50,5.0,3.0,0.4286,7,0.3,421,9.7,-26.31,53.35,-0.49,1h
9,26,3.0,2.0,0.2857,7,0.1,732,10.2,-26.38,32.28,-0.82,1h
5,26,5.0,1.0,0.3333,3,0.2,954,8.7,-26.48,37.31,-0.71,1h
5,50,5.0,1.0,0.1429,7,0.2,652,4.6,-26.48,43.79,-0.6,1h
12,26,3.0,3.0,0.6,5,0.3,628,19.1,-26.52,49.18,-0.54,1h
9,26,5.0,2.0,0.4,5,0.2,732,9.6,-26.82,38.94,-0.69,1h
5,26,5.0,1.0,0.2,5,0.1,954,5.5,-26.84,34.18,-0.79,1h
5,21,5.0,1.0,0.3333,3,0.2,1063,9.1,-26.87,27.27,-0.99,1h
9,21,2.0,1.0,0.2,5,0.1,800,10.1,-26.91,31.43,-0.86,1h
9,50,2.0,2.0,0.6667,3,0.2,492,24.6,-27.16,28.25,-0.96,1h
9,50,3.0,1.0,0.3333,3,0.3,492,11.0,-27.19,28.41,-0.96,1h
12,50,3.0,2.0,0.2857,7,0.1,421,8.6,-27.2,29.58,-0.92,1h
5,21,2.0,1.0,0.3333,3,0.1,1063,14.4,-27.2,28.39,-0.96,1h
12,50,5.0,1.0,0.1429,7,0.2,421,3.8,-27.23,38.41,-0.71,1h
9,50,3.0,3.0,0.4286,7,0.1,492,12.8,-27.27,29.73,-0.92,1h
12,21,3.0,1.0,0.3333,3,0.2,707,11.2,-27.41,35.72,-0.77,1h
9,21,3.0,3.0,1.0,3,0.2,800,26.2,-27.57,44.88,-0.61,1h
12,50,2.0,2.0,0.4,5,0.1,421,14.5,-27.6,29.17,-0.95,1h
9,50,2.0,3.0,0.6,5,0.1,492,21.7,-27.66,29.33,-0.94,1h
5,50,2.0,2.0,0.6667,3,0.3,652,26.7,-27.68,35.82,-0.77,1h
12,26,2.0,3.0,1.0,3,0.3,628,34.4,-27.71,40.87,-0.68,1h
9,21,5.0,2.0,0.6667,3,0.3,800,15.4,-27.74,54.78,-0.51,1h
5,50,2.0,2.0,0.4,5,0.1,652,16.7,-27.76,28.14,-0.99,1h
12,21,3.0,2.0,0.2857,7,0.1,707,10.2,-27.9,35.82,-0.78,1h
9,21,2.0,2.0,0.4,5,0.1,800,17.5,-27.95,34.2,-0.82,1h
5,50,2.0,1.0,0.3333,3,0.2,652,15.0,-28.0,29.8,-0.94,1h
9,21,2.0,3.0,0.6,5,0.1,800,23.9,-28.01,33.26,-0.84,1h
12,21,3.0,2.0,0.6667,3,0.3,707,20.4,-28.14,51.08,-0.55,1h
12,50,5.0,2.0,0.2857,7,0.2,421,6.7,-28.19,47.37,-0.6,1h
12,26,2.0,3.0,0.6,5,0.2,628,25.0,-28.23,36.39,-0.78,1h
5,50,2.0,1.0,0.2,5,0.1,652,9.0,-28.27,28.59,-0.99,1h
12,21,2.0,2.0,0.4,5,0.1,707,17.0,-28.32,32.48,-0.87,1h
9,26,5.0,2.0,0.2857,7,0.2,732,7.4,-28.51,40.95,-0.7,1h
5,21,3.0,3.0,0.6,5,0.1,1063,18.5,-28.53,40.27,-0.71,1h
9,26,5.0,3.0,0.4286,7,0.2,732,10.5,-28.57,51.35,-0.56,1h
12,21,2.0,1.0,0.1429,7,0.1,707,8.2,-28.68,32.02,-0.9,1h
5,50,2.0,3.0,1.0,3,0.3,652,33.7,-28.94,31.24,-0.93,1h
12,50,2.0,1.0,0.3333,3,0.2,421,12.8,-28.97,28.97,-1.0,1h
9,26,2.0,1.0,0.3333,3,0.2,732,15.3,-29.15,34.83,-0.84,1h
12,26,2.0,3.0,0.4286,7,0.2,628,20.4,-29.39,38.82,-0.76,1h
12,26,5.0,2.0,0.2857,7,0.3,628,7.6,-29.43,55.45,-0.53,1h
12,26,2.0,2.0,0.6667,3,0.3,628,26.4,-29.54,36.35,-0.81,1h
9,26,2.0,2.0,0.2857,7,0.1,732,13.9,-29.93,34.32,-0.87,1h
12,26,2.0,2.0,0.4,5,0.2,628,18.6,-29.96,31.63,-0.95,1h
9,21,5.0,1.0,0.1429,7,0.1,800,4.2,-30.21,35.68,-0.85,1h
9,50,5.0,3.0,0.6,5,0.2,492,12.0,-30.21,45.56,-0.66,1h
9,26,2.0,3.0,0.6,5,0.2,732,25.1,-30.25,43.91,-0.69,1h
5,50,2.0,3.0,0.4286,7,0.1,652,18.6,-30.48,31.34,-0.97,1h
12,50,3.0,1.0,0.3333,3,0.3,421,10.2,-30.75,31.57,-0.97,1h
5,26,3.0,2.0,0.6667,3,0.2,954,19.7,-30.8,45.85,-0.67,1h
9,21,5.0,1.0,0.2,5,0.2,800,6.1,-31.0,44.75,-0.69,1h
12,50,2.0,2.0,0.6667,3,0.3,421,25.2,-31.01,31.01,-1.0,1h
9,26,3.0,1.0,0.2,5,0.3,732,8.6,-31.04,48.04,-0.65,1h
5,26,3.0,1.0,0.2,5,0.1,954,7.2,-31.15,39.69,-0.78,1h
12,26,3.0,2.0,0.4,5,0.3,628,14.0,-31.19,42.2,-0.74,1h
5,26,5.0,2.0,0.2857,7,0.1,954,7.7,-31.21,38.69,-0.81,1h
9,26,5.0,1.0,0.1429,7,0.2,732,4.5,-31.3,45.14,-0.69,1h
9,50,2.0,1.0,0.3333,3,0.3,492,15.0,-31.32,32.24,-0.97,1h
5,50,2.0,1.0,0.1429,7,0.1,652,7.5,-31.52,31.87,-0.99,1h
9,21,2.0,2.0,0.6667,3,0.2,800,25.9,-31.56,37.41,-0.84,1h
9,21,2.0,1.0,0.3333,3,0.2,800,15.2,-31.76,38.76,-0.82,1h
9,50,5.0,2.0,0.4,5,0.3,492,8.7,-31.84,50.67,-0.63,1h
12,21,2.0,2.0,0.2857,7,0.1,707,13.6,-31.86,35.51,-0.9,1h
9,26,3.0,1.0,0.3333,3,0.3,732,11.6,-31.98,41.88,-0.76,1h
12,21,2.0,3.0,1.0,3,0.3,707,34.4,-32.02,45.09,-0.71,1h
9,26,2.0,1.0,0.2,5,0.2,732,11.3,-32.15,39.97,-0.8,1h
5,21,3.0,2.0,0.6667,3,0.2,1063,19.9,-32.2,44.01,-0.73,1h
12,50,3.0,3.0,0.6,5,0.3,421,18.1,-32.21,44.24,-0.73,1h
12,21,2.0,1.0,0.3333,3,0.2,707,14.7,-32.29,35.67,-0.91,1h
12,50,2.0,2.0,0.2857,7,0.1,421,11.2,-32.3,32.97,-0.98,1h
12,26,2.0,2.0,0.2857,7,0.2,628,15.1,-32.31,35.97,-0.9,1h
9,26,2.0,3.0,0.4286,7,0.1,732,18.7,-32.33,38.04,-0.85,1h
9,50,2.0,3.0,1.0,3,0.3,492,33.1,-32.8,38.2,-0.86,1h
9,50,3.0,3.0,0.6,5,0.2,492,17.3,-32.99,42.47,-0.78,1h
9,50,2.0,1.0,0.1429,7,0.2,492,8.7,-33.0,38.51,-0.86,1h
9,21,5.0,1.0,0.3333,3,0.3,800,8.6,-33.04,45.63,-0.72,1h
5,50,3.0,1.0,0.1429,7,0.2,652,6.6,-33.21,42.8,-0.78,1h
12,21,3.0,1.0,0.2,5,0.2,707,7.9,-33.52,45.56,-0.74,1h
12,21,3.0,3.0,0.6,5,0.2,707,18.7,-33.54,54.48,-0.62,1h
9,50,2.0,1.0,0.2,5,0.2,492,10.0,-33.55,34.82,-0.96,1h
9,50,3.0,2.0,0.4,5,0.2,492,12.4,-33.72,37.51,-0.9,1h
12,21,2.0,3.0,0.4286,7,0.1,707,18.5,-33.84,40.0,-0.85,1h
5,50,2.0,3.0,0.6,5,0.2,652,24.5,-34.03,38.09,-0.89,1h
5,21,3.0,3.0,1.0,3,0.2,1063,25.9,-34.13,43.92,-0.78,1h
5,21,5.0,2.0,0.4,5,0.2,1063,10.8,-34.18,45.04,-0.76,1h
9,21,2.0,3.0,1.0,3,0.3,800,34.2,-34.29,49.34,-0.69,1h
5,26,3.0,3.0,0.6,5,0.1,954,17.6,-34.43,44.0,-0.78,1h
9,21,5.0,2.0,0.2857,7,0.1,800,7.4,-34.46,38.11,-0.9,1h
9,50,3.0,1.0,0.1429,7,0.2,492,5.9,-34.48,41.12,-0.84,1h
12,26,2.0,1.0,0.1429,7,0.3,628,10.0,-34.59,44.84,-0.77,1h
12,50,3.0,2.0,0.4,5,0.2,421,11.9,-34.8,41.29,-0.84,1h
9,50,2.0,3.0,0.4286,7,0.1,492,16.7,-34.99,36.21,-0.97,1h
9,21,3.0,1.0,0.3333,3,0.2,800,11.0,-35.03,41.56,-0.84,1h
12,21,5.0,2.0,0.2857,7,0.3,707,7.9,-35.27,58.59,-0.6,1h
5,26,2.0,1.0,0.2,5,0.1,954,9.5,-35.28,40.3,-0.88,1h
9,50,3.0,1.0,0.2,5,0.2,492,6.7,-35.32,37.57,-0.94,1h
9,21,3.0,2.0,0.4,5,0.1,800,12.2,-35.47,40.78,-0.87,1h
5,50,3.0,1.0,0.2,5,0.3,652,8.3,-35.69,45.42,-0.79,1h
5,21,2.0,3.0,0.6,5,0.1,1063,23.9,-35.77,46.15,-0.78,1h
12,21,2.0,2.0,0.6667,3,0.3,707,26.3,-35.81,45.42,-0.79,1h
9,21,2.0,3.0,0.4286,7,0.1,800,18.6,-35.83,43.86,-0.82,1h
5,26,3.0,3.0,1.0,3,0.3,954,26.3,-36.02,60.62,-0.59,1h
12,50,5.0,1.0,0.2,5,0.2,421,3.8,-36.33,38.85,-0.94,1h
5,26,2.0,3.0,1.0,3,0.2,954,33.0,-36.46,48.56,-0.75,1h
9,50,5.0,3.0,0.4286,7,0.2,492,8.9,-36.47,51.79,-0.7,1h
9,26,3.0,1.0,0.1429,7,0.2,732,6.6,-36.48,48.21,-0.76,1h
9,26,3.0,3.0,0.6,5,0.3,732,19.0,-36.56,61.84,-0.59,1h
9,21,3.0,1.0,0.1429,7,0.1,800,5.5,-36.59,40.34,-0.91,1h
5,50,2.0,2.0,0.2857,7,0.1,652,12.6,-36.63,37.68,-0.97,1h
5,21,2.0,3.0,1.0,3,0.2,1063,33.0,-36.71,44.47,-0.83,1h
12,50,2.0,3.0,0.4286,7,0.1,421,15.4,-36.75,38.04,-0.97,1h
5,21,2.0,2.0,0.6667,3,0.2,1063,26.1,-36.85,47.03,-0.78,1h
9,21,3.0,3.0,0.6,5,0.1,800,17.0,-37.0,41.17,-0.9,1h
5,26,3.0,1.0,0.3333,3,0.2,954,11.2,-37.11,49.52,-0.75,1h
5,21,3.0,2.0,0.4,5,0.1,1063,12.8,-37.23,44.83,-0.83,1h
5,50,5.0,2.0,0.2857,7,0.2,652,7.1,-37.28,55.19,-0.68,1h
5,26,3.0,2.0,0.4,5,0.1,954,12.5,-37.8,48.55,-0.78,1h
9,21,2.0,2.0,0.2857,7,0.1,800,13.2,-37.87,43.48,-0.87,1h
5,50,5.0,2.0,0.4,5,0.3,652,9.5,-38.18,64.55,-0.59,1h
5,50,5.0,1.0,0.2,5,0.3,652,5.5,-38.25,48.68,-0.79,1h
12,50,3.0,1.0,0.1429,7,0.2,421,5.2,-38.33,39.02,-0.98,1h
5,26,5.0,1.0,0.3333,3,0.3,954,8.7,-38.35,50.97,-0.75,1h
12,21,5.0,2.0,0.4,5,0.3,707,9.8,-38.36,60.39,-0.64,1h
9,50,2.0,2.0,0.6667,3,0.3,492,24.6,-38.37,39.69,-0.97,1h
12,21,5.0,1.0,0.1429,7,0.3,707,4.7,-38.48,61.43,-0.63,1h
12,26,3.0,2.0,0.2857,7,0.3,628,11.1,-38.67,51.7,-0.75,1h
12,21,3.0,1.0,0.3333,3,0.3,707,11.2,-38.77,48.75,-0.8,1h
12,50,2.0,3.0,0.6,5,0.2,421,22.6,-38.78,39.29,-0.99,1h
9,50,3.0,2.0,0.2857,7,0.2,492,9.8,-38.9,41.87,-0.93,1h
5,26,2.0,3.0,0.6,5,0.1,954,23.1,-38.91,45.55,-0.85,1h
5,26,3.0,2.0,0.2857,7,0.1,954,10.1,-38.92,50.09,-0.78,1h
5,50,3.0,2.0,0.2857,7,0.2,652,10.4,-38.96,48.87,-0.8,1h
5,21,5.0,1.0,0.3333,3,0.3,1063,9.1,-39.0,39.49,-0.99,1h
9,26,3.0,2.0,0.4,5,0.2,732,13.1,-39.05,48.84,-0.8,1h
12,21,5.0,3.0,0.4286,7,0.3,707,11.2,-39.11,75.23,-0.52,1h
9,21,2.0,1.0,0.1429,7,0.1,800,7.2,-39.12,40.79,-0.96,1h
9,21,3.0,2.0,0.6667,3,0.2,800,18.9,-39.18,47.02,-0.83,1h
12,21,3.0,1.0,0.1429,7,0.2,707,6.4,-39.24,51.9,-0.76,1h
5,50,2.0,1.0,0.3333,3,0.3,652,15.0,-39.28,41.44,-0.95,1h
12,50,5.0,1.0,0.1429,7,0.3,421,3.8,-39.58,52.17,-0.76,1h
5,26,2.0,2.0,0.6667,3,0.2,954,25.5,-39.72,49.14,-0.81,1h
12,50,3.0,1.0,0.2,5,0.2,421,5.7,-39.75,39.75,-1.0,1h
5,50,5.0,1.0,0.1429,7,0.3,652,4.6,-39.77,58.66,-0.68,1h
9,50,2.0,2.0,0.2857,7,0.2,492,13.8,-39.92,41.77,-0.96,1h
5,21,5.0,2.0,0.2857,7,0.1,1063,7.7,-39.96,40.52,-0.99,1h
12,50,2.0,1.0,0.1429,7,0.2,421,7.4,-40.22,43.3,-0.93,1h
9,21,3.0,3.0,1.0,3,0.3,800,26.2,-40.23,59.74,-0.67,1h
12,50,2.0,1.0,0.3333,3,0.3,421,12.8,-40.35,40.35,-1.0,1h
5,26,5.0,3.0,0.6,5,0.2,954,14.2,-40.61,56.02,-0.73,1h
12,21,2.0,3.0,0.6,5,0.2,707,24.3,-40.71,50.99,-0.8,1h
9,26,2.0,1.0,0.3333,3,0.3,732,15.3,-40.77,47.65,-0.86,1h
9,26,5.0,2.0,0.4,5,0.3,732,9.6,-40.92,53.42,-0.77,1h
5,26,3.0,3.0,0.4286,7,0.1,954,13.8,-40.93,59.27,-0.69,1h
12,26,2.0,3.0,0.6,5,0.3,628,25.0,-40.96,49.96,-0.82,1h
9,50,2.0,2.0,0.4,5,0.2,492,16.5,-41.15,42.75,-0.96,1h
12,21,2.0,1.0,0.2,5,0.2,707,10.3,-41.2,46.54,-0.89,1h
5,21,5.0,1.0,0.2,5,0.1,1063,5.1,-41.31,41.94,-0.99,1h
9,21,5.0,3.0,0.6,5,0.2,800,13.8,-41.4,59.14,-0.7,1h
9,26,2.0,1.0,0.1429,7,0.2,732,9.0,-41.48,50.02,-0.83,1h
9,26,3.0,3.0,0.4286,7,0.2,732,14.3,-41.71,56.1,-0.74,1h
9,21,3.0,2.0,0.2857,7,0.1,800,9.5,-41.84,45.8,-0.91,1h
5,26,2.0,1.0,0.3333,3,0.2,954,14.7,-41.86,47.64,-0.88,1h
9,21,3.0,1.0,0.2,5,0.2,800,7.9,-41.93,48.66,-0.86,1h
12,50,5.0,2.0,0.2857,7,0.3,421,6.7,-41.95,62.52,-0.67,1h
12,50,2.0,1.0,0.2,5,0.2,421,7.8,-41.99,42.43,-0.99,1h
9,21,3.0,3.0,0.4286,7,0.1,800,13.4,-42.06,51.04,-0.82,1h
5,26,2.0,2.0,0.4,5,0.1,954,16.2,-42.3,46.92,-0.9,1h
9,21,5.0,2.0,0.4,5,0.2,800,9.8,-42.46,57.55,-0.74,1h
12,26,2.0,2.0,0.4,5,0.3,628,18.6,-42.56,44.51,-0.96,1h
5,26,2.0,2.0,0.2857,7,0.1,954,13.3,-42.71,49.7,-0.86,1h
12,21,3.0,2.0,0.4,5,0.2,707,12.9,-43.11,55.1,-0.78,1h
12,26,2.0,3.0,0.4286,7,0.3,628,20.4,-43.15,52.84,-0.82,1h
5,21,3.0,1.0,0.2,5,0.1,1063,6.4,-43.18,45.12,-0.96,1h
5,26,5.0,1.0,0.1429,7,0.1,954,3.9,-43.22,47.39,-0.91,1h
5,21,3.0,1.0,0.3333,3,0.2,1063,10.8,-43.26,46.58,-0.93,1h
5,21,5.0,3.0,0.4286,7,0.2,1063,11.5,-43.49,63.15,-0.69,1h
9,26,2.0,3.0,0.6,5,0.3,732,25.1,-43.71,59.0,-0.74,1h
5,21,2.0,2.0,0.4,5,0.1,1063,16.6,-43.78,48.03,-0.91,1h
5,21,3.0,3.0,0.4286,7,0.1,1063,13.9,-43.89,57.73,-0.76,1h
5,26,3.0,2.0,0.6667,3,0.3,954,19.7,-43.89,60.74,-0.72,1h
9,21,2.0,1.0,0.3333,3,0.3,800,15.2,-44.06,52.33,-0.84,1h
9,21,2.0,2.0,0.6667,3,0.3,800,25.9,-44.2,50.97,-0.87,1h
9,26,5.0,2.0,0.2857,7,0.3,732,7.4,-44.56,56.25,-0.79,1h
9,21,5.0,1.0,0.2,5,0.3,800,6.1,-44.62,59.54,-0.75,1h
12,21,2.0,1.0,0.3333,3,0.3,707,14.7,-44.65,48.66,-0.92,1h
9,50,5.0,3.0,0.6,5,0.3,492,12.0,-44.74,61.4,-0.73,1h
9,26,2.0,1.0,0.2,5,0.3,732,11.3,-44.84,53.92,-0.83,1h
5,26,5.0,3.0,0.4286,7,0.2,954,11.1,-44.87,70.38,-0.64,1h
5,21,2.0,1.0,0.2,5,0.1,1063,8.6,-45.04,45.77,-0.98,1h
5,26,5.0,2.0,0.4,5,0.2,954,10.1,-45.13,61.13,-0.74,1h
5,26,3.0,1.0,0.1429,7,0.1,954,5.1,-45.56,52.58,-0.87,1h
5,21,3.0,2.0,0.6667,3,0.3,1063,19.9,-45.74,58.9,-0.78,1h
9,26,5.0,1.0,0.1429,7,0.3,732,4.5,-45.86,60.13,-0.76,1h
9,50,2.0,1.0,0.1429,7,0.3,492,8.7,-45.86,52.22,-0.88,1h
12,26,2.0,2.0,0.2857,7,0.3,628,15.1,-45.95,49.59,-0.93,1h
9,26,2.0,2.0,0.4,5,0.2,732,17.5,-46.12,51.88,-0.89,1h
12,50,3.0,3.0,0.4286,7,0.2,421,12.6,-46.13,52.2,-0.88,1h
12,21,3.0,3.0,0.4286,7,0.2,707,14.4,-46.17,64.08,-0.72,1h
9,50,2.0,1.0,0.2,5,0.3,492,10.0,-46.26,47.69,-0.97,1h
5,26,2.0,1.0,0.1429,7,0.1,954,7.0,-46.42,49.52,-0.94,1h
9,26,5.0,3.0,0.4286,7,0.3,732,10.5,-46.43,67.31,-0.69,1h
12,21,3.0,1.0,0.2,5,0.3,707,7.9,-46.79,60.21,-0.78,1h
5,50,3.0,1.0,0.1429,7,0.3,652,6.6,-46.87,57.41,-0.82,1h
9,50,3.0,3.0,0.6,5,0.3,492,17.3,-46.92,57.22,-0.82,1h
9,21,5.0,3.0,0.4286,7,0.2,800,10.8,-46.99,65.21,-0.72,1h
9,21,2.0,1.0,0.2,5,0.2,800,10.1,-47.05,53.26,-0.88,1h
9,50,3.0,2.0,0.4,5,0.3,492,12.4,-47.23,51.46,-0.92,1h
5,21,2.0,1.0,0.3333,3,0.2,1063,14.4,-47.34,48.98,-0.97,1h
9,26,3.0,2.0,0.2857,7,0.2,732,10.2,-47.6,55.17,-0.86,1h
5,26,5.0,1.0,0.2,5,0.2,954,5.5,-47.84,57.45,-0.83,1h
12,50,3.0,2.0,0.2857,7,0.2,421,8.6,-47.89,50.99,-0.94,1h
9,50,3.0,1.0,0.1429,7,0.3,492,5.9,-47.96,55.41,-0.87,1h
12,50,2.0,2.0,0.4,5,0.2,421,14.5,-47.99,50.14,-0.96,1h
5,50,2.0,3.0,0.6,5,0.3,652,24.5,-48.01,52.11,-0.92,1h
9,21,3.0,1.0,0.3333,3,0.3,800,11.0,-48.2,55.58,-0.87,1h
12,50,3.0,2.0,0.4,5,0.3,421,11.9,-48.32,55.63,-0.87,1h
12,21,3.0,3.0,0.6,5,0.3,707,18.7,-48.39,70.16,-0.69,1h
9,50,2.0,3.0,0.6,5,0.2,492,21.7,-48.4,50.67,-0.96,1h
5,50,2.0,2.0,0.4,5,0.2,652,16.7,-48.49,48.98,-0.99,1h
9,50,3.0,1.0,0.2,5,0.3,492,6.7,-48.57,51.09,-0.95,1h
5,21,3.0,3.0,1.0,3,0.3,1063,25.9,-48.61,59.14,-0.82,1h
9,50,3.0,3.0,0.4286,7,0.2,492,12.8,-48.71,51.79,-0.94,1h
5,50,2.0,1.0,0.2,5,0.2,652,9.0,-48.89,49.31,-0.99,1h
9,21,2.0,2.0,0.4,5,0.2,800,17.5,-48.94,57.18,-0.86,1h
12,21,2.0,2.0,0.4,5,0.2,707,17.0,-49.34,54.87,-0.9,1h
9,21,2.0,3.0,0.6,5,0.2,800,23.9,-49.41,56.28,-0.88,1h
12,21,3.0,2.0,0.2857,7,0.2,707,10.2,-49.65,59.54,-0.83,1h
12,21,2.0,1.0,0.1429,7,0.2,707,8.2,-49.74,54.18,-0.92,1h
12,50,5.0,1.0,0.2,5,0.3,421,3.8,-49.93,52.5,-0.95,1h
5,21,3.0,2.0,0.2857,7,0.1,1063,9.4,-50.0,53.5,-0.93,1h
5,26,2.0,3.0,0.4286,7,0.1,954,17.7,-50.08,57.61,-0.87,1h
5,21,2.0,2.0,0.2857,7,0.1,1063,12.9,-50.56,53.84,-0.94,1h
5,26,2.0,3.0,1.0,3,0.3,954,33.0,-50.58,63.59,-0.8,1h
5,21,2.0,2.0,0.6667,3,0.3,1063,26.1,-50.76,62.0,-0.82,1h
5,21,5.0,2.0,0.4,5,0.3,1063,10.8,-50.76,60.42,-0.84,1h
5,26,3.0,1.0,0.3333,3,0.3,954,11.2,-50.78,64.37,-0.79,1h
9,26,3.0,1.0,0.1429,7,0.3,732,6.6,-50.88,63.41,-0.8,1h
5,21,2.0,3.0,1.0,3,0.3,1063,33.0,-51.0,59.43,-0.86,1h
5,21,3.0,3.0,0.6,5,0.2,1063,18.5,-51.3,65.56,-0.78,1h
9,26,2.0,2.0,0.2857,7,0.2,732,13.9,-51.98,57.57,-0.9,1h
12,50,3.0,1.0,0.1429,7,0.3,421,5.2,-52.27,52.89,-0.99,1h
5,21,3.0,1.0,0.1429,7,0.1,1063,4.8,-52.67,53.22,-0.99,1h
5,21,2.0,1.0,0.1429,7,0.1,1063,6.7,-52.75,53.08,-0.99,1h
9,21,5.0,1.0,0.1429,7,0.2,800,4.2,-52.83,59.24,-0.89,1h
12,50,2.0,3.0,0.6,5,0.3,421,22.6,-52.98,53.49,-0.99,1h
5,50,2.0,3.0,0.4286,7,0.2,652,18.6,-53.0,53.8,-0.99,1h
9,50,5.0,3.0,0.4286,7,0.3,492,8.9,-53.13,68.37,-0.78,1h
5,21,5.0,1.0,0.1429,7,0.1,1063,3.7,-53.18,53.18,-1.0,1h
5,26,3.0,1.0,0.2,5,0.2,954,7.2,-53.32,64.0,-0.83,1h
9,21,3.0,2.0,0.6667,3,0.3,800,18.9,-53.54,61.92,-0.86,1h
5,50,2.0,1.0,0.1429,7,0.2,652,7.5,-53.58,54.01,-0.99,1h
12,50,3.0,1.0,0.2,5,0.3,421,5.7,-53.63,53.63,-1.0,1h
9,50,3.0,2.0,0.2857,7,0.3,492,9.8,-53.77,56.79,-0.95,1h
5,50,5.0,2.0,0.2857,7,0.3,652,7.1,-53.83,71.17,-0.76,1h
12,21,3.0,1.0,0.1429,7,0.3,707,6.4,-53.96,67.03,-0.81,1h
5,26,2.0,2.0,0.6667,3,0.3,954,25.5,-53.99,64.06,-0.84,1h
9,26,3.0,2.0,0.4,5,0.3,732,13.1,-54.02,64.27,-0.84,1h
5,21,2.0,3.0,0.4286,7,0.1,1063,17.8,-54.15,61.87,-0.88,1h
12,50,2.0,1.0,0.1429,7,0.3,421,7.4,-54.22,57.61,-0.94,1h
5,50,3.0,2.0,0.2857,7,0.3,652,10.4,-54.41,64.16,-0.85,1h
9,50,2.0,2.0,0.2857,7,0.3,492,13.8,-54.44,56.32,-0.97,1h
12,21,2.0,2.0,0.2857,7,0.2,707,13.6,-54.53,59.08,-0.92,1h
12,50,2.0,2.0,0.2857,7,0.2,421,11.2,-54.67,55.43,-0.99,1h
12,21,2.0,1.0,0.2,5,0.3,707,10.3,-55.43,61.24,-0.91,1h
9,50,2.0,2.0,0.4,5,0.3,492,16.5,-55.5,57.3,-0.97,1h
9,26,2.0,3.0,0.4286,7,0.2,732,18.7,-55.64,62.45,-0.89,1h
12,21,2.0,3.0,0.6,5,0.3,707,24.3,-55.79,66.49,-0.84,1h
5,26,5.0,2.0,0.2857,7,0.2,954,7.7,-55.87,64.32,-0.87,1h
5,26,2.0,1.0,0.3333,3,0.3,954,14.7,-56.06,62.36,-0.9,1h
12,50,2.0,1.0,0.2,5,0.3,421,7.8,-56.07,56.51,-0.99,1h
9,26,2.0,1.0,0.1429,7,0.3,732,9.0,-56.11,65.16,-0.86,1h
9,21,3.0,1.0,0.2,5,0.3,800,7.9,-56.62,63.6,-0.89,1h
12,21,2.0,3.0,0.4286,7,0.2,707,18.5,-57.53,64.78,-0.89,1h
5,21,3.0,1.0,0.3333,3,0.3,1063,10.8,-57.87,61.35,-0.94,1h
12,21,3.0,2.0,0.4,5,0.3,707,12.9,-58.45,70.46,-0.83,1h
5,26,2.0,1.0,0.2,5,0.2,954,9.5,-58.53,64.61,-0.91,1h
9,50,2.0,3.0,0.4286,7,0.2,492,16.7,-58.56,60.09,-0.97,1h
9,26,3.0,3.0,0.4286,7,0.3,732,14.3,-58.6,72.4,-0.81,1h
5,26,5.0,3.0,0.6,5,0.3,954,14.2,-58.65,72.68,-0.81,1h
5,26,3.0,3.0,0.6,5,0.2,954,17.6,-58.77,69.38,-0.85,1h
9,21,5.0,3.0,0.6,5,0.3,800,13.8,-58.81,74.5,-0.79,1h
9,21,5.0,2.0,0.4,5,0.3,800,9.8,-58.84,72.82,-0.81,1h
9,21,3.0,2.0,0.4,5,0.2,800,12.2,-59.3,65.36,-0.91,1h
9,21,5.0,2.0,0.2857,7,0.2,800,7.4,-59.36,63.29,-0.94,1h
5,21,2.0,3.0,0.6,5,0.2,1063,23.9,-60.03,71.67,-0.84,1h
9,21,2.0,3.0,0.4286,7,0.2,800,18.6,-60.22,69.04,-0.87,1h
9,21,3.0,1.0,0.1429,7,0.2,800,5.5,-60.53,64.78,-0.93,1h
5,50,2.0,2.0,0.2857,7,0.2,652,12.6,-60.56,61.81,-0.98,1h
12,50,2.0,3.0,0.4286,7,0.2,421,15.4,-60.63,62.1,-0.98,1h
9,26,2.0,2.0,0.4,5,0.3,732,17.5,-61.33,67.14,-0.91,1h
9,21,3.0,3.0,0.6,5,0.2,800,17.0,-61.65,66.09,-0.93,1h
5,21,3.0,2.0,0.4,5,0.2,1063,12.8,-61.83,70.22,-0.88,1h
12,50,3.0,3.0,0.4286,7,0.3,421,12.6,-61.95,67.9,-0.91,1h
9,21,2.0,1.0,0.2,5,0.3,800,10.1,-61.97,68.33,-0.91,1h
5,26,5.0,2.0,0.4,5,0.3,954,10.1,-62.11,76.76,-0.81,1h
5,21,2.0,1.0,0.3333,3,0.3,1063,14.4,-62.15,63.83,-0.97,1h
9,21,2.0,2.0,0.2857,7,0.2,800,13.2,-62.28,68.63,-0.91,1h
5,26,3.0,2.0,0.4,5,0.2,954,12.5,-62.37,73.99,-0.84,1h
12,50,2.0,2.0,0.4,5,0.3,421,14.5,-62.91,65.1,-0.97,1h
12,21,3.0,3.0,0.4286,7,0.3,707,14.4,-63.13,79.3,-0.8,1h
12,50,3.0,2.0,0.2857,7,0.3,421,8.6,-63.32,66.28,-0.96,1h
9,21,2.0,1.0,0.1429,7,0.2,800,7.2,-63.38,65.26,-0.97,1h
9,50,2.0,3.0,0.6,5,0.3,492,21.7,-63.71,65.99,-0.97,1h
5,26,2.0,3.0,0.6,5,0.2,954,23.1,-63.71,70.98,-0.9,1h
5,26,5.0,1.0,0.2,5,0.3,954,5.5,-63.72,72.96,-0.87,1h
5,50,2.0,2.0,0.4,5,0.3,652,16.7,-63.74,64.2,-0.99,1h
5,50,2.0,1.0,0.2,5,0.3,652,9.0,-63.81,64.23,-0.99,1h
9,26,3.0,2.0,0.2857,7,0.3,732,10.2,-63.9,70.97,-0.9,1h
5,21,5.0,3.0,0.4286,7,0.3,1063,11.5,-64.03,79.7,-0.8,1h
5,26,3.0,2.0,0.2857,7,0.2,954,10.1,-64.22,75.8,-0.85,1h
9,21,2.0,2.0,0.4,5,0.3,800,17.5,-64.4,72.42,-0.89,1h
12,21,2.0,2.0,0.4,5,0.3,707,17.0,-64.7,70.14,-0.92,1h
5,26,5.0,3.0,0.4286,7,0.3,954,11.1,-64.71,85.14,-0.76,1h
9,50,3.0,3.0,0.4286,7,0.3,492,12.8,-64.89,67.68,-0.96,1h
12,21,2.0,1.0,0.1429,7,0.3,707,8.2,-64.98,69.38,-0.94,1h
9,21,2.0,3.0,0.6,5,0.3,800,23.9,-65.3,71.89,-0.91,1h
9,21,5.0,3.0,0.4286,7,0.3,800,10.8,-65.87,80.63,-0.82,1h
12,21,3.0,2.0,0.2857,7,0.3,707,10.2,-65.91,74.93,-0.88,1h
5,21,5.0,1.0,0.2,5,0.2,1063,5.1,-66.39,67.08,-0.99,1h
5,21,5.0,2.0,0.2857,7,0.2,1063,7.7,-66.52,67.11,-0.99,1h
5,26,3.0,3.0,0.4286,7,0.2,954,13.8,-67.15,83.9,-0.8,1h
9,21,3.0,2.0,0.2857,7,0.2,800,9.5,-67.28,71.4,-0.94,1h
5,26,2.0,2.0,0.4,5,0.2,954,16.2,-67.32,72.22,-0.93,1h
9,26,2.0,2.0,0.2857,7,0.3,732,13.9,-67.8,73.03,-0.93,1h
9,21,3.0,3.0,0.4286,7,0.2,800,13.4,-68.04,76.68,-0.89,1h
5,26,2.0,2.0,0.2857,7,0.2,954,13.3,-68.09,75.23,-0.91,1h
5,21,3.0,1.0,0.2,5,0.2,1063,6.4,-68.2,70.18,-0.97,1h
5,21,3.0,3.0,0.6,5,0.3,1063,18.5,-68.34,80.81,-0.85,1h
5,26,3.0,1.0,0.2,5,0.3,954,7.2,-68.83,78.72,-0.87,1h
5,26,5.0,1.0,0.1429,7,0.2,954,3.9,-68.83,73.03,-0.94,1h
5,50,2.0,1.0,0.1429,7,0.3,652,7.5,-68.84,69.23,-0.99,1h
5,21,2.0,2.0,0.4,5,0.2,1063,16.6,-69.04,73.42,-0.94,1h
9,21,5.0,1.0,0.1429,7,0.3,800,4.2,-69.07,74.53,-0.93,1h
5,50,2.0,3.0,0.4286,7,0.3,652,18.6,-69.1,69.53,-0.99,1h
12,50,2.0,2.0,0.2857,7,0.3,421,11.2,-69.96,70.6,-0.99,1h
5,21,2.0,1.0,0.2,5,0.2,1063,8.6,-70.11,70.82,-0.99,1h
12,21,2.0,2.0,0.2857,7,0.3,707,13.6,-70.28,74.44,-0.94,1h
5,21,3.0,3.0,0.4286,7,0.2,1063,13.9,-70.57,82.93,-0.85,1h
5,26,3.0,1.0,0.1429,7,0.2,954,5.1,-70.97,77.78,-0.91,1h
5,26,2.0,1.0,0.1429,7,0.2,954,7.0,-71.69,74.77,-0.96,1h
9,26,2.0,3.0,0.4286,7,0.3,732,18.7,-71.81,77.73,-0.92,1h
5,26,5.0,2.0,0.2857,7,0.3,954,7.7,-73.49,80.23,-0.92,1h
12,21,2.0,3.0,0.4286,7,0.3,707,18.5,-73.54,79.76,-0.92,1h
5,26,2.0,1.0,0.2,5,0.3,954,9.5,-73.69,79.17,-0.93,1h
9,50,2.0,3.0,0.4286,7,0.3,492,16.7,-74.09,75.5,-0.98,1h
9,21,3.0,2.0,0.4,5,0.3,800,12.2,-74.9,79.99,-0.94,1h
5,26,3.0,3.0,0.6,5,0.3,954,17.6,-75.12,83.74,-0.9,1h
9,21,3.0,1.0,0.1429,7,0.3,800,5.5,-75.86,79.43,-0.96,1h
12,50,2.0,3.0,0.4286,7,0.3,421,15.4,-75.88,77.11,-0.98,1h
5,21,2.0,3.0,0.6,5,0.3,1063,23.9,-75.9,85.44,-0.89,1h
5,50,2.0,2.0,0.2857,7,0.3,652,12.6,-75.9,76.97,-0.99,1h
5,26,2.0,3.0,0.4286,7,0.2,954,17.7,-76.04,82.5,-0.92,1h
5,21,3.0,2.0,0.2857,7,0.2,1063,9.4,-76.08,79.06,-0.96,1h
9,21,5.0,2.0,0.2857,7,0.3,800,7.4,-76.08,79.08,-0.96,1h
9,21,2.0,3.0,0.4286,7,0.3,800,18.6,-76.17,83.29,-0.91,1h
5,21,2.0,2.0,0.2857,7,0.2,1063,12.9,-76.28,79.18,-0.96,1h
9,21,3.0,3.0,0.6,5,0.3,800,17.0,-77.42,80.84,-0.96,1h
5,21,3.0,2.0,0.4,5,0.3,1063,12.8,-77.5,84.27,-0.92,1h
9,21,2.0,2.0,0.2857,7,0.3,800,13.2,-77.62,82.89,-0.94,1h
5,26,3.0,2.0,0.4,5,0.3,954,12.5,-77.85,87.08,-0.89,1h
5,21,2.0,1.0,0.1429,7,0.2,1063,6.7,-78.01,78.28,-1.0,1h
5,21,3.0,1.0,0.1429,7,0.2,1063,4.8,-78.09,78.43,-1.0,1h
9,21,2.0,1.0,0.1429,7,0.3,800,7.2,-78.23,79.81,-0.98,1h
5,21,5.0,1.0,0.1429,7,0.2,1063,3.7,-78.8,78.8,-1.0,1h
5,26,2.0,3.0,0.6,5,0.3,954,23.1,-79.04,84.85,-0.93,1h
5,26,3.0,2.0,0.2857,7,0.3,954,10.1,-79.88,88.59,-0.9,1h
5,21,2.0,3.0,0.4286,7,0.2,1063,17.8,-79.88,85.94,-0.93,1h
5,21,5.0,1.0,0.2,5,0.3,1063,5.1,-81.19,81.75,-0.99,1h
5,26,2.0,2.0,0.4,5,0.3,954,16.2,-81.82,85.67,-0.96,1h
9,21,3.0,2.0,0.2857,7,0.3,800,9.5,-82.17,85.3,-0.96,1h
5,21,3.0,1.0,0.2,5,0.3,1063,6.4,-82.47,83.96,-0.98,1h
5,21,5.0,2.0,0.2857,7,0.3,1063,7.7,-82.59,83.02,-0.99,1h
5,26,2.0,2.0,0.2857,7,0.3,954,13.3,-82.7,88.05,-0.94,1h
5,26,3.0,3.0,0.4286,7,0.3,954,13.8,-82.77,93.82,-0.88,1h
9,21,3.0,3.0,0.4286,7,0.3,800,13.4,-83.19,89.18,-0.93,1h
5,21,2.0,2.0,0.4,5,0.3,1063,16.6,-83.3,86.62,-0.96,1h
5,26,5.0,1.0,0.1429,7,0.3,954,3.9,-83.43,86.5,-0.96,1h
5,21,2.0,1.0,0.2,5,0.3,1063,8.6,-83.9,84.41,-0.99,1h
5,26,3.0,1.0,0.1429,7,0.3,954,5.1,-84.83,89.71,-0.95,1h
5,26,2.0,1.0,0.1429,7,0.3,954,7.0,-85.25,87.51,-0.97,1h
5,21,3.0,3.0,0.4286,7,0.3,1063,13.9,-85.53,93.4,-0.92,1h
5,26,2.0,3.0,0.4286,7,0.3,954,17.7,-88.94,92.97,-0.96,1h
5,21,2.0,2.0,0.2857,7,0.3,1063,12.9,-88.96,90.82,-0.98,1h
5,21,3.0,2.0,0.2857,7,0.3,1063,9.4,-89.04,90.87,-0.98,1h
5,21,2.0,1.0,0.1429,7,0.3,1063,6.7,-89.92,90.08,-1.0,1h
5,21,3.0,1.0,0.1429,7,0.3,1063,4.8,-90.07,90.22,-1.0,1h
5,21,5.0,1.0,0.1429,7,0.3,1063,3.7,-90.69,90.69,-1.0,1h
5,21,2.0,3.0,0.4286,7,0.3,1063,17.8,-91.54,94.98,-0.96,1h
