entry_pct,tp_pct,sl_pct,leverage,pos_ratio,rr_ratio,total_trades,win_rate,avg_tp_pct,avg_sl_pct,expectancy,total_return_pct,mdd_pct,max_consec_losses,sharpe
1.5,2.0,0.5,10,30,4.0,1455,29.5,19.0,-6.0,1.371,17061.53,45.99,18,371.01
1.5,3.0,0.5,10,30,6.0,1399,21.2,29.0,-6.0,1.405,10441.83,75.82,31,137.728
1.5,1.5,0.5,10,30,3.0,1477,35.1,14.0,-6.0,1.014,4802.25,54.62,13,87.923
1.5,2.0,0.5,7,30,4.0,1455,29.5,13.3,-4.2,0.96,4258.44,34.36,18,123.925
1.5,2.0,0.8,10,30,2.5,1427,36.2,19.0,-9.0,1.144,4160.43,65.82,13,63.212
1.5,3.0,0.8,10,30,3.75,1361,27.1,29.0,-9.0,1.303,3672.59,79.34,24,46.292
1.5,2.0,0.5,10,20,4.0,1455,29.5,19.0,-6.0,1.371,3609.28,32.96,18,109.5
1.5,3.0,0.5,7,30,6.0,1399,21.2,20.3,-4.2,0.984,3253.91,62.21,31,52.301
1.5,3.0,0.5,10,20,6.0,1399,21.2,29.0,-6.0,1.405,2815.19,60.34,31,46.658
1.5,3.0,0.8,7,30,3.75,1361,27.1,20.3,-6.3,0.912,1692.43,64.33,24,26.309
1.5,2.0,0.8,7,30,2.5,1427,36.2,13.3,-6.3,0.801,1652.78,50.12,13,32.978
1.5,1.5,0.5,7,30,3.0,1477,35.1,9.8,-4.2,0.71,1627.83,40.9,13,39.797
1.5,3.0,0.8,10,20,3.75,1361,27.1,29.0,-9.0,1.303,1521.09,62.24,24,24.439
1.5,2.0,0.5,5,30,4.0,1455,29.5,9.5,-3.0,0.686,1511.43,25.61,18,59.015
1.5,2.0,0.8,10,20,2.5,1427,36.2,19.0,-9.0,1.144,1468.5,48.13,13,30.511
1.5,1.5,0.5,10,20,3.0,1477,35.1,14.0,-6.0,1.014,1428.77,39.23,13,36.42
1.5,2.0,1.0,10,30,2.0,1405,39.9,19.0,-11.0,0.957,1370.16,80.9,12,16.937
1.5,3.0,0.5,5,30,6.0,1399,21.2,14.5,-3.0,0.703,1289.98,49.61,31,26.004
1.5,2.0,0.5,7,20,4.0,1455,29.5,13.3,-4.2,0.96,1256.46,24.07,18,52.197
1.5,1.5,0.8,10,30,1.88,1452,42.6,14.0,-9.0,0.789,1243.88,79.24,11,15.697
1.5,3.0,0.5,7,20,6.0,1399,21.2,20.3,-4.2,0.984,1089.02,47.17,31,23.087
1.5,3.0,1.0,10,30,3.0,1334,30.1,29.0,-11.0,1.054,858.85,92.34,16,9.301
1.5,3.0,0.8,5,30,3.75,1361,27.1,14.5,-4.5,0.651,829.03,50.39,24,16.452
1.5,2.0,1.0,7,30,2.0,1405,39.9,13.3,-7.7,0.67,768.21,66.53,12,11.547
1.5,2.0,0.8,5,30,2.5,1427,36.2,9.5,-4.5,0.572,766.91,37.5,13,20.453
1.5,3.0,0.8,7,20,3.75,1361,27.1,20.3,-6.3,0.912,722.07,47.73,24,15.129
1.5,1.5,0.5,5,30,3.0,1477,35.1,7.0,-3.0,0.507,712.77,30.42,13,23.428
1.5,2.0,1.0,10,20,2.0,1405,39.9,19.0,-11.0,0.957,706.96,64.5,12,10.961
1.5,2.0,0.8,7,20,2.5,1427,36.2,13.3,-6.3,0.801,664.18,35.24,13,18.85
1.5,1.5,0.8,7,30,1.88,1452,42.6,9.8,-6.3,0.552,634.32,64.75,11,9.796
1.5,3.0,1.0,7,30,3.0,1334,30.1,20.3,-7.7,0.738,626.83,81.96,16,7.648
1.5,1.5,0.5,7,20,3.0,1477,35.1,9.8,-4.2,0.71,613.46,28.58,13,21.468
1.5,3.0,1.0,10,20,3.0,1334,30.1,29.0,-11.0,1.054,590.32,80.25,16,7.356
1.5,1.5,0.8,10,20,1.88,1452,42.6,14.0,-9.0,0.789,580.34,62.73,11,9.251
1.5,2.0,0.5,5,20,4.0,1455,29.5,9.5,-3.0,0.686,568.58,17.68,18,32.166
1.5,2.0,0.5,10,10,4.0,1455,29.5,19.0,-6.0,1.371,568.58,17.68,18,32.166
1.5,1.5,1.0,10,30,1.5,1436,46.7,14.0,-11.0,0.664,542.76,89.85,12,6.041
1.5,3.0,0.5,10,10,6.0,1399,21.2,29.0,-6.0,1.405,519.63,36.32,31,14.306
1.5,3.0,0.5,5,20,6.0,1399,21.2,14.5,-3.0,0.703,519.63,36.32,31,14.306
1.5,2.0,0.5,3,30,4.0,1455,29.5,5.7,-1.8,0.411,457.6,16.02,18,28.568
1.5,2.0,1.0,5,30,2.0,1405,39.9,9.5,-5.5,0.479,435.48,52.81,12,8.246
1.5,3.0,0.5,3,30,6.0,1399,21.2,8.7,-1.8,0.422,422.87,33.31,31,12.693
1.5,3.0,1.0,5,30,3.0,1334,30.1,14.5,-5.5,0.527,400.81,69.34,16,5.78
1.5,2.0,1.0,7,20,2.0,1405,39.9,13.3,-7.7,0.67,388.95,50.15,12,7.756
1.5,3.0,0.8,10,10,3.75,1361,27.1,29.0,-9.0,1.303,385.67,36.07,24,10.691
1.5,3.0,0.8,5,20,3.75,1361,27.1,14.5,-4.5,0.651,385.67,36.07,24,10.691
1.5,3.0,1.0,7,20,3.0,1334,30.1,20.3,-7.7,0.738,363.72,66.61,16,5.461
1.5,1.5,1.0,7,30,1.5,1436,46.7,9.8,-7.7,0.465,353.5,78.43,12,4.507
1.5,1.5,0.8,5,30,1.88,1452,42.6,7.0,-4.5,0.395,351.73,51.19,11,6.871
1.5,2.0,0.8,5,20,2.5,1427,36.2,9.5,-4.5,0.572,349.86,25.79,13,13.565
1.5,2.0,0.8,10,10,2.5,1427,36.2,19.0,-9.0,1.144,349.86,25.79,13,13.565
1.5,1.5,1.0,10,20,1.5,1436,46.7,14.0,-11.0,0.664,331.47,76.63,12,4.326
1.5,3.0,0.8,3,30,3.75,1361,27.1,8.7,-2.7,0.391,321.83,32.91,24,9.78
1.5,1.5,0.5,5,20,3.0,1477,35.1,7.0,-3.0,0.507,318.03,20.91,13,15.209
1.5,1.5,0.5,10,10,3.0,1477,35.1,14.0,-6.0,1.014,318.03,20.91,13,15.209
1.5,1.5,0.8,7,20,1.88,1452,42.6,9.8,-6.3,0.552,313.9,48.58,11,6.461
1.5,2.0,0.8,3,30,2.5,1427,36.2,5.7,-2.7,0.343,291.55,23.34,13,12.493
1.5,2.0,0.5,7,10,4.0,1455,29.5,13.3,-4.2,0.96,285.67,12.63,18,22.62
1.5,3.0,0.5,7,10,6.0,1399,21.2,20.3,-4.2,0.984,269.24,26.92,31,10.003
1.5,1.5,0.5,3,30,3.0,1477,35.1,4.2,-1.8,0.304,264.51,18.93,13,13.975
1.5,2.0,1.0,10,10,2.0,1405,39.9,19.0,-11.0,0.957,229.92,38.34,12,5.997
1.5,2.0,1.0,5,20,2.0,1405,39.9,9.5,-5.5,0.479,229.92,38.34,12,5.997
1.5,3.0,1.0,10,10,3.0,1334,30.1,29.0,-11.0,1.054,226.53,53.47,16,4.237
1.5,3.0,1.0,5,20,3.0,1334,30.1,14.5,-5.5,0.527,226.53,53.47,16,4.237
1.5,3.0,1.5,10,20,2.0,1273,37.6,29.0,-16.0,0.932,226.34,75.98,13,2.979
1.5,3.0,1.5,7,30,2.0,1273,37.6,20.3,-11.2,0.653,225.58,77.89,13,2.896
1.5,1.5,1.0,5,30,1.5,1436,46.7,7.0,-5.5,0.332,225.39,65.47,12,3.443
1.5,2.0,0.5,3,20,4.0,1455,29.5,5.7,-1.8,0.411,219.85,10.9,18,20.173
1.5,3.0,0.8,7,10,3.75,1361,27.1,20.3,-6.3,0.912,214.66,26.27,24,8.17
1.5,3.0,0.5,3,20,6.0,1399,21.2,8.7,-1.8,0.422,208.99,23.52,31,8.887
1.5,1.5,1.0,7,20,1.5,1436,46.7,9.8,-7.7,0.465,205.5,62.75,12,3.275
1.5,3.0,1.5,5,30,2.0,1273,37.6,14.5,-8.0,0.466,202.72,64.19,13,3.158
1.5,2.0,1.0,3,30,2.0,1405,39.9,5.7,-3.3,0.287,196.79,35.08,12,5.609
1.5,3.0,1.0,3,30,3.0,1334,30.1,8.7,-3.3,0.316,195.9,49.55,16,3.953
1.5,2.0,0.8,7,10,2.5,1427,36.2,13.3,-6.3,0.801,194.36,18.33,13,10.604
1.5,3.0,1.5,7,20,2.0,1273,37.6,20.3,-11.2,0.653,193.05,61.34,13,3.147
1.5,1.5,0.8,10,10,1.88,1452,42.6,14.0,-9.0,0.789,186.34,37.05,11,5.029
1.5,1.5,0.8,5,20,1.88,1452,42.6,7.0,-4.5,0.395,186.34,37.05,11,5.029
1.5,1.5,0.5,7,10,3.0,1477,35.1,9.8,-4.2,0.71,176.05,14.88,13,11.828
1.5,3.0,0.8,3,20,3.75,1361,27.1,8.7,-2.7,0.391,170.22,22.8,24,7.464
1.5,2.0,0.5,5,10,4.0,1455,29.5,9.5,-3.0,0.686,164.76,9.14,18,18.02
1.5,1.5,0.8,3,30,1.88,1452,42.6,4.2,-2.7,0.237,159.93,33.89,11,4.72
1.5,3.0,0.5,5,10,6.0,1399,21.2,14.5,-3.0,0.703,157.85,19.98,31,7.902
1.5,2.0,0.8,3,20,2.5,1427,36.2,5.7,-2.7,0.343,154.25,15.78,13,9.775
1.5,3.0,1.5,10,30,2.0,1273,37.6,29.0,-16.0,0.932,146.43,90.06,13,1.626
1.5,3.0,1.5,5,20,2.0,1273,37.6,14.5,-8.0,0.466,142.7,48.1,13,2.967
1.5,3.0,1.5,10,10,2.0,1273,37.6,29.0,-16.0,0.932,142.7,48.1,13,2.967
1.5,3.0,1.0,7,10,3.0,1334,30.1,20.3,-7.7,0.738,139.82,40.88,16,3.42
1.5,1.5,0.5,3,20,3.0,1477,35.1,4.2,-1.8,0.304,139.74,12.83,13,10.895
1.5,2.0,1.0,7,10,2.0,1405,39.9,13.3,-7.7,0.67,138.03,28.2,12,4.895
1.5,1.5,1.0,10,10,1.5,1436,46.7,14.0,-11.0,0.664,132.16,49.9,12,2.648
1.5,1.5,1.0,5,20,1.5,1436,46.7,7.0,-5.5,0.332,132.16,49.9,12,2.648
1.5,3.0,0.8,5,10,3.75,1361,27.1,14.5,-4.5,0.651,131.18,19.24,24,6.818
1.5,3.0,1.5,3,30,2.0,1273,37.6,8.7,-4.8,0.28,128.15,44.3,13,2.893
1.5,2.0,0.8,5,10,2.5,1427,36.2,9.5,-4.5,0.572,119.04,13.2,13,9.016
1.5,1.5,1.0,3,30,1.5,1436,46.7,4.2,-3.3,0.199,115.56,46.15,12,2.504
1.5,3.0,1.0,3,20,3.0,1334,30.1,8.7,-3.3,0.316,114.48,36.1,16,3.172
1.5,1.5,0.8,7,10,1.88,1452,42.6,9.8,-6.3,0.552,112.99,27.21,11,4.153
1.5,2.0,1.0,3,20,2.0,1405,39.9,5.7,-3.3,0.287,112.21,24.56,12,4.569
1.5,1.5,0.5,5,10,3.0,1477,35.1,7.0,-3.0,0.507,107.93,10.74,13,10.046
1.5,3.0,1.5,7,10,2.0,1273,37.6,20.3,-11.2,0.653,98.05,36.05,13,2.72
1.5,1.5,0.8,3,20,1.88,1452,42.6,4.2,-2.7,0.237,92.27,23.69,11,3.895
1.5,3.0,1.0,5,10,3.0,1334,30.1,14.5,-5.5,0.527,90.98,30.98,16,2.937
1.5,2.0,1.0,5,10,2.0,1405,39.9,9.5,-5.5,0.479,88.62,20.8,12,4.261
1.5,1.5,1.0,7,10,1.5,1436,46.7,9.8,-7.7,0.465,84.6,37.9,12,2.232
1.5,3.0,1.5,3,20,2.0,1273,37.6,8.7,-4.8,0.28,82.89,31.59,13,2.624
1.5,2.0,0.5,3,10,4.0,1455,29.5,5.7,-1.8,0.411,80.38,5.56,18,14.458
1.5,3.0,0.5,3,10,6.0,1399,21.2,8.7,-1.8,0.422,78.05,12.46,31,6.266
1.5,1.5,0.8,5,10,1.88,1452,42.6,7.0,-4.5,0.395,73.23,20.05,11,3.653
1.5,1.5,1.0,3,20,1.5,1436,46.7,4.2,-3.3,0.199,70.26,33.39,12,2.104
1.5,3.0,1.5,5,10,2.0,1273,37.6,14.5,-8.0,0.466,67.88,26.91,13,2.522
1.5,1.0,0.5,10,30,2.0,1496,41.3,9.0,-6.0,0.197,67.66,86.1,11,0.786
1.5,3.0,0.8,3,10,3.75,1361,27.1,8.7,-2.7,0.391,67.26,11.82,24,5.691
1.0,3.0,0.5,7,20,6.0,3982,17.8,20.3,-4.2,0.15,66.63,73.66,29,0.905
1.0,3.0,0.5,10,10,6.0,3982,17.8,29.0,-6.0,0.214,65.23,59.93,29,1.088
1.0,3.0,0.5,5,20,6.0,3982,17.8,14.5,-3.0,0.107,65.23,59.93,29,1.088
1.0,3.0,0.5,5,30,6.0,3982,17.8,14.5,-3.0,0.107,64.2,76.4,29,0.84
1.0,3.0,0.5,3,30,6.0,3982,17.8,8.7,-1.8,0.064,62.11,55.7,29,1.115
1.5,2.0,0.8,3,10,2.5,1427,36.2,5.7,-2.7,0.343,61.32,7.98,13,7.686
1.5,1.5,1.0,5,10,1.5,1436,46.7,7.0,-5.5,0.332,56.68,28.6,12,1.982
1.5,1.5,0.5,3,10,3.0,1477,35.1,4.2,-1.8,0.304,55.78,6.51,13,8.568
1.5,1.0,0.5,7,30,2.0,1496,41.3,6.3,-4.2,0.138,54.98,74.19,11,0.741
1.5,1.0,0.5,10,20,2.0,1496,41.3,9.0,-6.0,0.197,53.01,72.4,11,0.732
1.0,3.0,0.5,7,10,6.0,3982,17.8,20.3,-4.2,0.15,52.87,46.19,29,1.145
1.5,3.0,1.0,3,10,3.0,1334,30.1,8.7,-3.3,0.316,49.42,19.72,16,2.506
1.5,2.0,2.0,7,20,1.0,1297,53.7,13.3,-14.7,0.347,48.2,63.17,7,0.763
1.5,2.0,1.0,3,10,2.0,1405,39.9,5.7,-3.3,0.287,47.67,12.87,12,3.703
1.0,3.0,0.5,3,20,6.0,3982,17.8,8.7,-1.8,0.064,46.92,40.86,29,1.148
1.5,2.0,2.0,10,10,1.0,1297,53.7,19.0,-21.0,0.496,46.9,50.02,7,0.938
1.5,2.0,2.0,5,20,1.0,1297,53.7,9.5,-10.5,0.248,46.9,50.02,7,0.938
1.5,2.0,2.0,5,30,1.0,1297,53.7,9.5,-10.5,0.248,46.61,65.96,7,0.707
1.5,2.0,2.0,3,30,1.0,1297,53.7,5.7,-6.3,0.149,44.69,46.19,7,0.968
1.5,1.0,0.5,5,30,2.0,1496,41.3,4.5,-3.0,0.098,41.82,61.51,11,0.68
1.0,3.0,0.5,5,10,6.0,3982,17.8,14.5,-3.0,0.107,40.23,35.13,29,1.145
1.5,1.5,0.8,3,10,1.88,1452,42.6,4.2,-2.7,0.237,39.84,12.4,11,3.213
1.5,1.0,0.5,7,20,2.0,1496,41.3,6.3,-4.2,0.138,39.35,58.9,11,0.668
1.5,3.0,1.5,3,10,2.0,1273,37.6,8.7,-4.8,0.28,38.94,16.86,13,2.31
1.5,2.0,2.0,7,10,1.0,1297,53.7,13.3,-14.7,0.347,38.2,37.81,7,1.01
1.0,3.0,0.5,10,20,6.0,3982,17.8,29.0,-6.0,0.214,38.15,86.74,29,0.44
1.5,2.0,1.5,7,20,1.33,1353,46.8,13.3,-11.2,0.262,35.85,60.71,11,0.591
1.5,2.0,1.5,5,20,1.33,1353,46.8,9.5,-8.0,0.187,35.12,46.78,11,0.751
1.5,2.0,1.5,10,10,1.33,1353,46.8,19.0,-16.0,0.375,35.12,46.78,11,0.751
1.5,2.0,1.5,5,30,1.33,1353,46.8,9.5,-8.0,0.187,34.64,63.75,11,0.543
1.5,2.0,2.0,3,20,1.0,1297,53.7,5.7,-6.3,0.149,34.02,33.25,7,1.023
1.5,2.0,1.5,3,30,1.33,1353,46.8,5.7,-4.8,0.112,33.57,42.84,11,0.783
1.5,1.5,1.0,3,10,1.5,1436,46.7,4.2,-3.3,0.199,31.8,18.12,12,1.755
1.0,3.0,0.5,7,30,6.0,3982,17.8,20.3,-4.2,0.15,30.86,88.25,29,0.35
1.5,2.0,2.0,5,10,1.0,1297,53.7,9.5,-10.5,0.248,29.3,28.42,7,1.031
1.5,2.0,1.5,7,10,1.33,1353,46.8,13.3,-11.2,0.262,28.91,34.44,11,0.839
1.5,1.0,0.5,5,20,2.0,1496,41.3,4.5,-3.0,0.098,28.82,46.7,11,0.617
1.5,1.0,0.5,10,10,2.0,1496,41.3,9.0,-6.0,0.197,28.82,46.7,11,0.617
1.5,2.0,2.0,10,20,1.0,1297,53.7,19.0,-21.0,0.496,28.49,77.39,7,0.368
1.5,1.0,0.5,3,30,2.0,1496,41.3,2.7,-1.8,0.059,26.06,43.17,11,0.604
1.5,2.0,1.5,3,20,1.33,1353,46.8,5.7,-4.8,0.112,25.86,29.98,11,0.862
1.0,3.0,0.5,3,10,6.0,3982,17.8,8.7,-1.8,0.064,25.11,22.41,29,1.12
1.5,2.0,2.0,7,30,1.0,1297,53.7,13.3,-14.7,0.347,23.2,79.23,7,0.293
1.5,2.0,1.5,5,10,1.33,1353,46.8,9.5,-8.0,0.187,22.38,25.35,11,0.883
1.5,2.0,1.5,10,20,1.33,1353,46.8,19.0,-16.0,0.375,21.11,76.41,11,0.276
1.5,1.0,0.5,7,10,2.0,1496,41.3,6.3,-4.2,0.138,20.42,35.44,11,0.576
1.5,3.0,2.0,7,10,1.5,1195,42.8,20.3,-14.7,0.296,19.11,44.06,12,0.434
1.5,3.0,2.0,3,20,1.5,1195,42.8,8.7,-6.3,0.127,18.73,38.95,12,0.481
1.5,2.0,2.0,3,10,1.0,1297,53.7,5.7,-6.3,0.149,18.49,17.93,7,1.031
1.5,1.0,0.5,3,20,2.0,1496,41.3,2.7,-1.8,0.059,17.55,31.21,11,0.562
1.5,3.0,2.0,5,10,1.5,1195,42.8,14.5,-10.5,0.211,17.5,33.48,12,0.523
1.5,3.0,2.0,3,30,1.5,1195,42.8,8.7,-6.3,0.127,17.3,53.23,12,0.325
1.5,2.0,1.5,7,30,1.33,1353,46.8,13.3,-11.2,0.262,17.13,78.47,11,0.218
1.0,2.0,0.5,7,10,4.0,4224,24.4,13.3,-4.2,0.063,15.98,36.92,25,0.433
1.0,2.0,0.5,3,30,4.0,4224,24.4,5.7,-1.8,0.027,15.88,45.19,25,0.351
1.0,2.0,0.5,3,20,4.0,4224,24.4,5.7,-1.8,0.027,15.2,32.42,25,0.469
1.5,3.0,2.0,5,20,1.5,1195,42.8,14.5,-10.5,0.211,15.15,57.32,12,0.264
1.5,3.0,2.0,10,10,1.5,1195,42.8,29.0,-21.0,0.423,15.15,57.32,12,0.264
1.0,2.0,0.5,10,10,4.0,4224,24.4,19.0,-6.0,0.09,15.01,48.99,25,0.306
1.0,2.0,0.5,5,20,4.0,4224,24.4,9.5,-3.0,0.045,15.01,48.99,25,0.306
1.5,1.0,0.5,5,10,2.0,1496,41.3,4.5,-3.0,0.098,14.66,26.73,11,0.548
1.5,2.0,1.5,3,10,1.33,1353,46.8,5.7,-4.8,0.112,14.29,15.63,11,0.914
1.0,2.0,0.5,5,10,4.0,4224,24.4,9.5,-3.0,0.045,13.88,27.68,25,0.501
1.5,3.0,2.0,3,10,1.5,1195,42.8,8.7,-6.3,0.127,12.59,21.36,12,0.59
1.0,2.0,0.5,3,10,4.0,4224,24.4,5.7,-1.8,0.027,9.69,17.5,25,0.554
1.5,1.0,0.5,3,10,2.0,1496,41.3,2.7,-1.8,0.059,8.82,16.96,11,0.52
1.5,1.5,2.0,3,20,0.75,1354,60.5,4.2,-6.3,0.051,6.93,38.48,6,0.18
1.5,1.5,2.0,5,10,0.75,1354,60.5,7.0,-10.5,0.085,6.8,33.05,6,0.206
1.5,1.5,2.0,7,10,0.75,1354,60.5,9.8,-14.7,0.119,6.64,43.57,6,0.152
1.0,2.0,0.5,7,20,4.0,4224,24.4,13.3,-4.2,0.063,6.43,62.52,25,0.103
1.5,1.5,2.0,3,10,0.75,1354,60.5,4.2,-6.3,0.051,5.28,21.09,6,0.25
1.5,1.5,2.0,3,30,0.75,1354,60.5,4.2,-6.3,0.051,4.78,52.75,6,0.091
1.5,1.5,2.0,10,10,0.75,1354,60.5,14.0,-21.0,0.171,3.23,56.86,6,0.057
1.5,1.5,2.0,5,20,0.75,1354,60.5,7.0,-10.5,0.085,3.23,56.86,6,0.057
1.0,2.0,0.5,5,30,4.0,4224,24.4,9.5,-3.0,0.045,3.17,65.44,25,0.048
1.5,1.5,1.5,3,10,1.0,1399,53.6,4.2,-4.8,0.025,2.09,23.9,11,0.088
1.5,1.5,1.5,5,10,1.0,1399,53.6,7.0,-8.0,0.041,1.9,36.9,11,0.052
1.5,1.5,1.5,3,20,1.0,1399,53.6,4.2,-4.8,0.025,1.33,42.64,11,0.031
1.5,1.5,1.5,7,10,1.0,1399,53.6,9.8,-11.2,0.058,0.44,47.92,11,0.009
1.5,3.0,2.0,7,20,1.5,1195,42.8,20.3,-14.7,0.296,-0.5,70.85,12,-0.007
1.5,1.5,1.5,3,30,1.0,1399,53.6,4.2,-4.8,0.025,-2.23,57.19,11,-0.039
1.5,1.5,1.5,5,20,1.0,1399,53.6,7.0,-8.0,0.041,-4.0,61.25,11,-0.065
1.5,1.5,1.5,10,10,1.0,1399,53.6,14.0,-16.0,0.083,-4.0,61.25,11,-0.065
1.5,1.0,0.8,3,10,1.25,1477,49.4,2.7,-2.7,-0.035,-5.51,22.6,11,-0.244
1.5,3.0,2.0,5,30,1.5,1195,42.8,14.5,-10.5,0.211,-5.77,73.59,12,-0.078
1.0,2.0,0.8,3,10,2.5,3979,32.0,5.7,-2.7,-0.008,-6.18,28.92,14,-0.214
1.5,1.5,2.0,7,20,0.75,1354,60.5,9.8,-14.7,0.119,-6.55,70.51,6,-0.093
1.5,1.0,0.8,5,10,1.25,1477,49.4,4.5,-4.5,-0.058,-9.56,34.91,11,-0.274
1.5,1.5,2.0,5,30,0.75,1354,60.5,7.0,-10.5,0.085,-9.76,73.32,6,-0.133
1.0,2.0,1.5,3,10,1.33,3441,45.5,5.7,-4.8,-0.018,-10.45,43.86,11,-0.238
1.0,2.0,1.0,3,10,2.0,3820,36.4,5.7,-3.3,-0.02,-10.75,29.3,14,-0.367
1.0,1.5,0.5,3,10,3.0,4336,29.6,4.2,-1.8,-0.025,-11.58,30.69,24,-0.377
1.5,1.0,0.8,3,20,1.25,1477,49.4,2.7,-2.7,-0.035,-11.67,40.36,11,-0.289
1.5,1.0,1.0,3,10,1.0,1468,53.5,2.7,-3.3,-0.087,-12.63,27.14,11,-0.465
1.0,2.0,0.8,5,10,2.5,3979,32.0,9.5,-4.5,-0.014,-13.08,44.23,14,-0.296
1.0,3.0,0.8,3,10,3.75,3672,23.4,8.7,-2.7,-0.027,-13.21,29.22,21,-0.452
1.5,1.5,1.5,7,20,1.0,1399,53.6,9.8,-11.2,0.058,-13.51,74.28,11,-0.182
1.5,1.0,0.8,7,10,1.25,1477,49.4,6.3,-6.3,-0.081,-13.84,45.38,11,-0.305
1.5,1.5,1.5,5,30,1.0,1399,53.6,7.0,-8.0,0.041,-16.39,76.85,11,-0.213
1.0,2.0,0.8,3,20,2.5,3979,32.0,5.7,-2.7,-0.008,-17.17,50.83,14,-0.338
1.0,2.0,0.5,10,20,4.0,4224,24.4,19.0,-6.0,0.09,-17.68,77.46,25,-0.228
1.5,1.0,0.8,3,30,1.25,1477,49.4,2.7,-2.7,-0.035,-18.32,54.26,11,-0.338
1.0,1.5,0.5,5,10,3.0,4336,29.6,7.0,-3.0,-0.041,-19.99,46.15,24,-0.433
1.0,2.0,1.0,5,10,2.0,3820,36.4,9.5,-5.5,-0.034,-20.49,44.69,14,-0.458
1.5,1.0,0.8,10,10,1.25,1477,49.4,9.0,-9.0,-0.116,-20.61,58.18,11,-0.354
1.5,1.0,0.8,5,20,1.25,1477,49.4,4.5,-4.5,-0.058,-20.61,58.18,11,-0.354
1.5,1.0,1.0,5,10,1.0,1468,53.5,4.5,-5.5,-0.146,-20.73,41.18,11,-0.503
1.0,2.0,1.5,5,10,1.33,3441,45.5,9.5,-8.0,-0.031,-21.03,62.7,11,-0.335
1.0,2.0,0.8,7,10,2.5,3979,32.0,13.3,-6.3,-0.02,-21.6,56.78,14,-0.38
1.0,2.0,0.5,7,30,4.0,4224,24.4,13.3,-4.2,0.063,-22.4,79.45,25,-0.282
0.8,3.0,0.5,3,10,6.0,6522,16.8,8.7,-1.8,-0.034,-23.75,35.38,43,-0.671
1.0,1.5,0.5,3,20,3.0,4336,29.6,4.2,-1.8,-0.025,-24.3,52.64,24,-0.462
1.5,1.0,1.0,3,20,1.0,1468,53.5,2.7,-3.3,-0.087,-24.66,47.19,11,-0.523
1.0,3.0,0.8,5,10,3.75,3672,23.4,14.5,-4.5,-0.045,-24.66,44.42,21,-0.555
1.0,2.0,1.0,3,20,2.0,3820,36.4,5.7,-3.3,-0.02,-25.84,51.29,14,-0.504
1.0,2.0,1.5,3,20,1.33,3441,45.5,5.7,-4.8,-0.018,-26.99,69.81,11,-0.387
1.0,3.0,1.0,3,10,3.0,3480,26.8,8.7,-3.3,-0.079,-27.75,34.67,22,-0.8
1.5,2.0,1.5,10,30,1.33,1353,46.8,19.0,-16.0,0.375,-27.88,91.29,11,-0.305
1.5,1.0,1.0,7,10,1.0,1468,53.5,6.3,-7.7,-0.204,-28.5,52.62,11,-0.542
1.0,3.0,1.5,3,10,2.0,3044,34.9,8.7,-4.8,-0.09,-28.61,37.07,14,-0.772
1.0,1.5,0.5,7,10,3.0,4336,29.6,9.8,-4.2,-0.057,-28.64,58.42,24,-0.49
1.5,1.5,2.0,10,20,0.75,1354,60.5,14.0,-21.0,0.171,-28.73,84.36,6,-0.341
1.5,1.0,1.5,3,10,0.67,1440,60.9,2.7,-4.8,-0.232,-29.12,33.02,11,-0.882
1.5,1.0,0.8,7,20,1.25,1477,49.4,6.3,-6.3,-0.081,-30.0,70.92,11,-0.423
1.0,2.0,2.0,3,10,1.0,3141,51.7,5.7,-6.3,-0.096,-30.01,44.78,10,-0.67
1.0,1.5,0.8,3,10,1.88,4134,38.0,4.2,-2.7,-0.081,-30.15,41.76,14,-0.722
1.0,3.0,0.8,3,20,3.75,3672,23.4,8.7,-2.7,-0.027,-30.79,50.92,21,-0.605
1.0,2.0,0.8,3,30,2.5,3979,32.0,5.7,-2.7,-0.008,-31.16,66.9,14,-0.466
1.0,2.0,1.0,7,10,2.0,3820,36.4,13.3,-7.7,-0.048,-31.37,57.22,14,-0.548
1.5,1.0,2.0,3,10,0.5,1400,67.1,2.7,-6.3,-0.264,-31.72,35.51,6,-0.893
1.5,1.0,0.8,5,30,1.25,1477,49.4,4.5,-4.5,-0.058,-32.37,73.47,11,-0.441
1.0,1.5,1.5,3,10,1.0,3671,52.2,4.2,-4.8,-0.098,-32.69,46.64,11,-0.701
1.5,1.5,1.5,10,20,1.0,1399,53.6,14.0,-16.0,0.083,-32.71,86.54,11,-0.378
1.5,1.5,2.0,7,30,0.75,1354,60.5,9.8,-14.7,0.119,-32.84,86.03,6,-0.382
1.0,2.0,1.5,7,10,1.33,3441,45.5,13.3,-11.2,-0.043,-33.2,75.68,11,-0.439
1.5,2.0,2.0,10,30,1.0,1297,53.7,19.0,-21.0,0.496,-33.32,90.75,7,-0.367
1.5,3.0,2.0,10,20,1.5,1195,42.8,29.0,-21.0,0.423,-35.54,84.23,12,-0.422
1.5,1.0,1.0,3,30,1.0,1468,53.5,2.7,-3.3,-0.087,-35.88,61.92,11,-0.58
1.0,2.0,0.8,10,10,2.5,3979,32.0,19.0,-9.0,-0.028,-36.14,71.17,14,-0.508
1.0,2.0,0.8,5,20,2.5,3979,32.0,9.5,-4.5,-0.014,-36.14,71.17,14,-0.508
1.5,1.5,1.5,7,30,1.0,1399,53.6,9.8,-11.2,0.058,-36.18,87.96,11,-0.411
1.0,3.0,0.8,7,10,3.75,3672,23.4,20.3,-6.3,-0.063,-37.0,56.76,21,-0.652
1.0,1.5,0.5,3,30,3.0,4336,29.6,4.2,-1.8,-0.025,-37.25,68.1,24,-0.547
1.0,1.0,0.5,3,10,2.0,4492,37.6,2.7,-1.8,-0.109,-39.36,39.61,16,-0.994
1.5,1.0,1.0,5,20,1.0,1468,53.5,4.5,-5.5,-0.146,-39.42,65.89,11,-0.598
1.5,1.0,1.0,10,10,1.0,1468,53.5,9.0,-11.0,-0.292,-39.42,65.89,11,-0.598
1.0,1.5,1.0,3,10,1.5,3992,42.4,4.2,-3.3,-0.119,-39.56,40.82,13,-0.969
0.8,3.0,0.5,5,10,6.0,6522,16.8,14.5,-3.0,-0.057,-39.78,52.56,43,-0.757
1.0,3.0,0.5,10,30,6.0,3982,17.8,29.0,-6.0,0.214,-39.83,96.35,29,-0.413
1.0,1.5,0.5,5,20,3.0,4336,29.6,7.0,-3.0,-0.041,-41.48,72.12,24,-0.575
1.0,1.5,0.5,10,10,3.0,4336,29.6,14.0,-6.0,-0.082,-41.48,72.12,24,-0.575
1.5,3.0,2.0,7,30,1.5,1195,42.8,20.3,-14.7,0.296,-41.52,85.84,12,-0.484
1.0,2.0,1.0,3,30,2.0,3820,36.4,5.7,-3.3,-0.02,-42.59,67.28,14,-0.633
1.5,1.0,0.8,10,20,1.25,1477,49.4,9.0,-9.0,-0.116,-44.09,83.39,11,-0.529
1.5,1.0,1.5,5,10,0.67,1440,60.9,4.5,-8.0,-0.387,-44.26,49.01,11,-0.903
1.0,3.0,1.0,5,10,3.0,3480,26.8,14.5,-5.5,-0.132,-44.89,52.94,22,-0.848
1.0,2.0,1.5,3,30,1.33,3441,45.5,5.7,-4.8,-0.018,-45.81,84.44,11,-0.542
1.5,1.0,0.8,7,30,1.25,1477,49.4,6.3,-6.3,-0.081,-46.37,84.9,11,-0.546
1.0,1.5,0.8,5,10,1.88,4134,38.0,7.0,-4.5,-0.135,-46.41,59.86,14,-0.775
1.0,3.0,1.5,5,10,2.0,3044,34.9,14.5,-8.0,-0.15,-46.81,55.23,14,-0.848
0.8,3.0,0.5,3,20,6.0,6522,16.8,8.7,-1.8,-0.034,-47.36,59.56,43,-0.795
1.5,1.0,2.0,5,10,0.5,1400,67.1,4.5,-10.5,-0.439,-47.8,52.22,6,-0.915
1.0,2.0,1.0,5,20,2.0,3820,36.4,9.5,-5.5,-0.034,-48.11,71.51,14,-0.673
1.0,2.0,1.0,10,10,2.0,3820,36.4,19.0,-11.0,-0.068,-48.11,71.51,14,-0.673
1.0,2.0,2.0,5,10,1.0,3141,51.7,9.5,-10.5,-0.159,-48.19,63.89,10,-0.754
0.8,2.0,0.5,3,10,4.0,7120,22.8,5.7,-1.8,-0.089,-48.89,48.9,38,-1.0
1.0,3.0,0.8,3,30,3.75,3672,23.4,8.7,-2.7,-0.027,-49.24,66.66,21,-0.739
0.8,3.0,2.0,3,10,1.5,3903,41.0,8.7,-6.3,-0.147,-49.34,54.06,15,-0.913
0.8,3.0,1.5,3,10,2.0,4464,34.6,8.7,-4.8,-0.134,-49.77,49.77,16,-1.0
1.0,1.5,1.5,5,10,1.0,3671,52.2,7.0,-8.0,-0.163,-50.4,65.57,11,-0.769
1.5,1.0,1.5,3,20,0.67,1440,60.9,2.7,-4.8,-0.232,-50.73,55.58,11,-0.913
1.0,2.0,1.5,5,20,1.33,3441,45.5,9.5,-8.0,-0.031,-51.94,87.65,11,-0.593
1.0,2.0,1.5,10,10,1.33,3441,45.5,19.0,-16.0,-0.061,-51.94,87.65,11,-0.593
1.0,1.5,2.0,3,10,0.75,3387,58.0,4.2,-6.3,-0.205,-52.32,54.04,10,-0.968
1.5,1.0,1.0,7,20,1.0,1468,53.5,6.3,-7.7,-0.204,-52.42,78.17,11,-0.671
1.0,3.0,1.0,3,20,3.0,3480,26.8,8.7,-3.3,-0.079,-52.64,60.69,22,-0.867
1.0,1.0,0.8,3,10,1.25,4335,46.9,2.7,-2.7,-0.17,-52.9,53.15,12,-0.995
1.0,1.5,0.8,3,20,1.88,4134,38.0,4.2,-2.7,-0.081,-53.42,66.79,14,-0.8
1.0,3.0,2.0,3,10,1.5,2740,40.3,8.7,-6.3,-0.256,-53.98,54.66,13,-0.988
0.8,3.0,0.5,7,10,6.0,6522,16.8,20.3,-4.2,-0.079,-54.47,65.65,43,-0.83
1.5,1.0,2.0,3,20,0.5,1400,67.1,2.7,-6.3,-0.264,-54.55,58.96,6,-0.925
1.0,3.0,1.5,3,20,2.0,3044,34.9,8.7,-4.8,-0.09,-55.03,62.59,14,-0.879
1.0,3.0,0.8,10,10,3.75,3672,23.4,29.0,-9.0,-0.09,-55.06,70.83,21,-0.777
1.0,3.0,0.8,5,20,3.75,3672,23.4,14.5,-4.5,-0.045,-55.06,70.83,21,-0.777
1.5,1.0,1.0,5,30,1.0,1468,53.5,4.5,-5.5,-0.146,-55.37,80.51,11,-0.688
1.0,2.0,0.8,7,20,2.5,3979,32.0,13.3,-6.3,-0.02,-55.74,83.88,14,-0.665
1.0,2.0,2.0,3,20,1.0,3141,51.7,5.7,-6.3,-0.096,-56.25,71.05,10,-0.792
1.5,1.0,1.5,7,10,0.67,1440,60.9,6.3,-11.2,-0.542,-56.54,61.35,11,-0.922
1.0,1.0,0.5,5,10,2.0,4492,37.6,4.5,-3.0,-0.182,-57.07,57.2,16,-0.998
1.0,1.5,0.5,7,20,3.0,4336,29.6,9.8,-4.2,-0.057,-57.26,84.0,24,-0.682
1.0,1.5,1.5,3,20,1.0,3671,52.2,4.2,-4.8,-0.098,-57.94,72.51,11,-0.799
1.0,1.5,1.0,5,10,1.5,3992,42.4,7.0,-5.5,-0.199,-58.09,58.87,13,-0.987
1.0,1.0,1.0,3,10,1.0,4222,51.5,2.7,-3.3,-0.208,-59.17,59.8,12,-0.989
0.8,1.5,0.5,3,10,3.0,7447,28.1,4.2,-1.8,-0.117,-59.25,59.25,25,-1.0
1.0,1.0,1.5,3,10,0.67,3963,61.1,2.7,-4.8,-0.22,-59.3,60.22,11,-0.985
1.0,1.5,0.8,7,10,1.88,4134,38.0,9.8,-6.3,-0.189,-59.72,72.59,14,-0.823
1.0,3.0,1.0,7,10,3.0,3480,26.8,20.3,-7.7,-0.185,-59.74,67.47,22,-0.885
1.0,2.0,0.8,5,30,2.5,3979,32.0,9.5,-4.5,-0.014,-60.28,86.17,14,-0.7
1.5,1.0,2.0,7,10,0.5,1400,67.1,6.3,-14.7,-0.615,-60.54,64.81,6,-0.934
1.0,1.5,0.5,5,30,3.0,4336,29.6,7.0,-3.0,-0.041,-60.84,86.13,24,-0.706
0.8,3.0,1.0,3,10,3.0,5291,26.1,8.7,-3.3,-0.17,-62.23,62.23,20,-1.0
1.0,3.0,1.5,7,10,2.0,3044,34.9,20.3,-11.2,-0.21,-62.5,68.94,14,-0.907
1.0,2.0,0.5,10,30,4.0,4224,24.4,19.0,-6.0,0.09,-62.9,92.11,25,-0.683
1.0,2.0,2.0,7,10,1.0,3141,51.7,13.3,-14.7,-0.223,-63.53,76.92,10,-0.826
0.8,2.0,1.5,3,10,1.33,5248,44.0,5.7,-4.8,-0.18,-63.84,63.84,11,-1.0
1.0,1.0,0.5,3,20,2.0,4492,37.6,2.7,-1.8,-0.109,-64.01,64.14,16,-0.998
1.0,1.5,1.5,7,10,1.0,3671,52.2,9.8,-11.2,-0.228,-64.64,78.13,11,-0.827
1.5,1.0,0.8,10,30,1.25,1477,49.4,9.0,-9.0,-0.116,-65.07,93.74,11,-0.694
1.0,1.5,1.0,3,20,1.5,3992,42.4,4.2,-3.3,-0.119,-65.42,65.85,13,-0.993
1.5,1.5,1.5,10,30,1.0,1399,53.6,14.0,-16.0,0.083,-65.63,95.81,11,-0.685
1.5,1.0,1.5,3,30,0.67,1440,60.9,2.7,-4.8,-0.232,-66.41,70.84,11,-0.937
0.8,3.0,0.8,3,10,3.75,5719,22.1,8.7,-2.7,-0.18,-66.56,66.56,29,-1.0
0.8,3.0,0.5,3,30,6.0,6522,16.8,8.7,-1.8,-0.034,-67.04,75.48,43,-0.888
1.5,1.5,2.0,10,30,0.75,1354,60.5,14.0,-21.0,0.171,-67.32,95.35,6,-0.706
1.0,1.0,2.0,3,10,0.5,3738,66.7,2.7,-6.3,-0.293,-67.64,68.46,6,-0.988
0.8,2.0,2.0,3,10,1.0,4649,50.6,5.7,-6.3,-0.226,-67.91,67.91,10,-1.0
0.8,1.5,1.5,3,10,1.0,5758,51.3,4.2,-4.8,-0.187,-67.95,68.08,10,-0.998
1.0,2.0,1.0,7,20,2.0,3820,36.4,13.3,-7.7,-0.048,-67.98,84.07,14,-0.809
1.5,1.0,1.0,10,20,1.0,1468,53.5,9.0,-11.0,-0.292,-68.32,89.02,11,-0.767
0.8,2.0,0.5,5,10,4.0,7120,22.8,9.5,-3.0,-0.149,-68.58,68.59,38,-1.0
1.0,1.0,0.5,7,10,2.0,4492,37.6,6.3,-4.2,-0.254,-69.9,70.02,16,-0.998
1.0,1.5,0.8,3,30,1.88,4134,38.0,4.2,-2.7,-0.081,-70.34,81.45,14,-0.863
1.5,1.0,2.0,3,30,0.5,1400,67.1,2.7,-6.3,-0.264,-70.51,74.26,6,-0.949
1.5,1.0,1.0,7,30,1.0,1468,53.5,6.3,-7.7,-0.204,-70.54,90.23,11,-0.782
1.5,1.0,1.5,5,20,0.67,1440,60.9,4.5,-8.0,-0.387,-70.57,74.72,11,-0.945
1.5,1.0,1.5,10,10,0.67,1440,60.9,9.0,-16.0,-0.774,-70.57,74.72,11,-0.945
0.8,3.0,1.5,5,10,2.0,4464,34.6,14.5,-8.0,-0.223,-71.32,71.32,16,-1.0
0.8,3.0,2.0,5,10,1.5,3903,41.0,14.5,-10.5,-0.245,-71.38,73.97,15,-0.965
1.0,1.5,1.0,7,10,1.5,3992,42.4,9.8,-7.7,-0.278,-71.64,71.73,13,-0.999
1.0,3.0,1.0,3,30,3.0,3480,26.8,8.7,-3.3,-0.079,-71.81,78.36,22,-0.916
1.0,1.0,0.8,5,10,1.25,4335,46.9,4.5,-4.5,-0.283,-71.98,72.23,12,-0.997
0.8,2.0,1.0,3,10,2.0,6056,34.4,5.7,-3.3,-0.201,-72.06,72.06,15,-1.0
1.0,2.0,1.0,5,30,2.0,3820,36.4,9.5,-5.5,-0.034,-72.17,86.32,14,-0.836
0.8,1.0,0.5,3,10,2.0,7851,36.4,2.7,-1.8,-0.161,-72.2,72.28,17,-0.999
1.0,1.5,2.0,5,10,0.75,3387,58.0,7.0,-10.5,-0.342,-72.34,73.27,10,-0.987
0.8,3.0,0.5,5,20,6.0,6522,16.8,14.5,-3.0,-0.057,-72.41,79.39,43,-0.912
0.8,3.0,0.5,10,10,6.0,6522,16.8,29.0,-6.0,-0.113,-72.41,79.39,43,-0.912
0.8,1.5,2.0,3,10,0.75,5192,57.8,4.2,-6.3,-0.235,-72.48,72.59,9,-0.998
1.0,2.0,1.5,7,20,1.33,3441,45.5,13.3,-11.2,-0.043,-73.22,95.32,11,-0.768
1.5,1.0,2.0,10,10,0.5,1400,67.1,9.0,-21.0,-0.879,-74.61,78.17,6,-0.955
1.5,1.0,2.0,5,20,0.5,1400,67.1,4.5,-10.5,-0.439,-74.61,78.17,6,-0.955
1.0,1.5,0.8,5,20,1.88,4134,38.0,7.0,-4.5,-0.135,-74.74,84.8,14,-0.881
1.0,1.5,0.8,10,10,1.88,4134,38.0,14.0,-9.0,-0.271,-74.74,84.8,14,-0.881
1.0,3.0,2.0,5,10,1.5,2740,40.3,14.5,-10.5,-0.427,-74.74,75.33,13,-0.992
1.0,3.0,0.8,7,20,3.75,3672,23.4,20.3,-6.3,-0.063,-74.79,83.31,21,-0.898
1.0,3.0,1.5,3,30,2.0,3044,34.9,8.7,-4.8,-0.09,-74.98,78.99,14,-0.949
1.0,2.0,2.0,3,30,1.0,3141,51.7,5.7,-6.3,-0.096,-75.59,85.59,10,-0.883
1.0,1.5,1.5,3,30,1.0,3671,52.2,4.2,-4.8,-0.098,-75.61,86.32,11,-0.876
0.8,2.0,0.5,3,20,4.0,7120,22.8,5.7,-1.8,-0.089,-75.64,75.66,38,-1.0
1.0,1.5,0.5,10,20,3.0,4336,29.6,14.0,-6.0,-0.082,-76.01,93.36,24,-0.814
0.8,1.5,1.0,3,10,1.5,6519,41.2,4.2,-3.3,-0.213,-76.18,76.28,14,-0.999
1.0,3.0,1.0,5,20,3.0,3480,26.8,14.5,-5.5,-0.132,-76.79,82.6,22,-0.93
1.0,3.0,1.0,10,10,3.0,3480,26.8,29.0,-11.0,-0.264,-76.79,82.6,22,-0.93
0.8,1.5,0.8,3,10,1.88,6885,36.1,4.2,-2.7,-0.208,-76.94,77.04,22,-0.999
0.8,2.0,0.8,3,10,2.5,6436,29.5,5.7,-2.7,-0.222,-77.07,77.07,22,-1.0
1.0,2.0,1.5,5,30,1.33,3441,45.5,9.5,-8.0,-0.031,-77.45,96.37,11,-0.804
1.0,1.0,1.0,5,10,1.0,4222,51.5,4.5,-5.5,-0.346,-78.0,78.55,12,-0.993
0.8,1.5,0.5,5,10,3.0,7447,28.1,7.0,-3.0,-0.195,-78.26,78.26,25,-1.0
1.0,1.0,1.5,5,10,0.67,3963,61.1,4.5,-8.0,-0.367,-78.3,79.11,11,-0.99
1.0,1.5,0.5,7,30,3.0,4336,29.6,9.8,-4.2,-0.057,-78.47,94.3,24,-0.832
1.0,1.0,0.8,3,20,1.25,4335,46.9,2.7,-2.7,-0.17,-78.51,78.73,12,-0.997
1.0,3.0,0.8,5,30,3.75,3672,23.4,14.5,-4.5,-0.045,-78.67,85.58,21,-0.919
0.8,3.0,1.5,3,20,2.0,4464,34.6,8.7,-4.8,-0.134,-78.98,78.98,16,-1.0
1.0,2.0,0.8,10,20,2.5,3979,32.0,19.0,-9.0,-0.028,-79.05,93.84,14,-0.842
1.0,1.0,0.5,3,30,2.0,4492,37.6,2.7,-1.8,-0.109,-79.09,79.2,16,-0.999
0.8,3.0,2.0,3,20,1.5,3903,41.0,8.7,-6.3,-0.147,-79.23,80.7,15,-0.982
1.0,1.5,2.0,3,20,0.75,3387,58.0,4.2,-6.3,-0.205,-79.26,79.76,10,-0.994
0.5,3.0,2.0,3,10,1.5,5851,40.4,8.7,-6.3,-0.242,-79.29,79.47,15,-0.998
1.0,3.0,1.5,10,10,2.0,3044,34.9,29.0,-16.0,-0.3,-79.98,82.88,14,-0.965
1.0,3.0,1.5,5,20,2.0,3044,34.9,14.5,-8.0,-0.15,-79.98,82.88,14,-0.965
1.0,1.5,1.5,10,10,1.0,3671,52.2,14.0,-16.0,-0.326,-79.99,89.24,11,-0.896
1.0,1.5,1.5,5,20,1.0,3671,52.2,7.0,-8.0,-0.163,-79.99,89.24,11,-0.896
1.0,2.0,2.0,10,10,1.0,3141,51.7,19.0,-21.0,-0.319,-80.4,88.71,10,-0.906
1.0,2.0,2.0,5,20,1.0,3141,51.7,9.5,-10.5,-0.159,-80.4,88.71,10,-0.906
0.8,2.0,0.5,7,10,4.0,7120,22.8,13.3,-4.2,-0.208,-81.27,81.28,38,-1.0
1.0,1.5,1.0,3,30,1.5,3992,42.4,4.2,-3.3,-0.119,-81.27,81.27,13,-1.0
1.0,3.0,2.0,3,20,1.5,2740,40.3,8.7,-6.3,-0.256,-81.73,82.25,13,-0.994
0.8,3.0,1.0,5,10,3.0,5291,26.1,14.5,-5.5,-0.284,-81.8,81.8,20,-1.0
1.0,2.0,0.8,7,30,2.5,3979,32.0,13.3,-6.3,-0.02,-81.93,94.8,14,-0.864
1.5,3.0,2.0,10,30,1.5,1195,42.8,29.0,-21.0,0.423,-82.31,95.55,12,-0.861
1.0,1.0,0.5,10,10,2.0,4492,37.6,9.0,-6.0,-0.363,-82.63,82.73,16,-0.999
1.0,1.0,0.5,5,20,2.0,4492,37.6,4.5,-3.0,-0.182,-82.63,82.73,16,-0.999
1.5,1.0,1.5,7,20,0.67,1440,60.9,6.3,-11.2,-0.542,-83.02,85.87,11,-0.967
0.8,2.0,1.5,5,10,1.33,5248,44.0,9.5,-8.0,-0.3,-83.04,83.04,11,-1.0
1.0,1.0,0.8,7,10,1.25,4335,46.9,6.3,-6.3,-0.397,-83.57,83.77,12,-0.998
1.0,1.0,1.0,3,20,1.0,4222,51.5,2.7,-3.3,-0.208,-83.95,84.43,12,-0.994
0.8,1.5,0.5,3,20,3.0,7447,28.1,4.2,-1.8,-0.117,-84.27,84.27,25,-1.0
1.0,1.0,1.5,3,20,0.67,3963,61.1,2.7,-4.8,-0.22,-84.3,84.99,11,-0.992
1.0,1.5,2.0,7,10,0.75,3387,58.0,9.8,-14.7,-0.479,-84.6,84.85,10,-0.997
0.8,3.0,1.5,7,10,2.0,4464,34.6,20.3,-11.2,-0.312,-84.9,84.9,16,-1.0
1.0,1.5,1.0,10,10,1.5,3992,42.4,14.0,-11.0,-0.398,-84.92,84.92,13,-1.0
1.0,1.5,1.0,5,20,1.5,3992,42.4,7.0,-5.5,-0.199,-84.92,84.92,13,-1.0
0.8,1.0,1.5,3,10,0.67,6403,60.1,2.7,-4.8,-0.289,-84.97,85.01,8,-1.0
0.8,3.0,0.8,5,10,3.75,5719,22.1,14.5,-4.5,-0.301,-84.99,84.99,29,-1.0
0.8,3.0,2.0,7,10,1.5,3903,41.0,20.3,-14.7,-0.343,-85.28,85.82,15,-0.994
1.5,1.0,1.5,5,30,0.67,1440,60.9,4.5,-8.0,-0.387,-85.29,87.81,11,-0.971
1.0,1.0,2.0,5,10,0.5,3738,66.7,4.5,-10.5,-0.488,-85.31,85.92,6,-0.993
1.5,1.0,1.0,10,30,1.0,1468,53.5,9.0,-11.0,-0.292,-85.7,96.66,11,-0.887
0.8,1.5,1.5,5,10,1.0,5758,51.3,7.0,-8.0,-0.312,-85.93,86.03,10,-0.999
0.8,2.0,2.0,5,10,1.0,4649,50.6,9.5,-10.5,-0.377,-86.3,86.3,10,-1.0
1.5,1.0,2.0,7,20,0.5,1400,67.1,6.3,-14.7,-0.615,-86.45,89.0,6,-0.971
0.8,1.0,2.0,3,10,0.5,5902,66.3,2.7,-6.3,-0.33,-86.49,86.59,6,-0.999
0.8,1.0,0.8,3,10,1.25,7401,45.0,2.7,-2.7,-0.27,-86.76,86.8,13,-1.0
1.0,3.0,2.0,7,10,1.5,2740,40.3,20.3,-14.7,-0.598,-87.01,87.43,13,-0.995
0.8,1.0,1.0,3,10,1.0,7079,50.3,2.7,-3.3,-0.284,-87.06,87.1,12,-1.0
1.0,1.5,0.8,7,20,1.88,4134,38.0,9.8,-6.3,-0.189,-87.37,93.3,14,-0.937
0.8,3.0,1.0,3,20,3.0,5291,26.1,8.7,-3.3,-0.17,-87.66,87.66,20,-1.0
0.3,3.0,2.0,3,10,1.5,6545,40.0,8.7,-6.3,-0.293,-87.7,87.87,14,-0.998
1.0,2.0,1.0,10,20,2.0,3820,36.4,19.0,-11.0,-0.068,-87.71,93.88,14,-0.934
0.8,3.0,0.5,7,20,6.0,6522,16.8,20.3,-4.2,-0.079,-87.81,90.05,43,-0.975
0.5,3.0,1.5,3,10,2.0,7265,33.5,8.7,-4.8,-0.272,-88.0,88.1,21,-0.999
0.5,2.0,2.0,3,10,1.0,7868,50.4,5.7,-6.3,-0.253,-88.12,88.19,11,-0.999
1.0,1.0,1.0,7,10,1.0,4222,51.5,6.3,-7.7,-0.484,-88.34,88.75,12,-0.995
0.8,1.0,0.5,5,10,2.0,7851,36.4,4.5,-3.0,-0.268,-88.4,88.45,17,-0.999
1.5,1.0,2.0,5,30,0.5,1400,67.1,4.5,-10.5,-0.439,-88.51,90.8,6,-0.975
0.8,2.0,1.5,3,20,1.33,5248,44.0,5.7,-4.8,-0.18,-88.66,88.66,11,-1.0
0.8,1.5,0.5,7,10,3.0,7447,28.1,9.8,-4.2,-0.273,-88.68,88.68,25,-1.0
1.0,1.0,1.5,7,10,0.67,3963,61.1,6.3,-11.2,-0.514,-88.71,89.28,11,-0.994
0.8,2.0,1.0,5,10,2.0,6056,34.4,9.5,-5.5,-0.336,-88.77,88.77,15,-1.0
0.8,2.0,0.5,3,30,4.0,7120,22.8,5.7,-1.8,-0.089,-89.17,89.18,38,-1.0
0.8,1.5,2.0,5,10,0.75,5192,57.8,7.0,-10.5,-0.392,-89.23,89.3,9,-0.999
1.0,1.5,0.8,5,30,1.88,4134,38.0,7.0,-4.5,-0.135,-89.52,94.57,14,-0.947
1.0,2.0,1.0,7,30,2.0,3820,36.4,13.3,-7.7,-0.048,-89.81,94.83,14,-0.947
0.8,3.0,0.8,3,20,3.75,5719,22.1,8.7,-2.7,-0.18,-90.15,90.15,29,-1.0
1.0,1.0,2.0,3,20,0.5,3738,66.7,2.7,-6.3,-0.293,-90.22,90.7,6,-0.995
0.8,3.0,0.5,5,30,6.0,6522,16.8,14.5,-3.0,-0.057,-90.32,91.78,43,-0.984
1.0,3.0,1.0,7,20,3.0,3480,26.8,20.3,-7.7,-0.185,-90.39,93.38,22,-0.968
1.0,1.0,0.8,3,30,1.25,4335,46.9,2.7,-2.7,-0.17,-90.5,90.65,12,-0.998
0.8,1.5,1.5,3,20,1.0,5758,51.3,4.2,-4.8,-0.187,-90.86,90.94,10,-0.999
0.8,2.0,2.0,3,20,1.0,4649,50.6,5.7,-6.3,-0.226,-91.29,91.29,10,-1.0
0.8,1.5,1.0,5,10,1.5,6519,41.2,7.0,-5.5,-0.355,-91.29,91.35,14,-0.999
1.0,1.5,1.5,7,20,1.0,3671,52.2,9.8,-11.2,-0.228,-91.66,96.04,11,-0.954
0.8,1.5,0.8,5,10,1.88,6885,36.1,7.0,-4.5,-0.346,-91.69,91.74,22,-0.999
1.0,1.5,2.0,3,30,0.75,3387,58.0,4.2,-6.3,-0.205,-91.77,91.93,10,-0.998
0.8,3.0,1.0,7,10,3.0,5291,26.1,20.3,-7.7,-0.397,-91.77,91.77,20,-1.0
1.0,2.0,1.5,10,20,1.33,3441,45.5,19.0,-16.0,-0.061,-91.84,99.05,11,-0.927
0.8,2.0,0.8,5,10,2.5,6436,29.5,9.5,-4.5,-0.369,-91.85,91.85,22,-1.0
0.8,2.0,0.5,10,10,4.0,7120,22.8,19.0,-6.0,-0.298,-91.86,91.87,38,-1.0
0.8,2.0,0.5,5,20,4.0,7120,22.8,9.5,-3.0,-0.149,-91.86,91.87,38,-1.0
1.0,3.0,0.8,10,20,3.75,3672,23.4,29.0,-9.0,-0.09,-91.92,93.39,21,-0.984
1.0,1.0,0.5,7,20,2.0,4492,37.6,6.3,-4.2,-0.254,-91.93,91.99,16,-0.999
0.5,3.0,1.0,3,10,3.0,9647,25.4,8.7,-3.3,-0.251,-92.23,92.25,25,-1.0
1.0,3.0,1.0,5,30,3.0,3480,26.8,14.5,-5.5,-0.132,-92.49,94.92,22,-0.974
0.8,2.0,1.5,7,10,1.33,5248,44.0,13.3,-11.2,-0.421,-92.54,92.54,11,-1.0
0.8,1.0,0.5,3,20,2.0,7851,36.4,2.7,-1.8,-0.161,-92.55,92.59,17,-1.0
0.5,2.0,1.5,3,10,1.33,9540,43.2,5.7,-4.8,-0.259,-92.56,92.8,16,-0.997
0.8,3.0,1.5,3,30,2.0,4464,34.6,8.7,-4.8,-0.134,-92.66,92.66,16,-1.0
0.3,3.0,1.5,3,10,2.0,8468,33.4,8.7,-4.8,-0.29,-92.77,92.86,20,-0.999
1.0,1.0,0.8,5,20,1.25,4335,46.9,4.5,-4.5,-0.283,-92.81,92.94,12,-0.999
1.0,1.0,0.8,10,10,1.25,4335,46.9,9.0,-9.0,-0.567,-92.81,92.94,12,-0.999
1.0,2.0,2.0,7,20,1.0,3141,51.7,13.3,-14.7,-0.223,-92.83,95.99,10,-0.967
1.0,3.0,1.5,7,20,2.0,3044,34.9,20.3,-11.2,-0.21,-92.84,93.17,14,-0.997
0.8,2.0,1.0,3,20,2.0,6056,34.4,5.7,-3.3,-0.201,-93.01,93.01,15,-1.0
1.5,1.0,1.5,10,20,0.67,1440,60.9,9.0,-16.0,-0.774,-93.04,94.29,11,-0.987
1.0,1.5,0.5,10,30,3.0,4336,29.6,14.0,-6.0,-0.082,-93.07,98.65,24,-0.943
0.8,3.0,2.0,3,30,1.5,3903,41.0,8.7,-6.3,-0.147,-93.1,93.1,15,-1.0
0.5,3.0,0.8,3,10,3.75,11037,21.7,8.7,-2.7,-0.231,-93.11,93.19,32,-0.999
1.0,1.0,0.5,5,30,2.0,4492,37.6,4.5,-3.0,-0.182,-93.38,93.43,16,-0.999
0.8,1.5,2.0,3,20,0.75,5192,57.8,4.2,-6.3,-0.235,-93.42,93.47,9,-0.999
1.0,1.5,1.5,5,30,1.0,3671,52.2,7.0,-8.0,-0.163,-93.44,96.95,11,-0.964
1.0,3.0,0.8,7,30,3.75,3672,23.4,20.3,-6.3,-0.063,-93.52,94.39,21,-0.991
1.0,1.0,2.0,7,10,0.5,3738,66.7,6.3,-14.7,-0.683,-93.53,93.9,6,-0.996
1.0,2.0,1.5,7,30,1.33,3441,45.5,13.3,-11.2,-0.043,-93.55,99.29,11,-0.942
0.8,3.0,0.8,7,10,3.75,5719,22.1,20.3,-6.3,-0.421,-93.63,93.63,29,-1.0
1.0,3.0,2.0,3,30,1.5,2740,40.3,8.7,-6.3,-0.256,-93.74,94.0,13,-0.997
0.5,3.0,2.0,5,10,1.5,5851,40.4,14.5,-10.5,-0.403,-93.92,94.01,15,-0.999
1.0,1.0,1.0,3,30,1.0,4222,51.5,2.7,-3.3,-0.208,-93.93,94.19,12,-0.997
1.0,1.5,1.0,7,20,1.5,3992,42.4,9.8,-7.7,-0.278,-94.03,94.03,13,-1.0
1.5,1.0,1.5,7,30,0.67,1440,60.9,6.3,-11.2,-0.542,-94.05,95.11,11,-0.989
1.0,1.5,2.0,10,10,0.75,3387,58.0,14.0,-21.0,-0.684,-94.07,94.2,10,-0.999
1.0,1.5,2.0,5,20,0.75,3387,58.0,7.0,-10.5,-0.342,-94.07,94.2,10,-0.999
0.8,1.5,1.5,7,10,1.0,5758,51.3,9.8,-11.2,-0.437,-94.14,94.2,10,-0.999
0.5,1.5,2.0,3,10,0.75,9502,57.3,4.2,-6.3,-0.285,-94.16,94.18,10,-1.0
0.8,1.5,0.5,3,30,3.0,7447,28.1,4.2,-1.8,-0.117,-94.24,94.24,25,-1.0
1.0,1.0,1.5,3,30,0.67,3963,61.1,2.7,-4.8,-0.22,-94.26,94.63,11,-0.996
0.8,2.0,2.0,7,10,1.0,4649,50.6,13.3,-14.7,-0.528,-94.57,94.57,10,-1.0
1.0,2.0,2.0,5,30,1.0,3141,51.7,9.5,-10.5,-0.159,-94.59,96.95,10,-0.976
0.5,3.0,0.5,3,10,6.0,14191,15.2,8.7,-1.8,-0.199,-94.62,94.66,44,-1.0
1.0,3.0,1.5,5,30,2.0,3044,34.9,14.5,-8.0,-0.15,-94.65,94.9,14,-0.997
0.8,1.5,1.0,3,20,1.5,6519,41.2,4.2,-3.3,-0.213,-94.81,94.85,14,-1.0
0.8,3.0,1.5,5,20,2.0,4464,34.6,14.5,-8.0,-0.223,-95.04,95.04,16,-1.0
0.8,3.0,1.5,10,10,2.0,4464,34.6,29.0,-16.0,-0.446,-95.04,95.04,16,-1.0
0.8,1.5,0.8,3,20,1.88,6885,36.1,4.2,-2.7,-0.208,-95.07,95.11,22,-1.0
1.5,1.0,2.0,10,20,0.5,1400,67.1,9.0,-21.0,-0.879,-95.16,96.38,6,-0.987
0.8,2.0,0.8,3,20,2.5,6436,29.5,5.7,-2.7,-0.222,-95.22,95.22,22,-1.0
0.8,1.0,0.5,7,10,2.0,7851,36.4,6.3,-4.2,-0.375,-95.24,95.27,17,-1.0
1.0,1.5,1.0,5,30,1.5,3992,42.4,7.0,-5.5,-0.199,-95.34,95.34,13,-1.0
0.8,3.0,2.0,5,20,1.5,3903,41.0,14.5,-10.5,-0.245,-95.44,95.44,15,-1.0
0.8,3.0,2.0,10,10,1.5,3903,41.0,29.0,-21.0,-0.49,-95.44,95.44,15,-1.0
1.0,1.0,1.0,5,20,1.0,4222,51.5,4.5,-5.5,-0.346,-95.65,95.86,12,-0.998
1.0,1.0,1.0,10,10,1.0,4222,51.5,9.0,-11.0,-0.692,-95.65,95.86,12,-0.998
0.3,2.0,2.0,3,10,1.0,9396,49.9,5.7,-6.3,-0.317,-95.69,95.72,11,-1.0
0.8,2.0,1.0,7,10,2.0,6056,34.4,13.3,-7.7,-0.47,-95.7,95.7,15,-1.0
1.0,3.0,2.0,5,20,1.5,2740,40.3,14.5,-10.5,-0.427,-95.76,95.95,13,-0.998
1.0,3.0,2.0,10,10,1.5,2740,40.3,29.0,-21.0,-0.854,-95.76,95.95,13,-0.998
0.8,1.5,0.5,10,10,3.0,7447,28.1,14.0,-6.0,-0.39,-95.93,95.93,25,-1.0
0.8,1.5,0.5,5,20,3.0,7447,28.1,7.0,-3.0,-0.195,-95.93,95.93,25,-1.0
1.0,1.0,1.5,5,20,0.67,3963,61.1,4.5,-8.0,-0.367,-95.94,96.23,11,-0.997
1.0,1.0,1.5,10,10,0.67,3963,61.1,9.0,-16.0,-0.734,-95.94,96.23,11,-0.997
0.8,1.0,1.5,5,10,0.67,6403,60.1,4.5,-8.0,-0.482,-95.95,95.97,8,-1.0
1.5,1.0,2.0,7,30,0.5,1400,67.1,6.3,-14.7,-0.615,-95.97,97.03,6,-0.989
0.5,2.0,1.0,3,10,2.0,12296,33.9,5.7,-3.3,-0.253,-96.01,96.01,22,-1.0
0.8,1.5,2.0,7,10,0.75,5192,57.8,9.8,-14.7,-0.548,-96.04,96.08,9,-1.0
1.0,1.5,0.8,10,20,1.88,4134,38.0,14.0,-9.0,-0.271,-96.17,98.17,14,-0.98
1.0,2.0,0.8,10,30,2.5,3979,32.0,19.0,-9.0,-0.028,-96.43,99.02,14,-0.974
0.8,3.0,1.0,3,30,3.0,5291,26.1,8.7,-3.3,-0.17,-96.51,96.51,20,-1.0
0.5,2.0,0.8,3,10,2.5,13801,29.3,5.7,-2.7,-0.239,-96.64,96.66,25,-1.0
0.8,1.0,2.0,5,10,0.5,5902,66.3,4.5,-10.5,-0.55,-96.65,96.69,6,-1.0
0.8,1.0,0.8,5,10,1.25,7401,45.0,4.5,-4.5,-0.449,-96.66,96.68,13,-1.0
0.8,1.0,1.0,5,10,1.0,7079,50.3,4.5,-5.5,-0.474,-96.81,96.82,12,-1.0
0.5,3.0,2.0,3,20,1.5,5851,40.4,8.7,-6.3,-0.242,-96.87,96.93,15,-0.999
1.0,1.5,0.8,7,30,1.88,4134,38.0,9.8,-6.3,-0.189,-96.92,98.54,14,-0.984
0.8,2.0,1.5,3,30,1.33,5248,44.0,5.7,-4.8,-0.18,-96.92,96.92,11,-1.0
0.8,1.5,1.0,7,10,1.5,6519,41.2,9.8,-7.7,-0.498,-96.94,96.97,14,-1.0
0.5,1.5,1.5,3,10,1.0,11382,50.0,4.2,-4.8,-0.297,-96.96,97.0,16,-1.0
0.8,1.5,0.8,7,10,1.88,6885,36.1,9.8,-6.3,-0.484,-97.1,97.13,22,-1.0
0.8,2.0,0.8,7,10,2.5,6436,29.5,13.3,-6.3,-0.517,-97.22,97.22,22,-1.0
1.0,1.0,2.0,3,30,0.5,3738,66.7,2.7,-6.3,-0.293,-97.24,97.44,6,-0.998
0.8,3.0,0.5,10,20,6.0,6522,16.8,29.0,-6.0,-0.113,-97.39,97.39,43,-1.0
0.8,3.0,0.8,3,30,3.75,5719,22.1,8.7,-2.7,-0.18,-97.44,97.44,29,-1.0
0.3,2.0,1.5,3,10,1.33,11945,42.9,5.7,-4.8,-0.294,-97.46,97.49,12,-1.0
0.3,3.0,2.0,5,10,1.5,6545,40.0,14.5,-10.5,-0.489,-97.5,97.55,14,-0.999
0.5,3.0,1.5,5,10,2.0,7265,33.5,14.5,-8.0,-0.453,-97.52,97.55,21,-1.0
0.5,2.0,2.0,5,10,1.0,7868,50.4,9.5,-10.5,-0.421,-97.55,97.57,11,-1.0
0.3,3.0,1.0,3,10,3.0,12027,25.0,8.7,-3.3,-0.296,-97.58,97.6,22,-1.0
0.8,2.0,0.5,7,20,4.0,7120,22.8,13.3,-4.2,-0.208,-97.59,97.6,38,-1.0
1.0,1.0,0.5,10,20,2.0,4492,37.6,9.0,-6.0,-0.363,-97.62,97.65,16,-1.0
0.8,1.5,1.5,3,30,1.0,5758,51.3,4.2,-4.8,-0.187,-97.68,97.71,10,-1.0
1.0,1.0,0.8,7,20,1.25,4335,46.9,6.3,-6.3,-0.397,-97.73,97.78,12,-0.999
0.8,3.0,1.0,10,10,3.0,5291,26.1,29.0,-11.0,-0.567,-97.78,97.78,20,-1.0
0.8,3.0,1.0,5,20,3.0,5291,26.1,14.5,-5.5,-0.284,-97.78,97.78,20,-1.0
0.5,2.0,0.5,3,10,4.0,16958,21.1,5.7,-1.8,-0.221,-97.81,97.84,33,-1.0
0.8,1.0,1.5,3,20,0.67,6403,60.1,2.7,-4.8,-0.289,-97.93,97.94,8,-1.0
0.8,2.0,2.0,3,30,1.0,4649,50.6,5.7,-6.3,-0.226,-98.0,98.0,10,-1.0
0.8,3.0,0.5,7,30,6.0,6522,16.8,20.3,-4.2,-0.079,-98.05,98.05,43,-1.0
0.8,2.0,1.5,5,20,1.33,5248,44.0,9.5,-8.0,-0.3,-98.06,98.06,11,-1.0
0.8,2.0,1.5,10,10,1.33,5248,44.0,19.0,-16.0,-0.601,-98.06,98.06,11,-1.0
1.0,1.0,0.5,7,30,2.0,4492,37.6,6.3,-4.2,-0.254,-98.07,98.1,16,-1.0
0.8,1.0,0.5,3,30,2.0,7851,36.4,2.7,-1.8,-0.161,-98.08,98.09,17,-1.0
1.0,3.0,1.0,10,20,3.0,3480,26.8,29.0,-11.0,-0.264,-98.13,98.83,22,-0.993
1.0,1.0,2.0,10,10,0.5,3738,66.7,9.0,-21.0,-0.976,-98.22,98.36,6,-0.999
1.0,1.0,2.0,5,20,0.5,3738,66.7,4.5,-10.5,-0.488,-98.22,98.36,6,-0.999
1.0,1.5,1.5,10,20,1.0,3671,52.2,14.0,-16.0,-0.326,-98.25,99.22,11,-0.99
0.8,2.0,0.5,5,30,4.0,7120,22.8,9.5,-3.0,-0.149,-98.26,98.26,38,-1.0
0.3,3.0,0.8,3,10,3.75,14413,21.3,8.7,-2.7,-0.271,-98.28,98.29,29,-1.0
1.0,1.0,0.8,5,30,1.25,4335,46.9,4.5,-4.5,-0.283,-98.31,98.35,12,-1.0
0.5,1.5,1.0,3,10,1.5,14269,40.3,4.2,-3.3,-0.28,-98.34,98.35,22,-1.0
0.8,1.0,0.8,3,20,1.25,7401,45.0,2.7,-2.7,-0.27,-98.34,98.35,13,-1.0
0.8,1.0,2.0,3,20,0.5,5902,66.3,2.7,-6.3,-0.33,-98.36,98.39,6,-1.0
0.8,3.0,0.8,10,10,3.75,5719,22.1,29.0,-9.0,-0.601,-98.41,98.41,29,-1.0
0.8,3.0,0.8,5,20,3.75,5719,22.1,14.5,-4.5,-0.301,-98.41,98.41,29,-1.0
0.8,2.0,1.0,3,30,2.0,6056,34.4,5.7,-3.3,-0.201,-98.43,98.43,15,-1.0
0.8,1.0,1.0,3,20,1.0,7079,50.3,2.7,-3.3,-0.284,-98.43,98.44,12,-1.0
0.5,3.0,2.0,7,10,1.5,5851,40.4,20.3,-14.7,-0.565,-98.45,98.48,15,-1.0
0.3,1.5,2.0,3,10,0.75,11826,56.7,4.2,-6.3,-0.342,-98.52,98.54,10,-1.0
0.5,1.0,2.0,3,10,0.5,11945,66.2,2.7,-6.3,-0.345,-98.54,98.55,10,-1.0
1.0,1.5,2.0,7,20,0.75,3387,58.0,9.8,-14.7,-0.479,-98.56,98.6,10,-1.0
0.8,1.5,1.5,10,10,1.0,5758,51.3,14.0,-16.0,-0.625,-98.57,98.59,10,-1.0
0.8,1.5,1.5,5,20,1.0,5758,51.3,7.0,-8.0,-0.312,-98.57,98.59,10,-1.0
1.0,3.0,1.0,7,30,3.0,3480,26.8,20.3,-7.7,-0.185,-98.62,99.15,22,-0.995
0.8,1.5,2.0,3,30,0.75,5192,57.8,4.2,-6.3,-0.235,-98.63,98.65,9,-1.0
1.0,2.0,1.0,10,30,2.0,3820,36.4,19.0,-11.0,-0.068,-98.66,99.01,14,-0.996
0.5,1.5,0.8,3,10,1.88,15817,35.2,4.2,-2.7,-0.268,-98.68,98.69,22,-1.0
1.5,1.0,1.5,10,30,0.67,1440,60.9,9.0,-16.0,-0.774,-98.68,98.87,11,-0.998
1.0,1.5,1.5,7,30,1.0,3671,52.2,9.8,-11.2,-0.228,-98.69,99.41,11,-0.993
1.0,1.5,1.0,10,20,1.5,3992,42.4,14.0,-11.0,-0.398,-98.76,98.76,13,-1.0
0.5,3.0,1.0,5,10,3.0,9647,25.4,14.5,-5.5,-0.419,-98.78,98.78,25,-1.0
0.8,1.0,0.5,10,10,2.0,7851,36.4,9.0,-6.0,-0.536,-98.79,98.8,17,-1.0
0.8,1.0,0.5,5,20,2.0,7851,36.4,4.5,-3.0,-0.268,-98.79,98.8,17,-1.0
0.8,2.0,2.0,5,20,1.0,4649,50.6,9.5,-10.5,-0.377,-98.82,98.82,10,-1.0
0.8,2.0,2.0,10,10,1.0,4649,50.6,19.0,-21.0,-0.755,-98.82,98.82,10,-1.0
0.5,1.5,0.5,3,10,3.0,18931,26.1,4.2,-1.8,-0.231,-98.83,98.84,31,-1.0
0.5,2.0,1.5,5,10,1.33,9540,43.2,9.5,-8.0,-0.431,-98.86,98.92,16,-0.999
1.0,1.0,1.0,7,20,1.0,4222,51.5,6.3,-7.7,-0.484,-98.9,98.97,12,-0.999
1.0,2.0,2.0,10,20,1.0,3141,51.7,19.0,-21.0,-0.319,-98.91,99.29,10,-0.996
0.3,3.0,0.5,3,10,6.0,20127,15.1,8.7,-1.8,-0.218,-98.92,98.92,42,-1.0
0.5,3.0,1.5,3,20,2.0,7265,33.5,8.7,-4.8,-0.272,-98.93,98.94,21,-1.0
0.5,2.0,2.0,3,20,1.0,7868,50.4,5.7,-6.3,-0.253,-98.94,98.95,11,-1.0
0.3,3.0,2.0,3,20,1.5,6545,40.0,8.7,-6.3,-0.293,-98.94,98.96,14,-1.0
0.8,1.0,1.5,7,10,0.67,6403,60.1,6.3,-11.2,-0.675,-98.95,98.96,8,-1.0
0.3,3.0,1.5,5,10,2.0,8468,33.4,14.5,-8.0,-0.483,-98.96,98.98,20,-1.0
0.8,1.5,1.0,3,30,1.5,6519,41.2,4.2,-3.3,-0.213,-98.97,98.98,14,-1.0
1.0,3.0,1.5,10,20,2.0,3044,34.9,29.0,-16.0,-0.3,-98.98,99.04,14,-0.999
0.5,3.0,0.8,5,10,3.75,11037,21.7,14.5,-4.5,-0.386,-98.99,99.01,32,-1.0
0.8,1.5,0.8,3,30,1.88,6885,36.1,4.2,-2.7,-0.208,-99.02,99.04,22,-1.0
1.0,1.5,2.0,5,30,0.75,3387,58.0,7.0,-10.5,-0.342,-99.02,99.04,10,-1.0
0.8,1.5,0.5,7,20,3.0,7447,28.1,9.8,-4.2,-0.273,-99.04,99.04,25,-1.0
1.0,1.0,1.5,7,20,0.67,3963,61.1,6.3,-11.2,-0.514,-99.05,99.14,11,-0.999
0.8,2.0,1.0,5,20,2.0,6056,34.4,9.5,-5.5,-0.336,-99.07,99.07,15,-1.0
1.0,1.5,1.0,7,30,1.5,3992,42.4,9.8,-7.7,-0.278,-99.07,99.07,13,-1.0
0.8,2.0,1.0,10,10,2.0,6056,34.4,19.0,-11.0,-0.671,-99.07,99.07,15,-1.0
0.8,2.0,0.8,3,30,2.5,6436,29.5,5.7,-2.7,-0.222,-99.09,99.09,22,-1.0
0.8,3.0,1.5,7,20,2.0,4464,34.6,20.3,-11.2,-0.312,-99.15,99.15,16,-1.0
0.8,1.0,0.8,7,10,1.25,7401,45.0,6.3,-6.3,-0.629,-99.18,99.18,13,-1.0
0.8,1.0,2.0,7,10,0.5,5902,66.3,6.3,-14.7,-0.77,-99.21,99.22,6,-1.0
0.8,1.5,2.0,5,20,0.75,5192,57.8,7.0,-10.5,-0.392,-99.22,99.23,9,-1.0
0.8,1.5,2.0,10,10,0.75,5192,57.8,14.0,-21.0,-0.783,-99.22,99.23,9,-1.0
1.0,1.0,1.0,5,30,1.0,4222,51.5,4.5,-5.5,-0.346,-99.23,99.28,12,-0.999
0.8,1.0,1.0,7,10,1.0,7079,50.3,6.3,-7.7,-0.663,-99.23,99.24,12,-1.0
1.0,3.0,2.0,7,20,1.5,2740,40.3,20.3,-14.7,-0.598,-99.24,99.29,13,-1.0
0.5,1.5,2.0,5,10,0.75,9502,57.3,7.0,-10.5,-0.476,-99.24,99.24,10,-1.0
0.5,1.0,1.5,3,10,0.67,13931,59.4,2.7,-4.8,-0.343,-99.24,99.25,9,-1.0
1.0,2.0,2.0,7,30,1.0,3141,51.7,13.3,-14.7,-0.223,-99.24,99.48,10,-0.998
0.3,2.0,1.0,3,10,2.0,16568,33.5,5.7,-3.3,-0.288,-99.27,99.28,21,-1.0
1.0,3.0,1.5,7,30,2.0,3044,34.9,20.3,-11.2,-0.21,-99.3,99.34,14,-1.0
0.8,3.0,2.0,7,20,1.5,3903,41.0,20.3,-14.7,-0.343,-99.31,99.31,15,-1.0
1.5,1.0,2.0,10,30,0.5,1400,67.1,9.0,-21.0,-0.879,-99.31,99.55,6,-0.998
0.5,3.0,0.5,5,10,6.0,14191,15.2,14.5,-3.0,-0.331,-99.31,99.32,44,-1.0
0.3,1.5,1.5,3,10,1.0,15050,49.8,4.2,-4.8,-0.322,-99.32,99.33,12,-1.0
0.8,1.5,0.5,5,30,3.0,7447,28.1,7.0,-3.0,-0.195,-99.34,99.34,25,-1.0
1.0,1.0,1.5,5,30,0.67,3963,61.1,4.5,-8.0,-0.367,-99.35,99.41,11,-0.999
1.0,3.0,0.8,10,30,3.75,3672,23.4,29.0,-9.0,-0.09,-99.4,99.4,21,-1.0
0.8,1.5,1.0,10,10,1.5,6519,41.2,14.0,-11.0,-0.711,-99.41,99.42,14,-1.0
0.8,1.5,1.0,5,20,1.5,6519,41.2,7.0,-5.5,-0.355,-99.41,99.42,14,-1.0
0.8,1.5,0.8,10,10,1.88,6885,36.1,14.0,-9.0,-0.692,-99.44,99.45,22,-1.0
0.8,1.5,0.8,5,20,1.88,6885,36.1,7.0,-4.5,-0.346,-99.44,99.45,22,-1.0
0.8,3.0,1.5,5,30,2.0,4464,34.6,14.5,-8.0,-0.223,-99.48,99.48,16,-1.0
0.8,2.0,0.8,5,20,2.5,6436,29.5,9.5,-4.5,-0.369,-99.49,99.49,22,-1.0
0.8,2.0,0.8,10,10,2.5,6436,29.5,19.0,-9.0,-0.738,-99.49,99.49,22,-1.0
1.0,2.0,1.5,10,30,1.33,3441,45.5,19.0,-16.0,-0.061,-99.51,99.95,11,-0.996
0.5,3.0,1.0,3,20,3.0,9647,25.4,8.7,-3.3,-0.251,-99.53,99.54,25,-1.0
1.0,3.0,2.0,5,30,1.5,2740,40.3,14.5,-10.5,-0.427,-99.53,99.56,13,-1.0
0.5,3.0,1.5,7,10,2.0,7265,33.5,20.3,-11.2,-0.634,-99.55,99.56,21,-1.0
0.5,2.0,2.0,7,10,1.0,7868,50.4,13.3,-14.7,-0.59,-99.55,99.56,11,-1.0
0.3,3.0,2.0,7,10,1.5,6545,40.0,20.3,-14.7,-0.684,-99.56,99.58,14,-1.0
0.3,2.0,2.0,5,10,1.0,9396,49.9,9.5,-10.5,-0.528,-99.56,99.57,11,-1.0
0.5,2.0,1.5,3,20,1.33,9540,43.2,5.7,-4.8,-0.259,-99.57,99.6,16,-1.0
0.5,2.0,1.0,5,10,2.0,12296,33.9,9.5,-5.5,-0.422,-99.59,99.59,22,-1.0
0.8,3.0,2.0,5,30,1.5,3903,41.0,14.5,-10.5,-0.245,-99.59,99.59,15,-1.0
0.5,1.0,0.5,3,10,2.0,21328,34.2,2.7,-1.8,-0.26,-99.63,99.63,19,-1.0
0.3,3.0,1.5,3,20,2.0,8468,33.4,8.7,-4.8,-0.29,-99.63,99.64,20,-1.0
0.5,3.0,0.8,3,20,3.75,11037,21.7,8.7,-2.7,-0.231,-99.63,99.64,32,-1.0
1.0,1.0,0.8,10,20,1.25,4335,46.9,9.0,-9.0,-0.567,-99.64,99.65,12,-1.0
0.3,2.0,0.8,3,10,2.5,19632,28.8,5.7,-2.7,-0.28,-99.65,99.65,29,-1.0
1.0,1.5,0.8,10,30,1.88,4134,38.0,14.0,-9.0,-0.271,-99.65,99.82,14,-0.998
0.5,3.0,2.0,3,30,1.5,5851,40.4,8.7,-6.3,-0.242,-99.66,99.66,15,-1.0
0.5,1.0,0.8,3,10,1.25,18422,44.3,2.7,-2.7,-0.306,-99.67,99.67,14,-1.0
0.5,1.0,1.0,3,10,1.0,16904,49.4,2.7,-3.3,-0.334,-99.67,99.68,14,-1.0
0.8,3.0,1.0,7,20,3.0,5291,26.1,20.3,-7.7,-0.397,-99.69,99.69,20,-1.0
0.5,2.0,0.8,5,10,2.5,13801,29.3,9.5,-4.5,-0.398,-99.69,99.69,25,-1.0
0.8,2.0,0.5,10,20,4.0,7120,22.8,19.0,-6.0,-0.298,-99.69,99.69,38,-1.0
1.0,1.0,2.0,7,20,0.5,3738,66.7,6.3,-14.7,-0.683,-99.71,99.74,6,-1.0
0.3,1.0,2.0,3,10,0.5,16281,66.1,2.7,-6.3,-0.353,-99.72,99.73,9,-1.0
0.5,1.5,2.0,3,20,0.75,9502,57.3,4.2,-6.3,-0.285,-99.74,99.74,10,-1.0
1.0,1.0,0.5,10,30,2.0,4492,37.6,9.0,-6.0,-0.363,-99.74,99.75,16,-1.0
0.5,1.5,1.5,5,10,1.0,11382,50.0,7.0,-8.0,-0.495,-99.74,99.74,16,-1.0
1.0,1.0,0.8,7,30,1.25,4335,46.9,6.3,-6.3,-0.397,-99.74,99.74,12,-1.0
0.8,1.0,1.5,3,30,0.67,6403,60.1,2.7,-4.8,-0.289,-99.74,99.74,8,-1.0
0.8,2.0,1.5,7,20,1.33,5248,44.0,13.3,-11.2,-0.421,-99.74,99.74,11,-1.0
0.5,3.0,0.5,3,20,6.0,14191,15.2,8.7,-1.8,-0.199,-99.76,99.77,44,-1.0
0.8,2.0,0.5,7,30,4.0,7120,22.8,13.3,-4.2,-0.208,-99.79,99.79,38,-1.0
0.8,3.0,0.8,7,20,3.75,5719,22.1,20.3,-6.3,-0.421,-99.79,99.79,29,-1.0
0.8,1.0,0.8,3,30,1.25,7401,45.0,2.7,-2.7,-0.27,-99.8,99.8,13,-1.0
0.8,1.0,0.5,7,20,2.0,7851,36.4,6.3,-4.2,-0.375,-99.81,99.82,17,-1.0
0.3,2.0,0.5,3,10,4.0,26817,21.0,5.7,-1.8,-0.228,-99.81,99.81,36,-1.0
0.8,1.0,1.0,3,30,1.0,7079,50.3,2.7,-3.3,-0.284,-99.82,99.82,12,-1.0
0.8,3.0,1.0,5,30,3.0,5291,26.1,14.5,-5.5,-0.284,-99.82,99.82,20,-1.0
0.8,1.5,1.5,7,20,1.0,5758,51.3,9.8,-11.2,-0.437,-99.82,99.82,10,-1.0
1.0,1.0,2.0,5,30,0.5,3738,66.7,4.5,-10.5,-0.488,-99.82,99.84,6,-1.0
0.3,2.0,1.5,5,10,1.33,11945,42.9,9.5,-8.0,-0.49,-99.82,99.82,12,-1.0
0.8,1.0,2.0,3,30,0.5,5902,66.3,2.7,-6.3,-0.33,-99.82,99.83,6,-1.0
0.5,3.0,1.0,7,10,3.0,9647,25.4,20.3,-7.7,-0.586,-99.83,99.83,25,-1.0
0.3,1.5,1.0,3,10,1.5,20560,39.9,4.2,-3.3,-0.304,-99.83,99.84,14,-1.0
0.3,3.0,1.0,5,10,3.0,12027,25.0,14.5,-5.5,-0.493,-99.83,99.83,22,-1.0
0.5,2.0,0.5,5,10,4.0,16958,21.1,9.5,-3.0,-0.368,-99.84,99.85,33,-1.0
0.5,2.0,1.5,7,10,1.33,9540,43.2,13.3,-11.2,-0.604,-99.84,99.86,16,-1.0
0.5,3.0,2.0,5,20,1.5,5851,40.4,14.5,-10.5,-0.403,-99.85,99.85,15,-1.0
0.8,2.0,1.5,5,30,1.33,5248,44.0,9.5,-8.0,-0.3,-99.85,99.85,11,-1.0
0.5,3.0,2.0,10,10,1.5,5851,40.4,29.0,-21.0,-0.807,-99.85,99.85,15,-1.0
0.3,2.0,2.0,3,20,1.0,9396,49.9,5.7,-6.3,-0.317,-99.87,99.87,11,-1.0
0.8,1.0,1.5,10,10,0.67,6403,60.1,9.0,-16.0,-0.964,-99.87,99.87,8,-1.0
0.5,2.0,1.0,3,20,2.0,12296,33.9,5.7,-3.3,-0.253,-99.87,99.87,22,-1.0
1.0,1.5,2.0,10,20,0.75,3387,58.0,14.0,-21.0,-0.684,-99.87,99.88,10,-1.0
0.3,3.0,1.5,7,10,2.0,8468,33.4,20.3,-11.2,-0.676,-99.87,99.87,20,-1.0
0.8,1.0,1.5,5,20,0.67,6403,60.1,4.5,-8.0,-0.482,-99.87,99.87,8,-1.0
0.5,3.0,0.8,7,10,3.75,11037,21.7,20.3,-6.3,-0.54,-99.87,99.87,32,-1.0
1.0,1.0,1.0,10,20,1.0,4222,51.5,9.0,-11.0,-0.692,-99.88,99.89,12,-1.0
0.8,3.0,0.8,5,30,3.75,5719,22.1,14.5,-4.5,-0.301,-99.88,99.88,29,-1.0
0.8,2.0,2.0,7,20,1.0,4649,50.6,13.3,-14.7,-0.528,-99.88,99.88,10,-1.0
0.8,1.0,0.5,5,30,2.0,7851,36.4,4.5,-3.0,-0.268,-99.89,99.89,17,-1.0
0.8,1.5,1.5,5,30,1.0,5758,51.3,7.0,-8.0,-0.312,-99.9,99.9,10,-1.0
0.8,1.0,0.8,5,20,1.25,7401,45.0,4.5,-4.5,-0.449,-99.9,99.91,13,-1.0
0.8,1.0,0.8,10,10,1.25,7401,45.0,9.0,-9.0,-0.899,-99.9,99.91,13,-1.0
0.3,3.0,0.8,5,10,3.75,14413,21.3,14.5,-4.5,-0.452,-99.9,99.9,29,-1.0
0.5,1.5,1.0,5,10,1.5,14269,40.3,7.0,-5.5,-0.467,-99.9,99.9,22,-1.0
0.8,2.0,1.0,7,20,2.0,6056,34.4,13.3,-7.7,-0.47,-99.9,99.9,15,-1.0
0.5,1.5,2.0,7,10,0.75,9502,57.3,9.8,-14.7,-0.666,-99.91,99.91,10,-1.0
0.5,2.0,0.8,3,20,2.5,13801,29.3,5.7,-2.7,-0.239,-99.91,99.91,25,-1.0
1.0,1.0,1.5,10,20,0.67,3963,61.1,9.0,-16.0,-0.734,-99.91,99.92,11,-1.0
0.8,1.0,1.0,5,20,1.0,7079,50.3,4.5,-5.5,-0.474,-99.91,99.92,12,-1.0
0.8,1.5,0.5,10,20,3.0,7447,28.1,14.0,-6.0,-0.39,-99.91,99.91,25,-1.0
0.8,1.0,1.0,10,10,1.0,7079,50.3,9.0,-11.0,-0.948,-99.91,99.92,12,-1.0
0.8,3.0,0.5,10,30,6.0,6522,16.8,29.0,-6.0,-0.113,-99.91,99.91,43,-1.0
0.3,1.0,1.5,3,10,0.67,20397,59.5,2.7,-4.8,-0.337,-99.91,99.91,10,-1.0
0.5,1.0,2.0,5,10,0.5,11945,66.2,4.5,-10.5,-0.575,-99.92,99.92,10,-1.0
1.0,1.5,2.0,7,30,0.75,3387,58.0,9.8,-14.7,-0.479,-99.92,99.92,10,-1.0
0.8,1.0,2.0,5,20,0.5,5902,66.3,4.5,-10.5,-0.55,-99.92,99.92,6,-1.0
0.8,1.0,2.0,10,10,0.5,5902,66.3,9.0,-21.0,-1.1,-99.92,99.92,6,-1.0
0.5,3.0,0.5,7,10,6.0,14191,15.2,20.3,-4.2,-0.464,-99.92,99.92,44,-1.0
1.0,1.0,1.0,7,30,1.0,4222,51.5,6.3,-7.7,-0.484,-99.92,99.92,12,-1.0
1.0,1.5,1.5,10,30,1.0,3671,52.2,14.0,-16.0,-0.326,-99.93,99.96,11,-1.0
0.5,2.0,2.0,3,30,1.0,7868,50.4,5.7,-6.3,-0.253,-99.93,99.93,11,-1.0
0.5,1.5,1.5,3,20,1.0,11382,50.0,4.2,-4.8,-0.297,-99.93,99.93,16,-1.0
0.8,1.5,2.0,7,20,0.75,5192,57.8,9.8,-14.7,-0.548,-99.93,99.93,9,-1.0
0.5,1.5,0.8,5,10,1.88,15817,35.2,7.0,-4.5,-0.447,-99.93,99.93,22,-1.0
0.5,3.0,1.5,3,30,2.0,7265,33.5,8.7,-4.8,-0.272,-99.93,99.93,21,-1.0
0.3,1.5,2.0,5,10,0.75,11826,56.7,7.0,-10.5,-0.571,-99.93,99.93,10,-1.0
0.3,1.5,0.8,3,10,1.88,24149,34.8,4.2,-2.7,-0.297,-99.93,99.93,19,-1.0
0.5,1.5,0.5,5,10,3.0,18931,26.1,7.0,-3.0,-0.386,-99.94,99.94,31,-1.0
0.8,2.0,2.0,5,30,1.0,4649,50.6,9.5,-10.5,-0.377,-99.94,99.94,10,-1.0
0.8,1.5,1.0,7,20,1.5,6519,41.2,9.8,-7.7,-0.498,-99.94,99.94,14,-1.0
1.0,1.0,1.5,7,30,0.67,3963,61.1,6.3,-11.2,-0.514,-99.94,99.95,11,-1.0
0.3,3.0,2.0,3,30,1.5,6545,40.0,8.7,-6.3,-0.293,-99.94,99.94,14,-1.0
0.8,2.0,1.0,5,30,2.0,6056,34.4,9.5,-5.5,-0.336,-99.94,99.94,15,-1.0
0.8,1.5,0.8,7,20,1.88,6885,36.1,9.8,-6.3,-0.484,-99.94,99.95,22,-1.0
0.8,1.5,0.5,7,30,3.0,7447,28.1,9.8,-4.2,-0.273,-99.94,99.94,25,-1.0
1.0,1.5,1.0,10,30,1.5,3992,42.4,14.0,-11.0,-0.398,-99.94,99.94,13,-1.0
1.0,3.0,1.0,10,30,3.0,3480,26.8,29.0,-11.0,-0.264,-99.95,99.97,22,-1.0
0.3,3.0,0.5,5,10,6.0,20127,15.1,14.5,-3.0,-0.363,-99.95,99.96,42,-1.0
0.8,2.0,0.8,7,20,2.5,6436,29.5,13.3,-6.3,-0.517,-99.95,99.95,22,-1.0
0.3,2.0,1.5,3,20,1.33,11945,42.9,5.7,-4.8,-0.294,-99.95,99.95,12,-1.0
0.3,2.0,2.0,7,10,1.0,9396,49.9,13.3,-14.7,-0.739,-99.96,99.96,11,-1.0
0.8,1.5,2.0,5,30,0.75,5192,57.8,7.0,-10.5,-0.392,-99.96,99.96,9,-1.0
0.3,3.0,1.0,3,20,3.0,12027,25.0,8.7,-3.3,-0.296,-99.96,99.96,22,-1.0
1.0,3.0,2.0,10,20,1.5,2740,40.3,29.0,-21.0,-0.854,-99.96,99.97,13,-1.0
0.5,2.0,1.0,7,10,2.0,12296,33.9,13.3,-7.7,-0.59,-99.96,99.96,22,-1.0
0.5,2.0,0.5,3,20,4.0,16958,21.1,5.7,-1.8,-0.221,-99.96,99.96,33,-1.0
0.5,2.0,0.8,7,10,2.5,13801,29.3,13.3,-6.3,-0.557,-99.97,99.97,25,-1.0
0.5,2.0,2.0,10,10,1.0,7868,50.4,19.0,-21.0,-0.842,-99.97,99.97,11,-1.0
0.3,1.5,0.5,3,10,3.0,32164,25.9,4.2,-1.8,-0.248,-99.97,99.97,27,-1.0
0.5,3.0,1.5,5,20,2.0,7265,33.5,14.5,-8.0,-0.453,-99.97,99.97,21,-1.0
0.8,1.5,0.8,5,30,1.88,6885,36.1,7.0,-4.5,-0.346,-99.97,99.97,22,-1.0
0.5,1.0,1.5,5,10,0.67,13931,59.4,4.5,-8.0,-0.572,-99.97,99.97,9,-1.0
0.8,1.5,1.0,5,30,1.5,6519,41.2,7.0,-5.5,-0.355,-99.97,99.97,14,-1.0
0.5,3.0,1.5,10,10,2.0,7265,33.5,29.0,-16.0,-0.905,-99.97,99.97,21,-1.0
0.8,3.0,1.5,10,20,2.0,4464,34.6,29.0,-16.0,-0.446,-99.97,99.97,16,-1.0
0.5,2.0,2.0,5,20,1.0,7868,50.4,9.5,-10.5,-0.421,-99.97,99.97,11,-1.0
0.5,1.5,1.0,3,20,1.5,14269,40.3,4.2,-3.3,-0.28,-99.98,99.98,22,-1.0
0.5,2.0,1.5,3,30,1.33,9540,43.2,5.7,-4.8,-0.259,-99.98,99.98,16,-1.0
0.5,1.5,1.5,7,10,1.0,11382,50.0,9.8,-11.2,-0.693,-99.98,99.98,16,-1.0
0.5,1.0,2.0,3,20,0.5,11945,66.2,2.7,-6.3,-0.345,-99.98,99.98,10,-1.0
0.3,1.5,1.5,5,10,1.0,15050,49.8,7.0,-8.0,-0.536,-99.98,99.98,12,-1.0
0.3,2.0,1.0,5,10,2.0,16568,33.5,9.5,-5.5,-0.48,-99.98,99.98,21,-1.0
0.5,3.0,0.8,3,30,3.75,11037,21.7,8.7,-2.7,-0.231,-99.98,99.98,32,-1.0
0.3,3.0,0.8,3,20,3.75,14413,21.3,8.7,-2.7,-0.271,-99.98,99.98,29,-1.0
0.8,3.0,1.5,7,30,2.0,4464,34.6,20.3,-11.2,-0.312,-99.98,99.98,16,-1.0
0.3,3.0,2.0,10,10,1.5,6545,40.0,29.0,-21.0,-0.977,-99.98,99.98,14,-1.0
0.5,3.0,1.0,3,30,3.0,9647,25.4,8.7,-3.3,-0.251,-99.98,99.98,25,-1.0
0.3,3.0,2.0,5,20,1.5,6545,40.0,14.5,-10.5,-0.489,-99.98,99.98,14,-1.0
0.3,1.5,2.0,3,20,0.75,11826,56.7,4.2,-6.3,-0.342,-99.98,99.98,10,-1.0
1.0,2.0,2.0,10,30,1.0,3141,51.7,19.0,-21.0,-0.319,-99.98,99.98,10,-1.0
0.8,3.0,2.0,10,20,1.5,3903,41.0,29.0,-21.0,-0.49,-99.98,99.98,15,-1.0
1.0,3.0,2.0,7,30,1.5,2740,40.3,20.3,-14.7,-0.598,-99.98,99.98,13,-1.0
0.8,2.0,0.8,5,30,2.5,6436,29.5,9.5,-4.5,-0.369,-99.98,99.98,22,-1.0
0.5,1.0,1.0,5,10,1.0,16904,49.4,4.5,-5.5,-0.557,-99.99,99.99,14,-1.0
0.3,2.0,1.5,7,10,1.33,11945,42.9,13.3,-11.2,-0.686,-99.99,99.99,12,-1.0
0.8,1.0,0.5,7,30,2.0,7851,36.4,6.3,-4.2,-0.375,-99.99,99.99,17,-1.0
0.8,3.0,1.0,10,20,3.0,5291,26.1,29.0,-11.0,-0.567,-99.99,99.99,20,-1.0
0.8,3.0,1.0,7,30,3.0,5291,26.1,20.3,-7.7,-0.397,-99.99,99.99,20,-1.0
0.3,3.0,1.0,7,10,3.0,12027,25.0,20.3,-7.7,-0.69,-99.99,99.99,22,-1.0
0.8,2.0,0.5,10,30,4.0,7120,22.8,19.0,-6.0,-0.298,-99.99,99.99,38,-1.0
0.8,3.0,0.8,10,20,3.75,5719,22.1,29.0,-9.0,-0.601,-99.99,99.99,29,-1.0
0.8,1.0,0.8,7,20,1.25,7401,45.0,6.3,-6.3,-0.629,-99.99,100.0,13,-1.0
0.5,2.0,1.5,10,10,1.33,9540,43.2,19.0,-16.0,-0.863,-99.99,99.99,16,-1.0
0.3,3.0,0.5,3,20,6.0,20127,15.1,8.7,-1.8,-0.218,-99.99,99.99,42,-1.0
0.8,1.5,1.5,10,20,1.0,5758,51.3,14.0,-16.0,-0.625,-99.99,99.99,10,-1.0
0.5,2.0,1.5,5,20,1.33,9540,43.2,9.5,-8.0,-0.431,-99.99,99.99,16,-1.0
1.0,3.0,1.5,10,30,2.0,3044,34.9,29.0,-16.0,-0.3,-99.99,99.99,14,-1.0
0.5,3.0,1.0,10,10,3.0,9647,25.4,29.0,-11.0,-0.837,-99.99,99.99,25,-1.0
0.5,1.0,0.8,5,10,1.25,18422,44.3,4.5,-4.5,-0.51,-99.99,99.99,14,-1.0
0.5,1.5,1.0,7,10,1.5,14269,40.3,9.8,-7.7,-0.654,-99.99,99.99,22,-1.0
0.8,2.0,1.5,10,20,1.33,5248,44.0,19.0,-16.0,-0.601,-99.99,99.99,11,-1.0
0.8,1.0,0.5,10,20,2.0,7851,36.4,9.0,-6.0,-0.536,-99.99,99.99,17,-1.0
0.5,1.5,0.5,3,20,3.0,18931,26.1,4.2,-1.8,-0.231,-99.99,99.99,31,-1.0
0.5,2.0,0.5,7,10,4.0,16958,21.1,13.3,-4.2,-0.515,-99.99,99.99,33,-1.0
0.5,3.0,0.8,10,10,3.75,11037,21.7,29.0,-9.0,-0.771,-99.99,99.99,32,-1.0
0.3,1.0,1.0,3,10,1.0,27181,49.6,2.7,-3.3,-0.324,-99.99,99.99,13,-1.0
0.5,1.5,2.0,3,30,0.75,9502,57.3,4.2,-6.3,-0.285,-99.99,99.99,10,-1.0
0.5,3.0,0.5,3,30,6.0,14191,15.2,8.7,-1.8,-0.199,-99.99,99.99,44,-1.0
0.8,1.0,1.5,7,20,0.67,6403,60.1,6.3,-11.2,-0.675,-99.99,99.99,8,-1.0
0.5,1.5,0.8,3,20,1.88,15817,35.2,4.2,-2.7,-0.268,-99.99,99.99,22,-1.0
1.0,1.0,0.8,10,30,1.25,4335,46.9,9.0,-9.0,-0.567,-99.99,99.99,12,-1.0
0.3,1.0,0.8,3,10,1.25,31267,44.3,2.7,-2.7,-0.31,-99.99,99.99,16,-1.0
0.5,3.0,0.8,5,20,3.75,11037,21.7,14.5,-4.5,-0.386,-99.99,99.99,32,-1.0
0.5,1.0,0.5,5,10,2.0,21328,34.2,4.5,-3.0,-0.434,-99.99,99.99,19,-1.0
0.8,3.0,2.0,7,30,1.5,3903,41.0,20.3,-14.7,-0.343,-99.99,99.99,15,-1.0
0.3,2.0,0.8,5,10,2.5,19632,28.8,9.5,-4.5,-0.467,-99.99,99.99,29,-1.0
0.5,3.0,1.0,5,20,3.0,9647,25.4,14.5,-5.5,-0.419,-99.99,99.99,25,-1.0
1.0,1.0,2.0,10,20,0.5,3738,66.7,9.0,-21.0,-0.976,-99.99,99.99,6,-1.0
1.0,1.0,2.0,7,30,0.5,3738,66.7,6.3,-14.7,-0.683,-99.99,99.99,6,-1.0
0.3,3.0,1.5,3,30,2.0,8468,33.4,8.7,-4.8,-0.29,-99.99,99.99,20,-1.0
0.3,3.0,0.5,7,10,6.0,20127,15.1,20.3,-4.2,-0.508,-100.0,100.0,42,-1.0
0.3,2.0,1.0,7,10,2.0,16568,33.5,13.3,-7.7,-0.672,-100.0,100.0,21,-1.0
0.3,3.0,0.5,5,30,6.0,20127,15.1,14.5,-3.0,-0.363,-100.0,100.0,42,-1.0
0.3,2.0,1.0,7,20,2.0,16568,33.5,13.3,-7.7,-0.672,-100.0,100.0,21,-1.0
0.3,3.0,0.8,3,30,3.75,14413,21.3,8.7,-2.7,-0.271,-100.0,100.0,29,-1.0
0.3,2.0,1.0,10,20,2.0,16568,33.5,19.0,-11.0,-0.96,-100.0,100.0,21,-1.0
0.3,3.0,0.5,10,10,6.0,20127,15.1,29.0,-6.0,-0.726,-100.0,100.0,42,-1.0
0.3,3.0,1.0,5,20,3.0,12027,25.0,14.5,-5.5,-0.493,-100.0,100.0,22,-1.0
0.3,3.0,0.5,10,20,6.0,20127,15.1,29.0,-6.0,-0.726,-100.0,100.0,42,-1.0
0.3,3.0,0.5,10,30,6.0,20127,15.1,29.0,-6.0,-0.726,-100.0,100.0,42,-1.0
0.3,3.0,0.5,7,20,6.0,20127,15.1,20.3,-4.2,-0.508,-100.0,100.0,42,-1.0
0.3,2.0,1.0,7,30,2.0,16568,33.5,13.3,-7.7,-0.672,-100.0,100.0,21,-1.0
0.3,2.0,1.0,10,30,2.0,16568,33.5,19.0,-11.0,-0.96,-100.0,100.0,21,-1.0
0.3,2.0,1.0,10,10,2.0,16568,33.5,19.0,-11.0,-0.96,-100.0,100.0,21,-1.0
0.3,3.0,0.5,7,30,6.0,20127,15.1,20.3,-4.2,-0.508,-100.0,100.0,42,-1.0
0.3,3.0,0.8,10,20,3.75,14413,21.3,29.0,-9.0,-0.903,-100.0,100.0,29,-1.0
0.3,3.0,0.5,5,20,6.0,20127,15.1,14.5,-3.0,-0.363,-100.0,100.0,42,-1.0
0.3,2.0,1.5,7,20,1.33,11945,42.9,13.3,-11.2,-0.686,-100.0,100.0,12,-1.0
0.3,2.0,1.5,10,30,1.33,11945,42.9,19.0,-16.0,-0.98,-100.0,100.0,12,-1.0
0.3,3.0,0.8,7,30,3.75,14413,21.3,20.3,-6.3,-0.632,-100.0,100.0,29,-1.0
0.3,3.0,0.8,7,20,3.75,14413,21.3,20.3,-6.3,-0.632,-100.0,100.0,29,-1.0
0.3,3.0,0.8,7,10,3.75,14413,21.3,20.3,-6.3,-0.632,-100.0,100.0,29,-1.0
0.3,3.0,0.8,10,30,3.75,14413,21.3,29.0,-9.0,-0.903,-100.0,100.0,29,-1.0
0.3,2.0,2.0,3,30,1.0,9396,49.9,5.7,-6.3,-0.317,-100.0,100.0,11,-1.0
0.3,3.0,0.8,5,30,3.75,14413,21.3,14.5,-4.5,-0.452,-100.0,100.0,29,-1.0
0.3,2.0,2.0,5,20,1.0,9396,49.9,9.5,-10.5,-0.528,-100.0,100.0,11,-1.0
0.3,2.0,1.5,10,20,1.33,11945,42.9,19.0,-16.0,-0.98,-100.0,100.0,12,-1.0
0.3,2.0,1.5,10,10,1.33,11945,42.9,19.0,-16.0,-0.98,-100.0,100.0,12,-1.0
0.3,2.0,1.5,7,30,1.33,11945,42.9,13.3,-11.2,-0.686,-100.0,100.0,12,-1.0
0.3,2.0,2.0,5,30,1.0,9396,49.9,9.5,-10.5,-0.528,-100.0,100.0,11,-1.0
0.3,3.0,0.5,3,30,6.0,20127,15.1,8.7,-1.8,-0.218,-100.0,100.0,42,-1.0
0.3,2.0,1.5,5,30,1.33,11945,42.9,9.5,-8.0,-0.49,-100.0,100.0,12,-1.0
0.3,2.0,2.0,7,20,1.0,9396,49.9,13.3,-14.7,-0.739,-100.0,100.0,11,-1.0
0.3,2.0,2.0,7,30,1.0,9396,49.9,13.3,-14.7,-0.739,-100.0,100.0,11,-1.0
0.3,2.0,1.5,5,20,1.33,11945,42.9,9.5,-8.0,-0.49,-100.0,100.0,12,-1.0
0.3,2.0,2.0,10,10,1.0,9396,49.9,19.0,-21.0,-1.055,-100.0,100.0,11,-1.0
0.3,2.0,2.0,10,20,1.0,9396,49.9,19.0,-21.0,-1.055,-100.0,100.0,11,-1.0
0.3,3.0,0.8,10,10,3.75,14413,21.3,29.0,-9.0,-0.903,-100.0,100.0,29,-1.0
0.3,2.0,1.5,3,30,1.33,11945,42.9,5.7,-4.8,-0.294,-100.0,100.0,12,-1.0
0.3,3.0,0.8,5,20,3.75,14413,21.3,14.5,-4.5,-0.452,-100.0,100.0,29,-1.0
0.3,3.0,1.0,3,30,3.0,12027,25.0,8.7,-3.3,-0.296,-100.0,100.0,22,-1.0
0.3,2.0,1.0,5,30,2.0,16568,33.5,9.5,-5.5,-0.48,-100.0,100.0,21,-1.0
0.3,2.0,2.0,10,30,1.0,9396,49.9,19.0,-21.0,-1.055,-100.0,100.0,11,-1.0
0.5,2.0,1.0,10,10,2.0,12296,33.9,19.0,-11.0,-0.843,-100.0,100.0,22,-1.0
0.3,2.0,1.0,5,20,2.0,16568,33.5,9.5,-5.5,-0.48,-100.0,100.0,21,-1.0
0.3,1.0,1.0,10,30,1.0,27181,49.6,9.0,-11.0,-1.08,-100.0,100.0,13,-1.0
0.3,1.0,1.5,3,30,0.67,20397,59.5,2.7,-4.8,-0.337,-100.0,100.0,10,-1.0
0.3,1.0,1.5,5,10,0.67,20397,59.5,4.5,-8.0,-0.561,-100.0,100.0,10,-1.0
0.3,1.0,1.5,5,20,0.67,20397,59.5,4.5,-8.0,-0.561,-100.0,100.0,10,-1.0
0.3,1.0,1.5,5,30,0.67,20397,59.5,4.5,-8.0,-0.561,-100.0,100.0,10,-1.0
0.3,1.0,1.5,7,10,0.67,20397,59.5,6.3,-11.2,-0.786,-100.0,100.0,10,-1.0
0.3,1.0,1.5,7,20,0.67,20397,59.5,6.3,-11.2,-0.786,-100.0,100.0,10,-1.0
0.3,1.0,1.5,7,30,0.67,20397,59.5,6.3,-11.2,-0.786,-100.0,100.0,10,-1.0
0.3,1.0,1.5,10,10,0.67,20397,59.5,9.0,-16.0,-1.123,-100.0,100.0,10,-1.0
0.3,1.0,1.5,10,20,0.67,20397,59.5,9.0,-16.0,-1.123,-100.0,100.0,10,-1.0
0.3,1.0,1.5,10,30,0.67,20397,59.5,9.0,-16.0,-1.123,-100.0,100.0,10,-1.0
0.3,1.0,2.0,3,20,0.5,16281,66.1,2.7,-6.3,-0.353,-100.0,100.0,9,-1.0
0.3,1.0,2.0,3,30,0.5,16281,66.1,2.7,-6.3,-0.353,-100.0,100.0,9,-1.0
0.3,1.0,2.0,5,10,0.5,16281,66.1,4.5,-10.5,-0.588,-100.0,100.0,9,-1.0
0.3,1.0,2.0,5,20,0.5,16281,66.1,4.5,-10.5,-0.588,-100.0,100.0,9,-1.0
0.3,1.0,2.0,5,30,0.5,16281,66.1,4.5,-10.5,-0.588,-100.0,100.0,9,-1.0
0.3,1.0,2.0,7,10,0.5,16281,66.1,6.3,-14.7,-0.823,-100.0,100.0,9,-1.0
0.3,1.0,2.0,7,20,0.5,16281,66.1,6.3,-14.7,-0.823,-100.0,100.0,9,-1.0
0.3,1.0,2.0,7,30,0.5,16281,66.1,6.3,-14.7,-0.823,-100.0,100.0,9,-1.0
0.3,1.0,2.0,10,10,0.5,16281,66.1,9.0,-21.0,-1.175,-100.0,100.0,9,-1.0
0.3,1.0,2.0,10,20,0.5,16281,66.1,9.0,-21.0,-1.175,-100.0,100.0,9,-1.0
0.3,1.0,2.0,10,30,0.5,16281,66.1,9.0,-21.0,-1.175,-100.0,100.0,9,-1.0
0.3,1.5,0.5,3,20,3.0,32164,25.9,4.2,-1.8,-0.248,-100.0,100.0,27,-1.0
0.3,1.5,0.5,3,30,3.0,32164,25.9,4.2,-1.8,-0.248,-100.0,100.0,27,-1.0
0.3,1.5,0.5,5,10,3.0,32164,25.9,7.0,-3.0,-0.414,-100.0,100.0,27,-1.0
0.3,1.5,0.5,5,20,3.0,32164,25.9,7.0,-3.0,-0.414,-100.0,100.0,27,-1.0
0.3,1.5,0.5,5,30,3.0,32164,25.9,7.0,-3.0,-0.414,-100.0,100.0,27,-1.0
0.3,1.5,0.5,7,10,3.0,32164,25.9,9.8,-4.2,-0.579,-100.0,100.0,27,-1.0
0.3,1.5,0.5,7,20,3.0,32164,25.9,9.8,-4.2,-0.579,-100.0,100.0,27,-1.0
0.3,1.5,0.5,7,30,3.0,32164,25.9,9.8,-4.2,-0.579,-100.0,100.0,27,-1.0
0.3,1.0,1.5,3,20,0.67,20397,59.5,2.7,-4.8,-0.337,-100.0,100.0,10,-1.0
0.3,1.0,1.0,10,20,1.0,27181,49.6,9.0,-11.0,-1.08,-100.0,100.0,13,-1.0
0.3,1.5,0.5,10,20,3.0,32164,25.9,14.0,-6.0,-0.827,-100.0,100.0,27,-1.0
0.3,1.0,1.0,10,10,1.0,27181,49.6,9.0,-11.0,-1.08,-100.0,100.0,13,-1.0
0.3,1.0,0.5,3,30,2.0,40391,34.0,2.7,-1.8,-0.27,-100.0,100.0,21,-1.0
0.3,1.0,0.5,5,10,2.0,40391,34.0,4.5,-3.0,-0.449,-100.0,100.0,21,-1.0
0.3,1.0,0.5,5,20,2.0,40391,34.0,4.5,-3.0,-0.449,-100.0,100.0,21,-1.0
0.3,1.0,0.5,5,30,2.0,40391,34.0,4.5,-3.0,-0.449,-100.0,100.0,21,-1.0
0.3,1.0,0.5,7,10,2.0,40391,34.0,6.3,-4.2,-0.629,-100.0,100.0,21,-1.0
0.3,1.0,0.5,7,20,2.0,40391,34.0,6.3,-4.2,-0.629,-100.0,100.0,21,-1.0
0.3,1.0,0.5,7,30,2.0,40391,34.0,6.3,-4.2,-0.629,-100.0,100.0,21,-1.0
0.3,1.0,0.5,10,10,2.0,40391,34.0,9.0,-6.0,-0.898,-100.0,100.0,21,-1.0
0.3,1.0,0.5,10,20,2.0,40391,34.0,9.0,-6.0,-0.898,-100.0,100.0,21,-1.0
0.3,1.0,0.5,10,30,2.0,40391,34.0,9.0,-6.0,-0.898,-100.0,100.0,21,-1.0
0.3,1.0,0.8,3,20,1.25,31267,44.3,2.7,-2.7,-0.31,-100.0,100.0,16,-1.0
0.3,1.0,0.8,3,30,1.25,31267,44.3,2.7,-2.7,-0.31,-100.0,100.0,16,-1.0
0.3,1.0,0.8,5,10,1.25,31267,44.3,4.5,-4.5,-0.517,-100.0,100.0,16,-1.0
0.3,1.0,0.8,5,20,1.25,31267,44.3,4.5,-4.5,-0.517,-100.0,100.0,16,-1.0
0.3,1.0,0.8,5,30,1.25,31267,44.3,4.5,-4.5,-0.517,-100.0,100.0,16,-1.0
0.3,1.0,0.8,7,10,1.25,31267,44.3,6.3,-6.3,-0.724,-100.0,100.0,16,-1.0
0.3,1.0,0.8,7,20,1.25,31267,44.3,6.3,-6.3,-0.724,-100.0,100.0,16,-1.0
0.3,1.0,0.8,7,30,1.25,31267,44.3,6.3,-6.3,-0.724,-100.0,100.0,16,-1.0
0.3,1.0,0.8,10,10,1.25,31267,44.3,9.0,-9.0,-1.035,-100.0,100.0,16,-1.0
0.3,1.0,0.8,10,20,1.25,31267,44.3,9.0,-9.0,-1.035,-100.0,100.0,16,-1.0
0.3,1.0,0.8,10,30,1.25,31267,44.3,9.0,-9.0,-1.035,-100.0,100.0,16,-1.0
0.3,1.0,1.0,3,20,1.0,27181,49.6,2.7,-3.3,-0.324,-100.0,100.0,13,-1.0
0.3,1.0,1.0,3,30,1.0,27181,49.6,2.7,-3.3,-0.324,-100.0,100.0,13,-1.0
0.3,1.0,1.0,5,10,1.0,27181,49.6,4.5,-5.5,-0.54,-100.0,100.0,13,-1.0
0.3,1.0,1.0,5,20,1.0,27181,49.6,4.5,-5.5,-0.54,-100.0,100.0,13,-1.0
0.3,1.0,1.0,5,30,1.0,27181,49.6,4.5,-5.5,-0.54,-100.0,100.0,13,-1.0
0.3,1.0,1.0,7,10,1.0,27181,49.6,6.3,-7.7,-0.756,-100.0,100.0,13,-1.0
0.3,1.0,1.0,7,20,1.0,27181,49.6,6.3,-7.7,-0.756,-100.0,100.0,13,-1.0
0.3,1.0,1.0,7,30,1.0,27181,49.6,6.3,-7.7,-0.756,-100.0,100.0,13,-1.0
0.3,1.5,0.5,10,10,3.0,32164,25.9,14.0,-6.0,-0.827,-100.0,100.0,27,-1.0
0.3,1.5,0.5,10,30,3.0,32164,25.9,14.0,-6.0,-0.827,-100.0,100.0,27,-1.0
0.3,2.0,1.0,3,30,2.0,16568,33.5,5.7,-3.3,-0.288,-100.0,100.0,21,-1.0
0.3,1.5,2.0,3,30,0.75,11826,56.7,4.2,-6.3,-0.342,-100.0,100.0,10,-1.0
0.3,1.5,2.0,5,30,0.75,11826,56.7,7.0,-10.5,-0.571,-100.0,100.0,10,-1.0
0.3,1.5,2.0,7,10,0.75,11826,56.7,9.8,-14.7,-0.799,-100.0,100.0,10,-1.0
0.3,1.5,2.0,7,20,0.75,11826,56.7,9.8,-14.7,-0.799,-100.0,100.0,10,-1.0
0.3,1.5,2.0,7,30,0.75,11826,56.7,9.8,-14.7,-0.799,-100.0,100.0,10,-1.0
0.3,1.5,2.0,10,10,0.75,11826,56.7,14.0,-21.0,-1.141,-100.0,100.0,10,-1.0
0.3,1.5,2.0,10,20,0.75,11826,56.7,14.0,-21.0,-1.141,-100.0,100.0,10,-1.0
0.3,1.5,2.0,10,30,0.75,11826,56.7,14.0,-21.0,-1.141,-100.0,100.0,10,-1.0
0.3,2.0,0.5,3,20,4.0,26817,21.0,5.7,-1.8,-0.228,-100.0,100.0,36,-1.0
0.3,2.0,0.5,3,30,4.0,26817,21.0,5.7,-1.8,-0.228,-100.0,100.0,36,-1.0
0.3,2.0,0.5,5,10,4.0,26817,21.0,9.5,-3.0,-0.38,-100.0,100.0,36,-1.0
0.3,2.0,0.5,5,20,4.0,26817,21.0,9.5,-3.0,-0.38,-100.0,100.0,36,-1.0
0.3,2.0,0.5,5,30,4.0,26817,21.0,9.5,-3.0,-0.38,-100.0,100.0,36,-1.0
0.3,2.0,0.5,7,10,4.0,26817,21.0,13.3,-4.2,-0.533,-100.0,100.0,36,-1.0
0.3,2.0,0.5,7,20,4.0,26817,21.0,13.3,-4.2,-0.533,-100.0,100.0,36,-1.0
0.3,2.0,0.5,7,30,4.0,26817,21.0,13.3,-4.2,-0.533,-100.0,100.0,36,-1.0
0.3,2.0,0.5,10,10,4.0,26817,21.0,19.0,-6.0,-0.761,-100.0,100.0,36,-1.0
0.3,2.0,0.5,10,20,4.0,26817,21.0,19.0,-6.0,-0.761,-100.0,100.0,36,-1.0
0.3,2.0,0.5,10,30,4.0,26817,21.0,19.0,-6.0,-0.761,-100.0,100.0,36,-1.0
0.3,2.0,0.8,3,20,2.5,19632,28.8,5.7,-2.7,-0.28,-100.0,100.0,29,-1.0
0.3,2.0,0.8,3,30,2.5,19632,28.8,5.7,-2.7,-0.28,-100.0,100.0,29,-1.0
0.3,2.0,0.8,5,20,2.5,19632,28.8,9.5,-4.5,-0.467,-100.0,100.0,29,-1.0
0.3,2.0,0.8,5,30,2.5,19632,28.8,9.5,-4.5,-0.467,-100.0,100.0,29,-1.0
0.3,2.0,0.8,7,10,2.5,19632,28.8,13.3,-6.3,-0.654,-100.0,100.0,29,-1.0
0.3,2.0,0.8,7,20,2.5,19632,28.8,13.3,-6.3,-0.654,-100.0,100.0,29,-1.0
0.3,2.0,0.8,7,30,2.5,19632,28.8,13.3,-6.3,-0.654,-100.0,100.0,29,-1.0
0.3,2.0,0.8,10,10,2.5,19632,28.8,19.0,-9.0,-0.935,-100.0,100.0,29,-1.0
0.3,2.0,0.8,10,20,2.5,19632,28.8,19.0,-9.0,-0.935,-100.0,100.0,29,-1.0
0.3,2.0,0.8,10,30,2.5,19632,28.8,19.0,-9.0,-0.935,-100.0,100.0,29,-1.0
0.3,2.0,1.0,3,20,2.0,16568,33.5,5.7,-3.3,-0.288,-100.0,100.0,21,-1.0
0.3,1.5,2.0,5,20,0.75,11826,56.7,7.0,-10.5,-0.571,-100.0,100.0,10,-1.0
0.3,1.5,1.5,10,30,1.0,15050,49.8,14.0,-16.0,-1.072,-100.0,100.0,12,-1.0
0.3,1.5,0.8,3,20,1.88,24149,34.8,4.2,-2.7,-0.297,-100.0,100.0,19,-1.0
0.3,1.5,1.5,10,20,1.0,15050,49.8,14.0,-16.0,-1.072,-100.0,100.0,12,-1.0
0.3,1.5,0.8,3,30,1.88,24149,34.8,4.2,-2.7,-0.297,-100.0,100.0,19,-1.0
0.3,1.5,0.8,5,10,1.88,24149,34.8,7.0,-4.5,-0.496,-100.0,100.0,19,-1.0
0.3,1.5,0.8,5,20,1.88,24149,34.8,7.0,-4.5,-0.496,-100.0,100.0,19,-1.0
0.3,1.5,0.8,5,30,1.88,24149,34.8,7.0,-4.5,-0.496,-100.0,100.0,19,-1.0
0.3,1.5,0.8,7,10,1.88,24149,34.8,9.8,-6.3,-0.694,-100.0,100.0,19,-1.0
0.3,1.5,0.8,7,20,1.88,24149,34.8,9.8,-6.3,-0.694,-100.0,100.0,19,-1.0
0.3,1.5,0.8,7,30,1.88,24149,34.8,9.8,-6.3,-0.694,-100.0,100.0,19,-1.0
0.3,1.5,0.8,10,10,1.88,24149,34.8,14.0,-9.0,-0.991,-100.0,100.0,19,-1.0
0.3,1.5,0.8,10,20,1.88,24149,34.8,14.0,-9.0,-0.991,-100.0,100.0,19,-1.0
0.3,1.5,0.8,10,30,1.88,24149,34.8,14.0,-9.0,-0.991,-100.0,100.0,19,-1.0
0.3,1.5,1.0,3,20,1.5,20560,39.9,4.2,-3.3,-0.304,-100.0,100.0,14,-1.0
0.3,1.5,1.0,3,30,1.5,20560,39.9,4.2,-3.3,-0.304,-100.0,100.0,14,-1.0
0.3,1.5,1.0,5,10,1.5,20560,39.9,7.0,-5.5,-0.507,-100.0,100.0,14,-1.0
0.3,1.5,1.0,5,20,1.5,20560,39.9,7.0,-5.5,-0.507,-100.0,100.0,14,-1.0
0.3,1.5,1.0,5,30,1.5,20560,39.9,7.0,-5.5,-0.507,-100.0,100.0,14,-1.0
0.3,1.5,1.0,7,10,1.5,20560,39.9,9.8,-7.7,-0.71,-100.0,100.0,14,-1.0
0.3,1.5,1.0,7,20,1.5,20560,39.9,9.8,-7.7,-0.71,-100.0,100.0,14,-1.0
0.3,1.5,1.0,7,30,1.5,20560,39.9,9.8,-7.7,-0.71,-100.0,100.0,14,-1.0
0.3,1.5,1.0,10,10,1.5,20560,39.9,14.0,-11.0,-1.015,-100.0,100.0,14,-1.0
0.3,1.5,1.0,10,20,1.5,20560,39.9,14.0,-11.0,-1.015,-100.0,100.0,14,-1.0
0.3,1.5,1.0,10,30,1.5,20560,39.9,14.0,-11.0,-1.015,-100.0,100.0,14,-1.0
0.3,1.5,1.5,3,20,1.0,15050,49.8,4.2,-4.8,-0.322,-100.0,100.0,12,-1.0
0.3,1.5,1.5,3,30,1.0,15050,49.8,4.2,-4.8,-0.322,-100.0,100.0,12,-1.0
0.3,1.5,1.5,5,20,1.0,15050,49.8,7.0,-8.0,-0.536,-100.0,100.0,12,-1.0
0.3,1.5,1.5,5,30,1.0,15050,49.8,7.0,-8.0,-0.536,-100.0,100.0,12,-1.0
0.3,1.5,1.5,7,10,1.0,15050,49.8,9.8,-11.2,-0.75,-100.0,100.0,12,-1.0
0.3,1.5,1.5,7,20,1.0,15050,49.8,9.8,-11.2,-0.75,-100.0,100.0,12,-1.0
0.3,1.5,1.5,7,30,1.0,15050,49.8,9.8,-11.2,-0.75,-100.0,100.0,12,-1.0
0.3,1.5,1.5,10,10,1.0,15050,49.8,14.0,-16.0,-1.072,-100.0,100.0,12,-1.0
0.3,3.0,1.0,5,30,3.0,12027,25.0,14.5,-5.5,-0.493,-100.0,100.0,22,-1.0
0.5,1.5,1.0,10,10,1.5,14269,40.3,14.0,-11.0,-0.934,-100.0,100.0,22,-1.0
0.3,3.0,1.0,7,20,3.0,12027,25.0,20.3,-7.7,-0.69,-100.0,100.0,22,-1.0
0.8,1.5,1.0,10,30,1.5,6519,41.2,14.0,-11.0,-0.711,-100.0,100.0,14,-1.0
0.8,2.0,0.8,7,30,2.5,6436,29.5,13.3,-6.3,-0.517,-100.0,100.0,22,-1.0
0.5,2.0,0.8,10,10,2.5,13801,29.3,19.0,-9.0,-0.795,-100.0,100.0,25,-1.0
0.5,2.0,0.8,10,20,2.5,13801,29.3,19.0,-9.0,-0.795,-100.0,100.0,25,-1.0
0.5,2.0,0.8,10,30,2.5,13801,29.3,19.0,-9.0,-0.795,-100.0,100.0,25,-1.0
0.3,1.0,0.5,3,20,2.0,40391,34.0,2.7,-1.8,-0.27,-100.0,100.0,21,-1.0
0.8,1.5,2.0,10,30,0.75,5192,57.8,14.0,-21.0,-0.783,-100.0,100.0,9,-1.0
0.8,1.5,2.0,10,20,0.75,5192,57.8,14.0,-21.0,-0.783,-100.0,100.0,9,-1.0
0.8,1.5,2.0,7,30,0.75,5192,57.8,9.8,-14.7,-0.548,-100.0,100.0,9,-1.0
0.8,1.5,1.5,10,30,1.0,5758,51.3,14.0,-16.0,-0.625,-100.0,100.0,10,-1.0
0.8,1.5,1.5,7,30,1.0,5758,51.3,9.8,-11.2,-0.437,-100.0,100.0,10,-1.0
0.5,2.0,1.0,3,30,2.0,12296,33.9,5.7,-3.3,-0.253,-100.0,100.0,22,-1.0
0.8,1.5,1.0,10,20,1.5,6519,41.2,14.0,-11.0,-0.711,-100.0,100.0,14,-1.0
0.8,2.0,0.8,10,30,2.5,6436,29.5,19.0,-9.0,-0.738,-100.0,100.0,22,-1.0
0.8,1.5,1.0,7,30,1.5,6519,41.2,9.8,-7.7,-0.498,-100.0,100.0,14,-1.0
0.8,1.5,0.8,10,30,1.88,6885,36.1,14.0,-9.0,-0.692,-100.0,100.0,22,-1.0
0.8,1.5,0.8,10,20,1.88,6885,36.1,14.0,-9.0,-0.692,-100.0,100.0,22,-1.0
0.8,1.5,0.8,7,30,1.88,6885,36.1,9.8,-6.3,-0.484,-100.0,100.0,22,-1.0
0.5,2.0,1.0,5,20,2.0,12296,33.9,9.5,-5.5,-0.422,-100.0,100.0,22,-1.0
0.8,1.5,0.5,10,30,3.0,7447,28.1,14.0,-6.0,-0.39,-100.0,100.0,25,-1.0
0.5,2.0,1.0,5,30,2.0,12296,33.9,9.5,-5.5,-0.422,-100.0,100.0,22,-1.0
0.8,1.0,2.0,10,30,0.5,5902,66.3,9.0,-21.0,-1.1,-100.0,100.0,6,-1.0
0.8,1.0,2.0,10,20,0.5,5902,66.3,9.0,-21.0,-1.1,-100.0,100.0,6,-1.0
0.8,1.0,2.0,7,30,0.5,5902,66.3,6.3,-14.7,-0.77,-100.0,100.0,6,-1.0
0.8,1.0,2.0,7,20,0.5,5902,66.3,6.3,-14.7,-0.77,-100.0,100.0,6,-1.0
0.8,2.0,0.8,10,20,2.5,6436,29.5,19.0,-9.0,-0.738,-100.0,100.0,22,-1.0
0.5,2.0,0.8,7,30,2.5,13801,29.3,13.3,-6.3,-0.557,-100.0,100.0,25,-1.0
0.3,3.0,1.0,7,30,3.0,12027,25.0,20.3,-7.7,-0.69,-100.0,100.0,22,-1.0
0.5,2.0,0.5,10,20,4.0,16958,21.1,19.0,-6.0,-0.736,-100.0,100.0,33,-1.0
0.8,3.0,2.0,10,30,1.5,3903,41.0,29.0,-21.0,-0.49,-100.0,100.0,15,-1.0
0.5,2.0,0.5,3,30,4.0,16958,21.1,5.7,-1.8,-0.221,-100.0,100.0,33,-1.0
0.5,2.0,0.5,5,20,4.0,16958,21.1,9.5,-3.0,-0.368,-100.0,100.0,33,-1.0
0.8,3.0,1.5,10,30,2.0,4464,34.6,29.0,-16.0,-0.446,-100.0,100.0,16,-1.0
0.5,2.0,0.5,5,30,4.0,16958,21.1,9.5,-3.0,-0.368,-100.0,100.0,33,-1.0
0.5,2.0,0.5,7,20,4.0,16958,21.1,13.3,-4.2,-0.515,-100.0,100.0,33,-1.0
0.8,3.0,1.0,10,30,3.0,5291,26.1,29.0,-11.0,-0.567,-100.0,100.0,20,-1.0
0.5,2.0,0.5,7,30,4.0,16958,21.1,13.3,-4.2,-0.515,-100.0,100.0,33,-1.0
0.5,2.0,0.5,10,10,4.0,16958,21.1,19.0,-6.0,-0.736,-100.0,100.0,33,-1.0
0.8,3.0,0.8,10,30,3.75,5719,22.1,29.0,-9.0,-0.601,-100.0,100.0,29,-1.0
0.8,3.0,0.8,7,30,3.75,5719,22.1,20.3,-6.3,-0.421,-100.0,100.0,29,-1.0
0.5,2.0,0.5,10,30,4.0,16958,21.1,19.0,-6.0,-0.736,-100.0,100.0,33,-1.0
0.8,2.0,1.0,7,30,2.0,6056,34.4,13.3,-7.7,-0.47,-100.0,100.0,15,-1.0
0.5,2.0,0.8,3,30,2.5,13801,29.3,5.7,-2.7,-0.239,-100.0,100.0,25,-1.0
0.5,2.0,0.8,5,20,2.5,13801,29.3,9.5,-4.5,-0.398,-100.0,100.0,25,-1.0
0.5,2.0,0.8,5,30,2.5,13801,29.3,9.5,-4.5,-0.398,-100.0,100.0,25,-1.0
0.8,2.0,2.0,10,30,1.0,4649,50.6,19.0,-21.0,-0.755,-100.0,100.0,10,-1.0
0.8,2.0,2.0,10,20,1.0,4649,50.6,19.0,-21.0,-0.755,-100.0,100.0,10,-1.0
0.8,2.0,2.0,7,30,1.0,4649,50.6,13.3,-14.7,-0.528,-100.0,100.0,10,-1.0
0.8,2.0,1.5,10,30,1.33,5248,44.0,19.0,-16.0,-0.601,-100.0,100.0,11,-1.0
0.8,2.0,1.5,7,30,1.33,5248,44.0,13.3,-11.2,-0.421,-100.0,100.0,11,-1.0
0.5,2.0,0.8,7,20,2.5,13801,29.3,13.3,-6.3,-0.557,-100.0,100.0,25,-1.0
0.8,2.0,1.0,10,30,2.0,6056,34.4,19.0,-11.0,-0.671,-100.0,100.0,15,-1.0
0.8,2.0,1.0,10,20,2.0,6056,34.4,19.0,-11.0,-0.671,-100.0,100.0,15,-1.0
0.8,1.0,2.0,5,30,0.5,5902,66.3,4.5,-10.5,-0.55,-100.0,100.0,6,-1.0
0.8,1.0,1.5,10,30,0.67,6403,60.1,9.0,-16.0,-0.964,-100.0,100.0,8,-1.0
0.8,1.0,1.5,10,20,0.67,6403,60.1,9.0,-16.0,-0.964,-100.0,100.0,8,-1.0
0.5,3.0,0.5,5,30,6.0,14191,15.2,14.5,-3.0,-0.331,-100.0,100.0,44,-1.0
0.5,3.0,1.0,5,30,3.0,9647,25.4,14.5,-5.5,-0.419,-100.0,100.0,25,-1.0
0.5,3.0,0.8,10,30,3.75,11037,21.7,29.0,-9.0,-0.771,-100.0,100.0,32,-1.0
0.5,3.0,0.8,10,20,3.75,11037,21.7,29.0,-9.0,-0.771,-100.0,100.0,32,-1.0
0.5,3.0,0.8,7,30,3.75,11037,21.7,20.3,-6.3,-0.54,-100.0,100.0,32,-1.0
0.5,3.0,0.8,7,20,3.75,11037,21.7,20.3,-6.3,-0.54,-100.0,100.0,32,-1.0
0.5,3.0,0.8,5,30,3.75,11037,21.7,14.5,-4.5,-0.386,-100.0,100.0,32,-1.0
0.5,3.0,0.5,10,30,6.0,14191,15.2,29.0,-6.0,-0.663,-100.0,100.0,44,-1.0
0.5,3.0,0.5,10,20,6.0,14191,15.2,29.0,-6.0,-0.663,-100.0,100.0,44,-1.0
0.5,3.0,0.5,10,10,6.0,14191,15.2,29.0,-6.0,-0.663,-100.0,100.0,44,-1.0
0.5,3.0,0.5,7,30,6.0,14191,15.2,20.3,-4.2,-0.464,-100.0,100.0,44,-1.0
0.5,3.0,0.5,7,20,6.0,14191,15.2,20.3,-4.2,-0.464,-100.0,100.0,44,-1.0
0.5,3.0,0.5,5,20,6.0,14191,15.2,14.5,-3.0,-0.331,-100.0,100.0,44,-1.0
0.8,1.0,1.5,7,30,0.67,6403,60.1,6.3,-11.2,-0.675,-100.0,100.0,8,-1.0
0.5,2.0,2.0,10,30,1.0,7868,50.4,19.0,-21.0,-0.842,-100.0,100.0,11,-1.0
0.5,2.0,2.0,10,20,1.0,7868,50.4,19.0,-21.0,-0.842,-100.0,100.0,11,-1.0
0.5,2.0,2.0,7,30,1.0,7868,50.4,13.3,-14.7,-0.59,-100.0,100.0,11,-1.0
0.5,2.0,2.0,7,20,1.0,7868,50.4,13.3,-14.7,-0.59,-100.0,100.0,11,-1.0
0.5,2.0,2.0,5,30,1.0,7868,50.4,9.5,-10.5,-0.421,-100.0,100.0,11,-1.0
0.5,2.0,1.5,10,30,1.33,9540,43.2,19.0,-16.0,-0.863,-100.0,100.0,16,-1.0
0.5,2.0,1.5,10,20,1.33,9540,43.2,19.0,-16.0,-0.863,-100.0,100.0,16,-1.0
0.5,2.0,1.5,7,30,1.33,9540,43.2,13.3,-11.2,-0.604,-100.0,100.0,16,-1.0
0.5,2.0,1.5,7,20,1.33,9540,43.2,13.3,-11.2,-0.604,-100.0,100.0,16,-1.0
0.5,2.0,1.5,5,30,1.33,9540,43.2,9.5,-8.0,-0.431,-100.0,100.0,16,-1.0
0.5,2.0,1.0,10,30,2.0,12296,33.9,19.0,-11.0,-0.843,-100.0,100.0,22,-1.0
0.5,3.0,1.0,7,20,3.0,9647,25.4,20.3,-7.7,-0.586,-100.0,100.0,25,-1.0
0.5,3.0,1.0,7,30,3.0,9647,25.4,20.3,-7.7,-0.586,-100.0,100.0,25,-1.0
0.5,3.0,1.0,10,20,3.0,9647,25.4,29.0,-11.0,-0.837,-100.0,100.0,25,-1.0
0.5,3.0,1.0,10,30,3.0,9647,25.4,29.0,-11.0,-0.837,-100.0,100.0,25,-1.0
0.8,1.0,1.5,5,30,0.67,6403,60.1,4.5,-8.0,-0.482,-100.0,100.0,8,-1.0
0.8,1.0,1.0,10,30,1.0,7079,50.3,9.0,-11.0,-0.948,-100.0,100.0,12,-1.0
0.8,1.0,1.0,10,20,1.0,7079,50.3,9.0,-11.0,-0.948,-100.0,100.0,12,-1.0
0.8,1.0,1.0,7,30,1.0,7079,50.3,6.3,-7.7,-0.663,-100.0,100.0,12,-1.0
0.8,1.0,1.0,7,20,1.0,7079,50.3,6.3,-7.7,-0.663,-100.0,100.0,12,-1.0
0.8,1.0,1.0,5,30,1.0,7079,50.3,4.5,-5.5,-0.474,-100.0,100.0,12,-1.0
0.8,1.0,0.8,10,30,1.25,7401,45.0,9.0,-9.0,-0.899,-100.0,100.0,13,-1.0
0.8,1.0,0.8,10,20,1.25,7401,45.0,9.0,-9.0,-0.899,-100.0,100.0,13,-1.0
0.8,1.0,0.8,7,30,1.25,7401,45.0,6.3,-6.3,-0.629,-100.0,100.0,13,-1.0
0.8,1.0,0.8,5,30,1.25,7401,45.0,4.5,-4.5,-0.449,-100.0,100.0,13,-1.0
0.8,1.0,0.5,10,30,2.0,7851,36.4,9.0,-6.0,-0.536,-100.0,100.0,17,-1.0
0.5,2.0,1.0,7,20,2.0,12296,33.9,13.3,-7.7,-0.59,-100.0,100.0,22,-1.0
0.5,3.0,2.0,10,30,1.5,5851,40.4,29.0,-21.0,-0.807,-100.0,100.0,15,-1.0
0.5,3.0,2.0,10,20,1.5,5851,40.4,29.0,-21.0,-0.807,-100.0,100.0,15,-1.0
0.5,3.0,2.0,7,30,1.5,5851,40.4,20.3,-14.7,-0.565,-100.0,100.0,15,-1.0
0.5,3.0,2.0,7,20,1.5,5851,40.4,20.3,-14.7,-0.565,-100.0,100.0,15,-1.0
0.5,3.0,2.0,5,30,1.5,5851,40.4,14.5,-10.5,-0.403,-100.0,100.0,15,-1.0
0.5,2.0,1.0,7,30,2.0,12296,33.9,13.3,-7.7,-0.59,-100.0,100.0,22,-1.0
0.5,3.0,1.5,10,30,2.0,7265,33.5,29.0,-16.0,-0.905,-100.0,100.0,21,-1.0
0.5,3.0,1.5,10,20,2.0,7265,33.5,29.0,-16.0,-0.905,-100.0,100.0,21,-1.0
0.5,3.0,1.5,7,30,2.0,7265,33.5,20.3,-11.2,-0.634,-100.0,100.0,21,-1.0
0.5,3.0,1.5,7,20,2.0,7265,33.5,20.3,-11.2,-0.634,-100.0,100.0,21,-1.0
0.5,3.0,1.5,5,30,2.0,7265,33.5,14.5,-8.0,-0.453,-100.0,100.0,21,-1.0
0.5,1.5,2.0,10,30,0.75,9502,57.3,14.0,-21.0,-0.951,-100.0,100.0,10,-1.0
0.5,1.5,2.0,10,20,0.75,9502,57.3,14.0,-21.0,-0.951,-100.0,100.0,10,-1.0
0.5,1.5,2.0,10,10,0.75,9502,57.3,14.0,-21.0,-0.951,-100.0,100.0,10,-1.0
0.5,1.0,1.0,5,20,1.0,16904,49.4,4.5,-5.5,-0.557,-100.0,100.0,14,-1.0
0.5,1.0,0.8,3,30,1.25,18422,44.3,2.7,-2.7,-0.306,-100.0,100.0,14,-1.0
0.5,1.0,0.8,5,20,1.25,18422,44.3,4.5,-4.5,-0.51,-100.0,100.0,14,-1.0
0.5,1.0,0.8,5,30,1.25,18422,44.3,4.5,-4.5,-0.51,-100.0,100.0,14,-1.0
0.5,1.0,0.8,7,10,1.25,18422,44.3,6.3,-6.3,-0.714,-100.0,100.0,14,-1.0
0.5,1.0,0.8,7,20,1.25,18422,44.3,6.3,-6.3,-0.714,-100.0,100.0,14,-1.0
0.5,1.0,0.8,7,30,1.25,18422,44.3,6.3,-6.3,-0.714,-100.0,100.0,14,-1.0
0.5,1.0,0.8,10,10,1.25,18422,44.3,9.0,-9.0,-1.02,-100.0,100.0,14,-1.0
0.5,1.0,0.8,10,20,1.25,18422,44.3,9.0,-9.0,-1.02,-100.0,100.0,14,-1.0
0.5,1.0,0.8,10,30,1.25,18422,44.3,9.0,-9.0,-1.02,-100.0,100.0,14,-1.0
0.5,1.0,1.0,3,20,1.0,16904,49.4,2.7,-3.3,-0.334,-100.0,100.0,14,-1.0
0.5,1.0,1.0,3,30,1.0,16904,49.4,2.7,-3.3,-0.334,-100.0,100.0,14,-1.0
0.5,1.0,1.0,5,30,1.0,16904,49.4,4.5,-5.5,-0.557,-100.0,100.0,14,-1.0
0.5,1.0,1.5,7,30,0.67,13931,59.4,6.3,-11.2,-0.801,-100.0,100.0,9,-1.0
0.5,1.0,1.0,7,10,1.0,16904,49.4,6.3,-7.7,-0.78,-100.0,100.0,14,-1.0
0.5,1.0,1.0,7,20,1.0,16904,49.4,6.3,-7.7,-0.78,-100.0,100.0,14,-1.0
0.5,1.0,1.0,7,30,1.0,16904,49.4,6.3,-7.7,-0.78,-100.0,100.0,14,-1.0
0.5,1.0,1.0,10,10,1.0,16904,49.4,9.0,-11.0,-1.114,-100.0,100.0,14,-1.0
0.5,1.0,1.0,10,20,1.0,16904,49.4,9.0,-11.0,-1.114,-100.0,100.0,14,-1.0
0.5,1.0,1.0,10,30,1.0,16904,49.4,9.0,-11.0,-1.114,-100.0,100.0,14,-1.0
0.5,1.0,1.5,3,20,0.67,13931,59.4,2.7,-4.8,-0.343,-100.0,100.0,9,-1.0
0.5,1.0,1.5,3,30,0.67,13931,59.4,2.7,-4.8,-0.343,-100.0,100.0,9,-1.0
0.5,1.0,1.5,5,20,0.67,13931,59.4,4.5,-8.0,-0.572,-100.0,100.0,9,-1.0
0.5,1.0,1.5,5,30,0.67,13931,59.4,4.5,-8.0,-0.572,-100.0,100.0,9,-1.0
0.5,1.0,1.5,7,10,0.67,13931,59.4,6.3,-11.2,-0.801,-100.0,100.0,9,-1.0
0.5,1.0,0.8,3,20,1.25,18422,44.3,2.7,-2.7,-0.306,-100.0,100.0,14,-1.0
0.5,1.0,0.5,10,30,2.0,21328,34.2,9.0,-6.0,-0.868,-100.0,100.0,19,-1.0
0.5,1.0,0.5,10,20,2.0,21328,34.2,9.0,-6.0,-0.868,-100.0,100.0,19,-1.0
0.5,1.0,0.5,10,10,2.0,21328,34.2,9.0,-6.0,-0.868,-100.0,100.0,19,-1.0
0.3,3.0,1.0,10,10,3.0,12027,25.0,29.0,-11.0,-0.986,-100.0,100.0,22,-1.0
0.3,3.0,1.0,10,20,3.0,12027,25.0,29.0,-11.0,-0.986,-100.0,100.0,22,-1.0
0.3,3.0,1.0,10,30,3.0,12027,25.0,29.0,-11.0,-0.986,-100.0,100.0,22,-1.0
0.3,3.0,1.5,5,20,2.0,8468,33.4,14.5,-8.0,-0.483,-100.0,100.0,20,-1.0
0.3,3.0,1.5,5,30,2.0,8468,33.4,14.5,-8.0,-0.483,-100.0,100.0,20,-1.0
0.3,3.0,1.5,7,20,2.0,8468,33.4,20.3,-11.2,-0.676,-100.0,100.0,20,-1.0
0.3,3.0,1.5,7,30,2.0,8468,33.4,20.3,-11.2,-0.676,-100.0,100.0,20,-1.0
0.3,3.0,1.5,10,10,2.0,8468,33.4,29.0,-16.0,-0.966,-100.0,100.0,20,-1.0
0.3,3.0,1.5,10,20,2.0,8468,33.4,29.0,-16.0,-0.966,-100.0,100.0,20,-1.0
0.3,3.0,1.5,10,30,2.0,8468,33.4,29.0,-16.0,-0.966,-100.0,100.0,20,-1.0
1.0,3.0,2.0,10,30,1.5,2740,40.3,29.0,-21.0,-0.854,-100.0,100.0,13,-1.0
0.3,3.0,2.0,5,30,1.5,6545,40.0,14.5,-10.5,-0.489,-100.0,100.0,14,-1.0
0.3,3.0,2.0,7,20,1.5,6545,40.0,20.3,-14.7,-0.684,-100.0,100.0,14,-1.0
0.3,3.0,2.0,7,30,1.5,6545,40.0,20.3,-14.7,-0.684,-100.0,100.0,14,-1.0
0.3,3.0,2.0,10,20,1.5,6545,40.0,29.0,-21.0,-0.977,-100.0,100.0,14,-1.0
0.3,3.0,2.0,10,30,1.5,6545,40.0,29.0,-21.0,-0.977,-100.0,100.0,14,-1.0
0.5,1.0,0.5,3,20,2.0,21328,34.2,2.7,-1.8,-0.26,-100.0,100.0,19,-1.0
0.5,1.0,0.5,3,30,2.0,21328,34.2,2.7,-1.8,-0.26,-100.0,100.0,19,-1.0
0.5,1.0,0.5,5,20,2.0,21328,34.2,4.5,-3.0,-0.434,-100.0,100.0,19,-1.0
0.5,1.0,0.5,5,30,2.0,21328,34.2,4.5,-3.0,-0.434,-100.0,100.0,19,-1.0
0.5,1.0,0.5,7,10,2.0,21328,34.2,6.3,-4.2,-0.608,-100.0,100.0,19,-1.0
0.5,1.0,0.5,7,20,2.0,21328,34.2,6.3,-4.2,-0.608,-100.0,100.0,19,-1.0
0.5,1.0,0.5,7,30,2.0,21328,34.2,6.3,-4.2,-0.608,-100.0,100.0,19,-1.0
0.5,1.0,1.5,7,20,0.67,13931,59.4,6.3,-11.2,-0.801,-100.0,100.0,9,-1.0
0.5,1.0,1.5,10,10,0.67,13931,59.4,9.0,-16.0,-1.145,-100.0,100.0,9,-1.0
0.5,1.5,2.0,7,30,0.75,9502,57.3,9.8,-14.7,-0.666,-100.0,100.0,10,-1.0
0.5,1.5,1.5,5,20,1.0,11382,50.0,7.0,-8.0,-0.495,-100.0,100.0,16,-1.0
0.5,1.5,0.8,10,20,1.88,15817,35.2,14.0,-9.0,-0.893,-100.0,100.0,22,-1.0
0.5,1.5,0.8,10,30,1.88,15817,35.2,14.0,-9.0,-0.893,-100.0,100.0,22,-1.0
0.5,1.5,1.0,3,30,1.5,14269,40.3,4.2,-3.3,-0.28,-100.0,100.0,22,-1.0
0.5,1.5,1.0,5,20,1.5,14269,40.3,7.0,-5.5,-0.467,-100.0,100.0,22,-1.0
0.5,1.5,1.0,5,30,1.5,14269,40.3,7.0,-5.5,-0.467,-100.0,100.0,22,-1.0
0.5,1.5,1.0,7,20,1.5,14269,40.3,9.8,-7.7,-0.654,-100.0,100.0,22,-1.0
0.5,1.5,1.0,7,30,1.5,14269,40.3,9.8,-7.7,-0.654,-100.0,100.0,22,-1.0
0.5,2.0,1.0,10,20,2.0,12296,33.9,19.0,-11.0,-0.843,-100.0,100.0,22,-1.0
0.5,1.5,1.0,10,20,1.5,14269,40.3,14.0,-11.0,-0.934,-100.0,100.0,22,-1.0
0.5,1.5,1.0,10,30,1.5,14269,40.3,14.0,-11.0,-0.934,-100.0,100.0,22,-1.0
0.5,1.5,1.5,3,30,1.0,11382,50.0,4.2,-4.8,-0.297,-100.0,100.0,16,-1.0
0.5,1.5,1.5,5,30,1.0,11382,50.0,7.0,-8.0,-0.495,-100.0,100.0,16,-1.0
0.5,1.0,1.5,10,20,0.67,13931,59.4,9.0,-16.0,-1.145,-100.0,100.0,9,-1.0
0.5,1.5,1.5,7,20,1.0,11382,50.0,9.8,-11.2,-0.693,-100.0,100.0,16,-1.0
0.5,1.5,1.5,7,30,1.0,11382,50.0,9.8,-11.2,-0.693,-100.0,100.0,16,-1.0
0.5,1.5,1.5,10,10,1.0,11382,50.0,14.0,-16.0,-0.989,-100.0,100.0,16,-1.0
0.5,1.5,1.5,10,20,1.0,11382,50.0,14.0,-16.0,-0.989,-100.0,100.0,16,-1.0
0.5,1.5,1.5,10,30,1.0,11382,50.0,14.0,-16.0,-0.989,-100.0,100.0,16,-1.0
1.0,1.0,2.0,10,30,0.5,3738,66.7,9.0,-21.0,-0.976,-100.0,100.0,6,-1.0
1.0,1.0,1.5,10,30,0.67,3963,61.1,9.0,-16.0,-0.734,-100.0,100.0,11,-1.0
1.0,1.0,1.0,10,30,1.0,4222,51.5,9.0,-11.0,-0.692,-100.0,100.0,12,-1.0
0.5,1.5,2.0,5,20,0.75,9502,57.3,7.0,-10.5,-0.476,-100.0,100.0,10,-1.0
0.5,1.5,2.0,5,30,0.75,9502,57.3,7.0,-10.5,-0.476,-100.0,100.0,10,-1.0
0.5,1.5,2.0,7,20,0.75,9502,57.3,9.8,-14.7,-0.666,-100.0,100.0,10,-1.0
0.5,1.5,0.8,10,10,1.88,15817,35.2,14.0,-9.0,-0.893,-100.0,100.0,22,-1.0
0.5,1.5,0.8,7,30,1.88,15817,35.2,9.8,-6.3,-0.625,-100.0,100.0,22,-1.0
0.5,1.5,0.8,7,20,1.88,15817,35.2,9.8,-6.3,-0.625,-100.0,100.0,22,-1.0
0.5,1.5,0.8,7,10,1.88,15817,35.2,9.8,-6.3,-0.625,-100.0,100.0,22,-1.0
0.5,1.0,1.5,10,30,0.67,13931,59.4,9.0,-16.0,-1.145,-100.0,100.0,9,-1.0
0.5,1.0,2.0,3,30,0.5,11945,66.2,2.7,-6.3,-0.345,-100.0,100.0,10,-1.0
0.5,1.0,2.0,5,20,0.5,11945,66.2,4.5,-10.5,-0.575,-100.0,100.0,10,-1.0
0.5,1.0,2.0,5,30,0.5,11945,66.2,4.5,-10.5,-0.575,-100.0,100.0,10,-1.0
0.5,1.0,2.0,7,10,0.5,11945,66.2,6.3,-14.7,-0.804,-100.0,100.0,10,-1.0
0.5,1.0,2.0,7,20,0.5,11945,66.2,6.3,-14.7,-0.804,-100.0,100.0,10,-1.0
0.5,1.0,2.0,7,30,0.5,11945,66.2,6.3,-14.7,-0.804,-100.0,100.0,10,-1.0
0.5,1.0,2.0,10,10,0.5,11945,66.2,9.0,-21.0,-1.149,-100.0,100.0,10,-1.0
0.5,1.0,2.0,10,20,0.5,11945,66.2,9.0,-21.0,-1.149,-100.0,100.0,10,-1.0
0.5,1.0,2.0,10,30,0.5,11945,66.2,9.0,-21.0,-1.149,-100.0,100.0,10,-1.0
0.5,1.5,0.5,3,30,3.0,18931,26.1,4.2,-1.8,-0.231,-100.0,100.0,31,-1.0
0.5,1.5,0.5,5,20,3.0,18931,26.1,7.0,-3.0,-0.386,-100.0,100.0,31,-1.0
0.5,1.5,0.5,5,30,3.0,18931,26.1,7.0,-3.0,-0.386,-100.0,100.0,31,-1.0
0.5,1.5,0.5,7,10,3.0,18931,26.1,9.8,-4.2,-0.54,-100.0,100.0,31,-1.0
0.5,1.5,0.5,7,20,3.0,18931,26.1,9.8,-4.2,-0.54,-100.0,100.0,31,-1.0
0.5,1.5,0.5,7,30,3.0,18931,26.1,9.8,-4.2,-0.54,-100.0,100.0,31,-1.0
0.5,1.5,0.5,10,10,3.0,18931,26.1,14.0,-6.0,-0.772,-100.0,100.0,31,-1.0
0.5,1.5,0.5,10,20,3.0,18931,26.1,14.0,-6.0,-0.772,-100.0,100.0,31,-1.0
0.5,1.5,0.5,10,30,3.0,18931,26.1,14.0,-6.0,-0.772,-100.0,100.0,31,-1.0
0.5,1.5,0.8,3,30,1.88,15817,35.2,4.2,-2.7,-0.268,-100.0,100.0,22,-1.0
1.0,1.5,2.0,10,30,0.75,3387,58.0,14.0,-21.0,-0.684,-100.0,100.0,10,-1.0
0.5,1.5,0.8,5,20,1.88,15817,35.2,7.0,-4.5,-0.447,-100.0,100.0,22,-1.0
0.5,1.5,0.8,5,30,1.88,15817,35.2,7.0,-4.5,-0.447,-100.0,100.0,22,-1.0
0.3,1.0,0.5,3,10,2.0,40391,34.0,2.7,-1.8,-0.27,-100.0,100.0,21,-1.0
