entry_pct,tp_pct,sl_capital,sl_price_pct,leverage,pos_ratio,trades,win_rate,return_pct,max_drawdown,sharpe
1.0,1.0,1.0,0.2,5,0.3,1171,33.3,450.49,11.98,37.6
1.0,2.0,1.0,0.2,5,0.3,1137,18.3,422.54,21.57,19.59
1.0,3.0,1.0,0.2,5,0.3,1107,12.6,394.5,24.68,15.99
1.0,5.0,1.0,0.2,5,0.3,1072,7.7,315.69,27.48,11.49
1.0,2.0,1.0,0.25,4,0.3,1128,19.8,237.72,19.06,12.47
1.0,1.0,1.0,0.25,4,0.3,1163,34.9,223.47,12.38,18.05
1.0,1.0,1.0,0.2,5,0.2,1171,33.3,214.76,8.14,26.39
1.0,2.0,1.0,0.2,5,0.2,1137,18.3,207.29,14.76,14.05
1.0,3.0,1.0,0.2,5,0.2,1107,12.6,199.16,17.15,11.62
1.5,2.0,1.0,0.2,5,0.3,380,22.6,197.41,8.21,24.05
1.5,5.0,1.0,0.2,5,0.3,370,9.7,184.66,20.96,8.81
1.5,3.0,3.0,0.6,5,0.3,362,25.1,175.54,19.76,8.88
2.0,5.0,1.0,0.2,5,0.3,177,13.6,174.98,6.61,26.47
1.0,3.0,1.0,0.25,4,0.3,1095,13.3,171.58,23.53,7.29
1.0,5.0,1.0,0.2,5,0.2,1072,7.7,171.3,19.08,8.98
1.5,3.0,1.0,0.2,5,0.3,376,15.2,168.48,9.51,17.71
1.5,2.0,3.0,0.6,5,0.3,368,34.2,167.94,16.2,10.37
2.0,3.0,1.0,0.2,5,0.3,181,21.0,164.45,4.84,33.99
1.5,2.0,1.0,0.25,4,0.3,379,25.1,157.46,6.82,23.09
1.0,1.0,2.0,0.4,5,0.3,1153,39.8,153.23,27.32,5.61
1.5,5.0,3.0,0.6,5,0.3,354,16.1,147.7,32.06,4.61
1.5,2.0,5.0,1.0,5,0.3,360,42.8,145.86,20.24,7.21
2.0,2.0,1.0,0.2,5,0.3,184,28.8,145.46,5.17,28.14
1.5,2.0,2.0,0.4,5,0.3,374,27.5,134.81,12.43,10.85
2.0,2.0,2.0,0.4,5,0.3,182,34.1,131.26,9.57,13.72
1.5,2.0,10.0,2.0,5,0.3,340,57.4,131.22,24.43,5.37
1.0,2.0,1.0,0.25,4,0.2,1128,19.8,128.35,12.99,9.88
2.0,5.0,2.0,0.4,5,0.3,172,15.7,127.7,10.74,11.89
1.5,2.0,2.0,0.5,4,0.3,371,31.5,122.92,10.81,11.37
2.0,5.0,1.0,0.25,4,0.3,175,14.3,121.8,6.73,18.09
2.0,2.0,3.0,0.6,5,0.3,181,38.7,121.43,14.1,8.61
1.0,1.0,1.0,0.25,4,0.2,1163,34.9,120.19,8.41,14.3
1.0,2.0,2.0,0.4,5,0.3,1107,23.1,119.51,40.7,2.94
2.0,1.0,1.0,0.2,5,0.3,189,48.1,117.66,3.13,37.58
1.0,5.0,1.0,0.25,4,0.3,1055,8.1,116.64,23.37,4.99
2.0,3.0,2.0,0.4,5,0.3,177,23.7,116.31,10.3,11.29
1.5,3.0,1.0,0.25,4,0.3,374,16.3,115.7,8.9,13.01
1.5,1.0,1.0,0.2,5,0.3,387,36.2,114.4,7.1,16.12
1.5,3.0,2.0,0.5,4,0.3,365,22.5,113.73,15.56,7.31
1.0,1.0,1.0,0.3333,3,0.3,1154,38.1,113.55,12.88,8.82
1.5,2.0,1.0,0.2,5,0.2,380,22.6,108.51,5.55,19.56
1.0,2.0,1.0,0.3333,3,0.3,1115,21.9,108.08,18.8,5.75
2.0,5.0,3.0,0.6,5,0.3,170,18.2,107.71,15.96,6.75
1.5,5.0,1.0,0.25,4,0.3,367,10.1,106.38,19.7,5.4
1.5,5.0,1.0,0.2,5,0.2,370,9.7,105.06,14.5,7.24
2.0,1.0,3.0,0.6,5,0.3,189,59.8,103.93,7.83,13.27
1.5,3.0,3.0,0.75,4,0.3,360,27.5,103.44,11.87,8.72
1.5,5.0,2.0,0.5,4,0.3,356,14.3,103.29,27.37,3.77
1.5,2.0,3.0,0.75,4,0.3,366,37.2,102.87,12.17,8.45
2.0,3.0,1.0,0.25,4,0.3,179,21.2,102.59,5.32,19.27
1.5,3.0,2.0,0.6667,3,0.3,361,27.1,102.08,8.19,12.47
2.0,3.0,3.0,0.6,5,0.3,175,27.4,101.95,19.67,5.18
2.0,2.0,1.0,0.25,4,0.3,183,30.1,101.52,5.32,19.07
1.5,2.0,5.0,1.25,4,0.3,357,47.1,101.37,17.99,5.63
1.5,3.0,3.0,0.6,5,0.2,362,25.1,100.83,13.5,7.47
2.0,1.0,2.0,0.4,5,0.3,189,53.4,99.65,5.51,18.07
2.0,5.0,1.0,0.2,5,0.2,177,13.6,98.97,4.45,22.23
1.0,3.0,1.0,0.25,4,0.2,1095,13.3,98.74,16.33,6.05
1.5,3.0,2.0,0.4,5,0.3,369,18.7,97.19,19.31,5.03
1.5,2.0,3.0,0.6,5,0.2,368,34.2,95.63,11.07,8.64
1.5,3.0,1.0,0.2,5,0.2,376,15.2,95.53,6.44,14.83
2.0,3.0,1.0,0.2,5,0.2,181,21.0,92.76,3.25,28.54
1.5,5.0,2.0,0.4,5,0.3,362,11.9,91.11,32.6,2.8
1.5,3.0,5.0,1.0,5,0.3,353,31.2,89.72,21.48,4.18
1.5,5.0,3.0,0.6,5,0.2,354,16.1,89.64,22.58,3.97
1.5,2.0,1.0,0.25,4,0.2,379,25.1,88.96,4.59,19.38
1.0,1.0,2.0,0.4,5,0.2,1153,39.8,88.31,18.94,4.66
1.5,2.0,5.0,1.0,5,0.2,360,42.8,85.8,13.9,6.17
1.5,1.0,1.0,0.25,4,0.3,386,38.9,85.43,6.23,13.72
1.5,2.0,1.0,0.3333,3,0.3,377,26.5,84.53,6.34,13.33
1.5,2.0,2.0,0.6667,3,0.3,367,36.0,84.14,8.08,10.42
1.5,5.0,3.0,0.75,4,0.3,348,17.8,84.01,21.62,3.89
2.0,1.0,1.0,0.25,4,0.3,189,49.7,83.95,3.09,27.21
2.0,2.0,1.0,0.2,5,0.2,184,28.8,82.86,3.46,23.92
2.0,2.0,2.0,0.5,4,0.3,181,35.4,81.66,9.59,8.51
2.0,5.0,1.0,0.3333,3,0.3,173,15.6,81.18,5.73,14.16
1.5,5.0,5.0,1.0,5,0.3,338,21.0,80.93,32.07,2.52
1.5,2.0,10.0,2.0,5,0.2,340,57.4,80.83,16.86,4.79
1.0,3.0,1.0,0.3333,3,0.3,1080,15.0,79.68,19.57,4.07
1.5,2.0,2.0,0.4,5,0.2,374,27.5,78.56,8.44,9.31
1.0,1.0,1.0,0.2,5,0.1,1171,33.3,78.27,4.15,18.88
1.0,2.0,1.0,0.2,5,0.1,1137,18.3,77.1,7.58,10.17
2.0,5.0,2.0,0.5,4,0.3,171,16.4,76.14,10.32,7.38
2.0,2.0,2.0,0.4,5,0.2,182,34.1,75.96,6.47,11.74
2.0,5.0,2.0,0.4,5,0.2,172,15.7,75.85,7.29,10.41
1.5,1.0,2.0,0.4,5,0.3,384,43.0,75.65,11.11,6.81
1.0,3.0,1.0,0.2,5,0.1,1107,12.6,75.64,8.94,8.46
1.5,2.0,3.0,1.0,3,0.3,360,42.8,75.27,12.58,5.98
1.0,2.0,2.0,0.4,5,0.2,1107,23.1,73.65,28.79,2.56
2.0,3.0,2.0,0.5,4,0.3,176,25.0,73.49,10.83,6.79
1.0,5.0,1.0,0.25,4,0.2,1055,8.1,72.96,16.09,4.53
1.5,5.0,1.0,0.3333,3,0.3,366,11.5,72.64,18.42,3.94
1.5,2.0,2.0,0.5,4,0.2,371,31.5,72.03,7.32,9.83
1.5,2.0,5.0,1.6667,3,0.3,351,53.3,71.89,13.23,5.44
2.0,5.0,1.0,0.25,4,0.2,175,14.3,71.66,4.5,15.92
2.0,1.0,2.0,0.5,4,0.3,189,56.1,71.35,5.69,12.54
2.0,2.0,3.0,0.6,5,0.2,181,38.7,71.16,9.61,7.4
2.0,2.0,1.0,0.3333,3,0.3,183,32.8,70.97,5.24,13.55
1.5,3.0,1.0,0.3333,3,0.3,372,18.0,70.58,6.18,11.42
1.5,5.0,2.0,0.6667,3,0.3,350,16.9,70.05,14.93,4.69
3.0,2.0,2.0,0.4,5,0.3,58,46.6,69.06,3.76,18.34
1.0,5.0,1.0,0.2,5,0.1,1072,7.7,68.85,9.96,6.91
2.0,3.0,2.0,0.4,5,0.2,177,23.7,68.82,6.96,9.89
1.5,3.0,1.0,0.25,4,0.2,374,16.3,68.37,6.02,11.36
3.0,2.0,1.0,0.2,5,0.3,58,41.4,68.34,2.3,29.68
2.0,3.0,1.0,0.3333,3,0.3,178,23.0,68.32,5.14,13.28
2.0,1.0,1.0,0.2,5,0.2,189,48.1,68.29,2.09,32.65
1.0,3.0,2.0,0.4,5,0.3,1069,16.0,68.19,36.83,1.85
1.5,3.0,2.0,0.5,4,0.2,365,22.5,67.97,10.58,6.42
1.5,1.0,1.0,0.2,5,0.2,387,36.2,66.83,4.77,14.01
1.0,1.0,2.0,0.5,4,0.3,1145,42.7,66.81,30.86,2.16
1.0,1.0,1.0,0.3333,3,0.2,1154,38.1,66.56,8.73,7.62
1.0,5.0,1.0,0.3333,3,0.3,1038,9.3,66.25,20.9,3.17
2.0,5.0,3.0,0.6,5,0.2,170,18.2,65.9,10.64,6.19
1.0,2.0,1.0,0.3333,3,0.2,1115,21.9,64.5,12.85,5.02
1.5,5.0,1.0,0.25,4,0.2,367,10.1,64.38,13.6,4.73
2.0,1.0,5.0,1.0,5,0.3,187,64.2,63.9,8.64,7.4
1.5,5.0,2.0,0.5,4,0.2,356,14.3,63.74,19.11,3.34
1.0,5.0,2.0,0.5,4,0.3,1001,12.0,63.14,28.04,2.25
1.5,3.0,3.0,0.75,4,0.2,360,27.5,63.12,8.03,7.86
1.5,2.0,3.0,0.75,4,0.2,366,37.2,61.92,8.26,7.5
1.5,2.0,5.0,1.25,4,0.2,357,47.1,61.89,12.13,5.1
1.0,2.0,2.0,0.5,4,0.3,1095,25.8,61.89,40.04,1.55
2.0,3.0,3.0,0.6,5,0.2,175,27.4,61.57,13.42,4.59
2.0,1.0,3.0,0.6,5,0.2,189,59.8,61.32,5.28,11.62
1.5,3.0,2.0,0.6667,3,0.2,361,27.1,61.22,5.52,11.09
2.0,1.0,3.0,0.75,4,0.3,189,60.8,61.01,7.83,7.8
2.0,3.0,1.0,0.25,4,0.2,179,21.2,60.94,3.58,17.03
2.0,2.0,1.0,0.25,4,0.2,183,30.1,60.08,3.58,16.79
3.0,2.0,3.0,0.6,5,0.3,58,48.3,59.98,5.21,11.51
1.5,3.0,2.0,0.4,5,0.2,369,18.7,59.74,13.17,4.54
3.0,5.0,10.0,2.0,5,0.3,53,39.6,59.19,24.88,2.38
2.0,1.0,2.0,0.4,5,0.2,189,53.4,58.96,3.7,15.93
3.0,2.0,10.0,2.0,5,0.3,55,67.3,58.94,12.35,4.77
1.5,5.0,2.0,0.4,5,0.2,362,11.9,58.03,22.91,2.53
1.5,3.0,5.0,1.0,5,0.2,353,31.2,57.84,14.44,4.0
2.0,3.0,5.0,1.0,5,0.3,172,32.6,57.49,23.94,2.4
2.0,2.0,3.0,0.75,4,0.3,180,38.9,56.83,14.13,4.02
2.0,1.0,1.0,0.3333,3,0.3,189,52.4,56.31,2.7,20.88
1.5,1.0,2.0,0.5,4,0.3,381,46.7,56.01,11.99,4.67
1.5,1.0,3.0,0.6,5,0.3,378,48.9,55.75,17.49,3.19
1.5,5.0,5.0,1.0,5,0.2,338,21.0,55.71,22.51,2.47
1.0,5.0,2.0,0.4,5,0.3,1025,10.1,55.54,37.41,1.48
2.0,2.0,5.0,1.0,5,0.3,178,42.7,55.01,17.21,3.2
1.5,5.0,3.0,0.75,4,0.2,348,17.8,54.06,14.82,3.65
1.5,3.0,5.0,1.25,4,0.3,348,34.8,53.93,19.74,2.73
3.0,5.0,1.0,0.2,5,0.3,56,16.1,53.13,10.73,4.95
2.0,2.0,2.0,0.6667,3,0.3,180,38.9,52.95,9.62,5.5
3.0,2.0,1.0,0.25,4,0.3,58,43.1,52.88,2.14,24.7
1.0,2.0,1.0,0.25,4,0.1,1128,19.8,52.21,6.64,7.86
1.0,2.0,5.0,1.0,5,0.3,1002,38.1,51.98,54.94,0.95
1.5,1.0,5.0,1.0,5,0.3,374,59.1,51.82,21.5,2.41
1.5,3.0,3.0,1.0,3,0.3,353,31.2,51.61,13.02,3.96
1.5,1.0,1.0,0.25,4,0.2,386,38.9,51.29,4.18,12.27
1.5,2.0,2.0,0.6667,3,0.2,367,36.0,51.06,5.44,9.38
1.5,2.0,1.0,0.3333,3,0.2,377,26.5,51.0,4.27,11.95
1.5,2.0,1.0,0.5,2,0.3,371,31.5,50.67,5.54,9.15
2.0,1.0,1.0,0.25,4,0.2,189,49.7,50.34,2.06,24.39
1.5,1.0,1.0,0.3333,3,0.3,386,41.5,50.27,4.86,10.35
1.5,5.0,3.0,1.0,3,0.3,338,21.0,50.27,20.47,2.46
1.0,3.0,1.0,0.3333,3,0.2,1080,15.0,49.8,13.47,3.7
2.0,2.0,2.0,0.5,4,0.2,181,35.4,49.52,6.49,7.63
2.0,5.0,1.0,0.3333,3,0.2,173,15.6,49.48,3.86,12.83
3.0,3.0,1.0,0.2,5,0.3,57,24.6,49.47,4.91,10.08
2.0,1.0,2.0,0.6667,3,0.3,189,60.3,49.2,5.28,9.32
1.0,1.0,1.0,0.25,4,0.1,1163,34.9,48.88,4.28,11.42
1.0,1.0,3.0,0.6,5,0.3,1136,45.5,48.87,41.28,1.18
1.5,2.0,10.0,2.5,4,0.3,328,60.7,48.73,34.21,1.42
1.5,3.0,1.0,0.5,2,0.3,365,22.5,48.23,8.01,6.02
1.0,2.0,5.0,1.25,4,0.3,964,43.0,47.47,48.08,0.99
2.0,5.0,2.0,0.5,4,0.2,171,16.4,47.45,7.0,6.78
1.0,3.0,2.0,0.4,5,0.2,1069,16.0,47.18,25.39,1.86
3.0,2.0,2.0,0.5,4,0.3,58,46.6,46.88,3.6,13.0
2.0,5.0,2.0,0.6667,3,0.3,169,18.3,46.53,12.26,3.79
1.5,3.0,5.0,1.6667,3,0.3,336,41.1,46.49,25.54,1.82
1.5,2.0,2.0,1.0,2,0.3,360,42.8,46.41,8.54,5.44
1.5,2.0,3.0,1.0,3,0.2,360,42.8,46.41,8.54,5.44
1.5,1.0,2.0,0.4,5,0.2,384,43.0,46.26,7.54,6.14
1.5,5.0,1.0,0.5,2,0.3,356,14.3,45.87,14.67,3.13
1.0,5.0,2.0,0.5,4,0.2,1001,12.0,45.44,19.51,2.33
2.0,3.0,2.0,0.5,4,0.2,176,25.0,45.32,7.24,6.26
2.0,5.0,5.0,1.0,5,0.3,167,21.6,45.28,25.21,1.8
1.5,5.0,1.0,0.3333,3,0.2,366,11.5,45.24,12.68,3.57
1.5,2.0,5.0,1.6667,3,0.2,351,53.3,45.03,8.98,5.01
1.5,2.0,1.0,0.2,5,0.1,380,22.6,45.0,2.81,16.01
1.5,5.0,1.0,0.2,5,0.1,370,9.7,44.73,7.53,5.94
1.5,5.0,2.0,0.6667,3,0.2,350,16.9,44.43,10.15,4.38
1.5,5.0,5.0,1.25,4,0.3,333,23.7,44.05,26.15,1.68
2.0,3.0,2.0,0.6667,3,0.3,174,27.6,43.92,14.69,2.99
1.5,2.0,3.0,1.5,2,0.3,354,50.8,43.57,8.45,5.16
1.5,3.0,1.0,0.3333,3,0.2,372,18.0,43.54,4.14,10.52
1.0,2.0,3.0,0.6,5,0.3,1079,28.2,43.53,49.91,0.87
2.0,1.0,2.0,0.5,4,0.2,189,56.1,43.46,3.82,11.37
1.0,5.0,1.0,0.3333,3,0.2,1038,9.3,43.39,14.42,3.01
2.0,2.0,1.0,0.3333,3,0.2,183,32.8,43.29,3.52,12.3
1.5,3.0,3.0,0.6,5,0.1,362,25.1,43.28,6.91,6.26
1.5,5.0,5.0,1.6667,3,0.3,321,29.0,43.17,27.27,1.58
1.0,5.0,2.0,0.4,5,0.2,1025,10.1,43.03,26.71,1.61
2.0,1.0,5.0,1.25,4,0.3,187,67.4,42.89,8.86,4.84
2.0,5.0,3.0,0.75,4,0.3,169,18.3,42.78,20.34,2.1
1.0,3.0,1.0,0.25,4,0.1,1095,13.3,42.47,8.5,4.99
3.0,2.0,2.0,0.4,5,0.2,58,46.6,42.28,2.52,16.76
1.0,1.0,2.0,0.5,4,0.2,1145,42.7,42.07,21.66,1.94
2.0,5.0,1.0,0.2,5,0.1,177,13.6,42.05,2.25,18.69
2.0,3.0,1.0,0.3333,3,0.2,178,23.0,41.96,3.45,12.16
2.0,3.0,3.0,0.75,4,0.3,174,27.6,41.9,23.11,1.81
3.0,2.0,1.0,0.2,5,0.2,58,41.4,41.82,1.54,27.16
3.0,2.0,5.0,1.0,5,0.3,57,50.9,41.75,8.05,5.19
1.5,2.0,3.0,0.6,5,0.1,368,34.2,40.86,5.68,7.2
1.0,2.0,2.0,0.5,4,0.2,1095,25.8,40.74,28.41,1.43
1.5,3.0,1.0,0.2,5,0.1,376,15.2,40.7,3.27,12.44
1.5,3.0,3.0,1.5,2,0.3,341,39.6,40.69,12.75,3.19
1.5,5.0,3.0,0.6,5,0.1,354,16.1,40.23,11.94,3.37
3.0,2.0,1.0,0.3333,3,0.3,58,46.6,40.0,1.98,20.22
3.0,3.0,1.0,0.25,4,0.3,57,26.3,39.96,4.58,8.72
2.0,1.0,5.0,1.0,5,0.2,187,64.2,39.63,5.82,6.81
2.0,3.0,1.0,0.2,5,0.1,181,21.0,39.4,1.64,24.07
1.0,2.0,5.0,1.0,5,0.2,1002,38.1,39.31,40.47,0.97
1.5,5.0,3.0,1.5,2,0.3,326,27.6,39.25,17.55,2.24
1.0,3.0,2.0,0.5,4,0.3,1050,18.2,38.52,34.64,1.11
3.0,5.0,10.0,2.0,5,0.2,53,39.6,38.44,16.95,2.27
3.0,2.0,3.0,0.75,4,0.3,58,48.3,38.19,5.05,7.56
1.0,1.0,2.0,0.4,5,0.1,1153,39.8,38.16,9.84,3.88
3.0,3.0,2.0,0.4,5,0.3,57,26.3,38.03,8.01,4.75
1.5,2.0,1.0,0.25,4,0.1,379,25.1,37.87,2.32,16.34
2.0,1.0,3.0,0.75,4,0.2,189,60.8,37.7,5.28,7.14
1.5,2.0,5.0,1.0,5,0.1,360,42.8,37.67,7.16,5.26
2.0,2.0,5.0,1.25,4,0.3,178,46.6,37.62,15.97,2.36
2.0,1.0,10.0,2.0,5,0.3,183,74.3,37.59,19.78,1.9
1.0,3.0,5.0,1.6667,3,0.3,838,39.3,37.46,31.65,1.18
3.0,2.0,10.0,2.5,4,0.3,55,69.1,37.39,12.7,2.94
2.0,3.0,5.0,1.0,5,0.2,172,32.6,37.38,16.4,2.28
3.0,5.0,1.0,0.25,4,0.3,56,16.1,37.19,10.04,3.71
3.0,2.0,3.0,0.6,5,0.2,58,48.3,37.17,3.5,10.63
3.0,2.0,10.0,2.0,5,0.2,55,67.3,36.92,8.36,4.42
1.5,2.0,10.0,2.0,5,0.1,340,57.4,36.75,8.72,4.21
1.5,3.0,5.0,1.25,4,0.2,348,34.8,36.33,13.5,2.69
1.0,2.0,5.0,1.6667,3,0.3,915,49.6,36.13,43.63,0.83
1.0,2.0,3.0,1.0,3,0.3,1002,38.1,36.05,37.16,0.97
3.0,5.0,10.0,2.5,4,0.3,52,42.3,35.79,22.92,1.56
2.0,2.0,3.0,0.75,4,0.2,180,38.9,35.69,9.63,3.71
2.0,2.0,1.0,0.2,5,0.1,184,28.8,35.56,1.74,20.43
2.0,2.0,1.0,0.5,2,0.3,181,35.4,35.43,4.9,7.23
2.0,2.0,5.0,1.0,5,0.2,178,42.7,35.26,11.79,2.99
1.5,1.0,3.0,0.6,5,0.2,378,48.9,35.18,11.96,2.94
2.0,1.0,3.0,1.0,3,0.3,187,64.2,35.15,5.25,6.69
1.5,1.0,2.0,0.5,4,0.2,381,46.7,34.98,8.12,4.31
1.0,5.0,1.0,0.5,2,0.3,1001,12.0,34.9,14.95,2.33
2.0,1.0,1.0,0.3333,3,0.2,189,52.4,34.8,1.81,19.28
1.0,2.0,5.0,1.25,4,0.2,964,43.0,34.8,34.71,1.0
2.0,5.0,1.0,0.5,2,0.3,171,16.4,34.37,5.29,6.49
1.5,2.0,2.0,0.4,5,0.1,374,27.5,34.35,4.3,8.0
1.0,5.0,1.0,0.25,4,0.1,1055,8.1,33.72,8.3,4.06
2.0,5.0,2.0,0.4,5,0.1,172,15.7,33.69,3.71,9.09
1.5,2.0,10.0,2.5,4,0.2,328,60.7,33.68,23.6,1.43
1.0,2.0,2.0,0.4,5,0.1,1107,23.1,33.63,15.23,2.21
3.0,5.0,1.0,0.2,5,0.2,56,16.1,33.53,7.28,4.61
1.5,5.0,3.0,1.0,3,0.2,338,21.0,33.51,14.07,2.38
1.5,5.0,2.0,1.0,2,0.3,338,21.0,33.51,14.07,2.38
2.0,1.0,10.0,2.5,4,0.3,181,78.5,33.5,19.42,1.72
2.0,3.0,3.0,1.0,3,0.3,172,32.6,33.45,14.84,2.25
1.5,3.0,2.0,1.0,2,0.3,353,31.2,33.4,8.71,3.84
1.5,3.0,3.0,1.0,3,0.2,353,31.2,33.4,8.71,3.84
1.5,1.0,5.0,1.0,5,0.2,374,59.1,33.3,14.83,2.25
1.0,2.0,3.0,1.5,2,0.3,936,47.4,33.18,31.31,1.06
2.0,2.0,2.0,0.6667,3,0.2,180,38.9,33.13,6.51,5.09
2.0,2.0,2.0,0.4,5,0.1,182,34.1,33.06,3.28,10.08
3.0,2.0,1.0,0.25,4,0.2,58,43.1,32.9,1.43,22.99
3.0,5.0,2.0,0.4,5,0.3,56,16.1,32.89,17.21,1.91
1.0,1.0,3.0,0.6,5,0.2,1136,45.5,32.74,29.63,1.11
2.0,3.0,1.0,0.5,2,0.3,176,25.0,32.68,5.44,6.01
1.5,1.0,3.0,0.75,4,0.3,376,52.4,32.4,13.62,2.38
1.5,5.0,5.0,1.25,4,0.2,333,23.7,32.22,17.6,1.83
1.0,2.0,3.0,0.6,5,0.2,1079,28.2,31.93,36.17,0.88
1.5,2.0,2.0,0.5,4,0.1,371,31.5,31.69,3.72,8.52
1.5,2.0,1.0,0.5,2,0.2,371,31.5,31.69,3.72,8.52
2.0,5.0,1.0,0.25,4,0.1,175,14.3,31.65,2.26,14.03
2.0,2.0,3.0,1.0,3,0.3,178,42.7,31.47,10.67,2.95
2.0,3.0,5.0,1.25,4,0.3,172,35.5,31.46,22.03,1.43
1.5,1.0,1.0,0.3333,3,0.2,386,41.5,31.4,3.26,9.64
2.0,5.0,5.0,1.0,5,0.2,167,21.6,31.39,17.22,1.82
2.0,2.0,3.0,0.6,5,0.1,181,38.7,31.32,4.91,6.38
2.0,1.0,1.0,0.5,2,0.3,189,56.1,31.17,2.88,10.84
3.0,3.0,1.0,0.2,5,0.2,57,24.6,31.11,3.3,9.43
1.5,3.0,5.0,1.6667,3,0.2,336,41.1,31.04,17.52,1.77
2.0,1.0,2.0,0.6667,3,0.2,189,60.3,30.73,3.55,8.67
1.5,1.0,2.0,0.6667,3,0.3,377,50.9,30.7,7.56,4.06
1.0,1.0,1.0,0.5,2,0.3,1145,42.7,30.63,16.67,1.84
3.0,2.0,2.0,0.6667,3,0.3,58,48.3,30.59,3.44,8.88
2.0,3.0,2.0,0.4,5,0.1,177,23.7,30.54,3.53,8.66
1.5,3.0,2.0,0.5,4,0.1,365,22.5,30.41,5.39,5.64
1.5,3.0,1.0,0.5,2,0.2,365,22.5,30.41,5.39,5.64
1.5,5.0,5.0,1.6667,3,0.2,321,29.0,30.33,18.94,1.6
1.5,3.0,1.0,0.25,4,0.1,374,16.3,30.32,3.05,9.93
1.0,2.0,1.0,0.5,2,0.3,1095,25.8,30.22,21.97,1.38
1.5,3.0,10.0,2.0,5,0.3,325,44.0,30.15,42.78,0.7
2.0,5.0,3.0,0.6,5,0.1,170,18.2,30.06,5.31,5.67
2.0,5.0,2.0,0.6667,3,0.2,169,18.3,29.93,8.23,3.64
2.0,1.0,1.0,0.2,5,0.1,189,48.1,29.86,1.05,28.5
1.5,1.0,3.0,1.0,3,0.3,374,59.1,29.74,13.44,2.21
1.0,1.0,5.0,1.0,5,0.3,1086,56.2,29.63,57.08,0.52
3.0,2.0,2.0,0.5,4,0.2,58,46.6,29.43,2.42,12.19
1.5,1.0,1.0,0.2,5,0.1,387,36.2,29.38,2.41,12.21
1.5,2.0,2.0,1.0,2,0.2,360,42.8,29.35,5.76,5.1
1.0,1.0,1.0,0.3333,3,0.1,1154,38.1,29.34,4.44,6.61
1.5,5.0,1.0,0.5,2,0.2,356,14.3,29.29,10.01,2.92
1.5,5.0,2.0,0.5,4,0.1,356,14.3,29.29,10.01,2.92
3.0,2.0,5.0,1.6667,3,0.3,56,62.5,29.27,6.21,4.72
1.5,5.0,1.0,0.25,4,0.1,367,10.1,29.13,7.04,4.14
3.0,2.0,10.0,3.3333,3,0.3,55,74.5,29.12,10.33,2.82
1.0,2.0,1.0,0.3333,3,0.1,1115,21.9,28.86,6.59,4.38
1.5,3.0,3.0,0.75,4,0.1,360,27.5,28.75,4.08,7.05
1.0,3.0,5.0,1.6667,3,0.2,838,39.3,28.51,21.77,1.31
2.0,5.0,3.0,0.75,4,0.2,169,18.3,28.43,13.86,2.05
2.0,5.0,3.0,1.0,3,0.3,167,21.6,28.41,15.57,1.82
1.5,2.0,5.0,1.25,4,0.1,357,47.1,28.2,6.13,4.6
3.0,3.0,3.0,0.6,5,0.3,57,28.1,28.19,12.82,2.2
2.0,1.0,5.0,1.6667,3,0.3,186,72.0,28.07,9.1,3.09
1.0,3.0,2.0,0.5,4,0.2,1050,18.2,28.01,24.0,1.17
2.0,3.0,2.0,0.6667,3,0.2,174,27.6,28.01,9.98,2.81
1.5,2.0,3.0,0.75,4,0.1,366,37.2,27.91,4.2,6.64
1.5,5.0,5.0,1.0,5,0.1,338,21.0,27.86,11.85,2.35
2.0,3.0,3.0,0.6,5,0.1,175,27.4,27.83,6.85,4.06
1.5,2.0,3.0,1.5,2,0.2,354,50.8,27.82,5.69,4.89
1.5,3.0,5.0,1.0,5,0.1,353,31.2,27.53,7.26,3.79
1.5,3.0,2.0,0.6667,3,0.1,361,27.1,27.53,2.79,9.86
1.5,3.0,2.0,0.4,5,0.1,369,18.7,27.4,6.73,4.07
1.5,5.0,2.0,0.4,5,0.1,362,11.9,27.39,12.08,2.27
2.0,1.0,5.0,1.25,4,0.2,187,67.4,27.3,5.98,4.57
2.0,3.0,3.0,0.75,4,0.2,174,27.6,27.25,15.95,1.71
2.0,1.0,3.0,0.6,5,0.1,189,59.8,27.22,2.67,10.2
2.0,3.0,1.0,0.25,4,0.1,179,21.2,27.2,1.8,15.07
3.0,1.0,1.0,0.2,5,0.3,58,48.3,27.13,1.79,15.18
2.0,2.0,1.0,0.25,4,0.1,183,30.1,26.74,1.8,14.82
3.0,2.0,5.0,1.0,5,0.2,57,50.9,26.62,5.43,4.91
3.0,2.0,5.0,1.25,4,0.3,57,52.6,26.52,7.89,3.36
1.5,3.0,3.0,1.5,2,0.2,341,39.6,26.39,8.63,3.06
1.0,2.0,5.0,1.6667,3,0.2,915,49.6,26.27,31.23,0.84
2.0,1.0,2.0,0.4,5,0.1,189,53.4,26.24,1.86,14.09
1.5,1.0,5.0,1.25,4,0.3,372,62.6,26.16,21.35,1.23
1.5,5.0,3.0,1.5,2,0.2,326,27.6,26.05,12.0,2.17
1.5,5.0,3.0,0.75,4,0.1,348,17.8,25.76,7.61,3.38
1.5,2.0,5.0,2.5,2,0.3,328,60.7,25.52,18.11,1.41
1.5,1.0,10.0,2.0,5,0.3,359,71.9,25.44,24.98,1.02
1.5,1.0,1.0,0.5,2,0.3,381,46.7,25.39,6.14,4.13
3.0,3.0,1.0,0.25,4,0.2,57,26.3,25.37,3.07,8.25
3.0,2.0,1.0,0.3333,3,0.2,58,46.6,25.26,1.32,19.1
1.5,3.0,10.0,2.0,5,0.2,325,44.0,25.24,30.16,0.84
1.0,2.0,2.0,1.0,2,0.3,1002,38.1,25.13,26.3,0.96
1.0,2.0,3.0,1.0,3,0.2,1002,38.1,25.13,26.3,0.96
3.0,5.0,3.0,0.6,5,0.3,56,17.9,25.05,23.24,1.08
3.0,5.0,5.0,1.0,5,0.3,55,23.6,24.99,25.6,0.98
3.0,3.0,1.0,0.3333,3,0.3,57,26.3,24.89,4.25,5.86
1.0,1.0,3.0,0.75,4,0.3,1121,49.8,24.76,37.0,0.67
2.0,1.0,10.0,2.0,5,0.2,183,74.3,24.71,13.32,1.86
2.0,2.0,5.0,1.25,4,0.2,178,46.6,24.65,10.91,2.26
3.0,3.0,2.0,0.4,5,0.2,57,26.3,24.38,5.41,4.51
3.0,2.0,3.0,0.75,4,0.2,58,48.3,24.31,3.39,7.17
3.0,2.0,10.0,2.5,4,0.2,55,69.1,24.09,8.6,2.8
3.0,5.0,5.0,1.6667,3,0.3,53,34.0,24.07,11.09,2.17
3.0,5.0,10.0,2.5,4,0.2,52,42.3,24.01,15.81,1.52
1.0,2.0,3.0,0.75,4,0.3,1057,31.9,23.98,40.58,0.59
3.0,5.0,1.0,0.25,4,0.2,56,16.1,23.88,6.8,3.51
1.0,3.0,2.0,0.4,5,0.1,1069,16.0,23.8,13.53,1.76
3.0,2.0,3.0,1.0,3,0.3,57,50.9,23.74,4.89,4.85
2.0,1.0,10.0,3.3333,3,0.3,178,82.6,23.7,18.85,1.26
3.0,1.0,2.0,0.4,5,0.3,58,53.4,23.65,2.55,9.26
1.0,5.0,1.0,0.5,2,0.2,1001,12.0,23.62,10.18,2.32
1.0,5.0,2.0,0.5,4,0.1,1001,12.0,23.62,10.18,2.32
1.0,5.0,2.0,0.4,5,0.1,1025,10.1,23.56,14.32,1.65
2.0,5.0,5.0,1.25,4,0.3,167,24.0,23.5,24.91,0.94
3.0,3.0,10.0,2.0,5,0.3,54,48.1,23.46,23.44,1.0
3.0,3.0,2.0,0.5,4,0.3,57,26.3,23.31,8.05,2.9
1.5,2.0,2.0,0.6667,3,0.1,367,36.0,23.24,2.75,8.44
1.0,3.0,1.0,0.3333,3,0.1,1080,15.0,23.23,6.96,3.34
1.5,1.0,1.0,0.25,4,0.1,386,38.9,23.15,2.11,11.0
1.5,2.0,1.0,0.3333,3,0.1,377,26.5,23.11,2.15,10.73
2.0,1.0,3.0,1.5,2,0.3,186,71.5,22.73,4.88,4.66
3.0,5.0,1.0,0.3333,3,0.3,56,16.1,22.71,9.34,2.43
2.0,1.0,1.0,0.25,4,0.1,189,49.7,22.7,1.04,21.91
2.0,5.0,1.0,0.3333,3,0.1,173,15.6,22.63,1.95,11.62
2.0,2.0,2.0,0.5,4,0.1,181,35.4,22.54,3.29,6.85
2.0,2.0,1.0,0.5,2,0.2,181,35.4,22.54,3.29,6.85
2.0,1.0,2.0,1.0,2,0.3,187,64.2,22.44,3.52,6.37
2.0,1.0,3.0,1.0,3,0.2,187,64.2,22.44,3.52,6.37
1.0,2.0,3.0,1.5,2,0.2,936,47.4,22.44,21.89,1.02
2.0,2.0,10.0,3.3333,3,0.3,163,67.5,22.31,25.23,0.88
1.5,5.0,2.0,1.0,2,0.2,338,21.0,22.21,9.58,2.32
1.0,1.0,5.0,1.0,5,0.2,1086,56.2,22.12,42.67,0.52
2.0,5.0,2.0,0.5,4,0.1,171,16.4,22.11,3.56,6.21
2.0,5.0,1.0,0.5,2,0.2,171,16.4,22.11,3.56,6.21
2.0,1.0,10.0,2.5,4,0.2,181,78.5,22.0,13.2,1.67
2.0,3.0,3.0,1.0,3,0.2,172,32.6,21.86,10.05,2.18
2.0,3.0,2.0,1.0,2,0.3,172,32.6,21.86,10.05,2.18
1.5,3.0,2.0,1.0,2,0.2,353,31.2,21.77,5.81,3.74
1.0,3.0,1.0,0.5,2,0.3,1050,18.2,21.71,18.51,1.17
3.0,5.0,2.0,0.4,5,0.2,56,16.1,21.51,11.82,1.82
1.5,2.0,3.0,1.0,3,0.1,360,42.8,21.44,4.35,4.93
1.5,2.0,1.0,1.0,1,0.3,360,42.8,21.44,4.35,4.93
3.0,2.0,1.0,0.5,2,0.3,58,46.6,21.43,1.82,11.8
2.0,3.0,5.0,1.25,4,0.2,172,35.5,21.36,15.12,1.41
1.5,1.0,2.0,0.4,5,0.1,384,43.0,21.22,3.83,5.54
1.0,2.0,5.0,1.0,5,0.1,1002,38.1,21.18,22.36,0.95
1.5,2.0,2.0,2.0,1,0.3,340,57.4,21.14,5.3,3.99
1.5,1.0,3.0,0.75,4,0.2,376,52.4,21.13,9.25,2.28
1.5,5.0,1.0,0.3333,3,0.1,366,11.5,21.08,6.55,3.22
1.5,2.0,5.0,1.6667,3,0.1,351,53.3,21.07,4.58,4.6
1.0,5.0,1.0,0.3333,3,0.1,1038,9.3,21.07,7.47,2.82
1.5,5.0,2.0,0.6667,3,0.1,350,16.9,21.02,5.17,4.07
2.0,3.0,2.0,0.5,4,0.1,176,25.0,20.94,3.63,5.77
2.0,3.0,1.0,0.5,2,0.2,176,25.0,20.94,3.63,5.77
3.0,1.0,1.0,0.25,4,0.3,58,50.0,20.84,1.25,16.62
1.0,1.0,5.0,1.25,4,0.3,1056,61.0,20.7,52.66,0.39
3.0,5.0,10.0,3.3333,3,0.3,51,47.1,20.7,21.31,0.97
1.0,3.0,3.0,1.5,2,0.3,856,36.7,20.68,25.25,0.82
3.0,2.0,10.0,5.0,2,0.3,54,81.5,20.67,7.89,2.62
2.0,2.0,3.0,1.0,3,0.2,178,42.7,20.43,7.23,2.83
2.0,2.0,2.0,1.0,2,0.3,178,42.7,20.43,7.23,2.83
2.0,3.0,10.0,5.0,2,0.3,148,66.9,20.3,15.9,1.28
1.0,1.0,3.0,1.0,3,0.3,1086,56.2,20.28,39.31,0.52
1.5,3.0,1.0,0.3333,3,0.1,372,18.0,20.14,2.08,9.7
2.0,1.0,1.0,0.5,2,0.2,189,56.1,19.88,1.92,10.33
2.0,3.0,3.0,1.5,2,0.3,168,39.9,19.88,11.18,1.78
2.0,1.0,2.0,0.5,4,0.1,189,56.1,19.88,1.92,10.33
1.0,2.0,2.0,0.5,4,0.1,1095,25.8,19.87,15.1,1.32
1.0,2.0,1.0,0.5,2,0.2,1095,25.8,19.87,15.1,1.32
2.0,2.0,1.0,0.3333,3,0.1,183,32.8,19.83,1.77,11.19
1.5,1.0,2.0,0.6667,3,0.2,377,50.9,19.82,5.08,3.9
1.0,1.0,1.0,0.5,2,0.2,1145,42.7,19.8,11.41,1.74
1.0,1.0,2.0,0.5,4,0.1,1145,42.7,19.8,11.41,1.74
3.0,2.0,2.0,0.6667,3,0.2,58,48.3,19.6,2.31,8.49
1.0,1.0,2.0,0.6667,3,0.3,1126,47.2,19.54,26.78,0.73
3.0,2.0,2.0,0.4,5,0.1,58,46.6,19.43,1.27,15.33
2.0,3.0,1.0,0.3333,3,0.1,178,23.0,19.34,1.73,11.15
1.5,1.0,3.0,1.0,3,0.2,374,59.1,19.34,9.15,2.11
1.5,1.0,2.0,1.0,2,0.3,374,59.1,19.34,9.15,2.11
1.0,3.0,10.0,2.0,5,0.2,792,43.1,19.26,41.14,0.47
3.0,2.0,1.0,0.2,5,0.1,58,41.4,19.22,0.77,24.88
2.0,5.0,3.0,1.0,3,0.2,167,21.6,19.19,10.52,1.82
2.0,5.0,2.0,1.0,2,0.3,167,21.6,19.19,10.52,1.82
1.0,2.0,2.0,0.6667,3,0.3,1068,29.7,19.06,29.23,0.65
3.0,5.0,2.0,0.5,4,0.3,56,16.1,19.06,16.57,1.15
3.0,2.0,10.0,3.3333,3,0.2,55,74.5,18.92,6.96,2.72
3.0,2.0,5.0,1.6667,3,0.2,56,62.5,18.87,4.17,4.52
1.0,2.0,3.0,0.75,4,0.2,1057,31.9,18.61,28.63,0.65
3.0,5.0,10.0,2.0,5,0.1,53,39.6,18.58,8.63,2.15
3.0,3.0,3.0,0.6,5,0.2,57,28.1,18.45,8.68,2.12
1.0,2.0,5.0,1.25,4,0.1,964,43.0,18.43,18.77,0.98
2.0,1.0,5.0,1.0,5,0.1,187,64.2,18.43,2.94,6.26
1.5,1.0,10.0,2.0,5,0.2,359,71.9,18.27,17.11,1.07
2.0,1.0,5.0,1.6667,3,0.2,186,72.0,18.22,6.12,2.98
2.0,3.0,5.0,1.0,5,0.1,172,32.6,18.09,8.41,2.15
1.5,3.0,5.0,1.25,4,0.1,348,34.8,18.09,6.92,2.61
3.0,5.0,5.0,2.5,2,0.3,52,42.3,18.02,12.06,1.49
3.0,2.0,5.0,2.5,2,0.3,55,69.1,17.75,6.5,2.73
1.5,1.0,5.0,1.25,4,0.2,372,62.6,17.59,14.74,1.19
1.0,1.0,3.0,0.75,4,0.2,1121,49.8,17.49,26.25,0.67
2.0,1.0,3.0,0.75,4,0.1,189,60.8,17.48,2.67,6.55
3.0,1.0,1.0,0.2,5,0.2,58,48.3,17.42,1.19,14.59
3.0,1.0,10.0,2.0,5,0.3,56,76.8,17.4,10.82,1.61
3.0,2.0,10.0,2.0,5,0.1,55,67.3,17.32,4.24,4.09
3.0,2.0,3.0,0.6,5,0.1,58,48.3,17.29,1.76,9.81
3.0,2.0,5.0,1.25,4,0.2,57,52.6,17.27,5.32,3.25
2.0,5.0,5.0,1.25,4,0.2,167,24.0,17.22,17.07,1.01
2.0,2.0,3.0,1.5,2,0.3,175,50.3,17.14,9.31,1.84
1.5,5.0,5.0,1.25,4,0.1,333,23.7,17.11,8.85,1.93
1.0,2.0,2.0,1.0,2,0.2,1002,38.1,17.11,18.24,0.94
1.5,2.0,5.0,2.5,2,0.2,328,60.7,17.11,12.37,1.38
1.5,2.0,10.0,2.5,4,0.1,328,60.7,17.11,12.37,1.38
3.0,5.0,5.0,1.0,5,0.2,55,23.6,17.03,17.79,0.96
1.0,2.0,3.0,0.6,5,0.1,1079,28.2,16.97,19.64,0.86
2.0,5.0,3.0,1.5,2,0.3,164,27.4,16.87,13.47,1.25
2.0,2.0,5.0,1.0,5,0.1,178,42.7,16.87,6.06,2.79
2.0,2.0,3.0,0.75,4,0.1,180,38.9,16.79,4.93,3.41
3.0,5.0,3.0,0.6,5,0.2,56,17.9,16.78,16.14,1.04
1.5,1.0,3.0,0.6,5,0.1,378,48.9,16.62,6.14,2.71
1.5,5.0,3.0,1.0,3,0.1,338,21.0,16.58,7.26,2.29
1.5,5.0,1.0,1.0,1,0.3,338,21.0,16.58,7.26,2.29
3.0,2.0,3.0,1.5,2,0.3,56,58.9,16.43,3.78,4.34
1.5,1.0,2.0,0.5,4,0.1,381,46.7,16.38,4.13,3.97
1.5,1.0,1.0,0.5,2,0.2,381,46.7,16.38,4.13,3.97
2.0,1.0,5.0,2.5,2,0.3,181,78.5,16.35,9.99,1.64
1.0,1.0,3.0,0.6,5,0.1,1136,45.5,16.26,15.97,1.02
2.0,1.0,1.0,0.3333,3,0.1,189,52.4,16.16,0.91,17.83
3.0,2.0,10.0,10.0,1,0.3,52,92.3,16.14,4.91,3.29
1.5,3.0,3.0,1.0,3,0.1,353,31.2,16.13,4.36,3.7
1.5,3.0,1.0,1.0,1,0.3,353,31.2,16.13,4.36,3.7
3.0,3.0,1.0,0.3333,3,0.2,57,26.3,16.1,2.85,5.65
3.0,3.0,10.0,2.0,5,0.2,54,48.1,16.06,16.08,1.0
1.0,3.0,5.0,1.25,4,0.2,895,32.6,16.05,27.99,0.57
2.0,5.0,5.0,1.0,5,0.1,167,21.6,16.04,8.8,1.82
3.0,5.0,5.0,1.6667,3,0.2,53,34.0,16.01,7.49,2.14
1.0,3.0,10.0,2.0,5,0.1,792,43.1,15.98,22.46,0.71
1.5,1.0,5.0,1.0,5,0.1,374,59.1,15.98,7.68,2.08
3.0,5.0,1.0,0.2,5,0.1,56,16.1,15.86,3.71,4.28
2.0,1.0,10.0,3.3333,3,0.2,178,82.6,15.75,12.9,1.22
1.0,1.0,5.0,1.25,4,0.2,1056,61.0,15.71,38.86,0.4
1.5,5.0,5.0,1.6667,3,0.1,321,29.0,15.65,9.86,1.59
1.0,3.0,5.0,1.6667,3,0.1,838,39.3,15.59,11.19,1.39
3.0,1.0,1.0,0.3333,3,0.3,58,53.4,15.54,1.16,13.34
2.0,2.0,2.0,0.6667,3,0.1,180,38.9,15.54,3.3,4.7
2.0,2.0,10.0,3.3333,3,0.2,163,67.5,15.44,17.31,0.89
3.0,2.0,2.0,1.0,2,0.3,57,50.9,15.4,3.28,4.69
3.0,2.0,3.0,1.0,3,0.2,57,50.9,15.4,3.28,4.69
3.0,5.0,3.0,1.0,3,0.3,55,23.6,15.38,16.15,0.95
1.5,3.0,5.0,1.6667,3,0.1,336,41.1,15.38,9.0,1.71
3.0,2.0,1.0,0.25,4,0.1,58,43.1,15.37,0.72,21.42
3.0,1.0,2.0,0.4,5,0.2,58,53.4,15.29,1.7,8.99
3.0,3.0,2.0,0.5,4,0.2,57,26.3,15.24,5.4,2.82
1.0,3.0,3.0,1.5,2,0.2,856,36.7,15.17,17.27,0.88
1.5,5.0,10.0,2.0,5,0.2,309,31.4,15.1,32.1,0.47
1.0,3.0,5.0,1.25,4,0.3,895,32.6,14.99,41.1,0.36
1.5,2.0,1.0,0.5,2,0.1,371,31.5,14.87,1.87,7.93
1.0,3.0,1.0,0.5,2,0.2,1050,18.2,14.85,12.69,1.17
1.0,3.0,2.0,0.5,4,0.1,1050,18.2,14.85,12.69,1.17
3.0,5.0,1.0,0.3333,3,0.2,56,16.1,14.84,6.33,2.35
3.0,1.0,2.0,0.5,4,0.3,58,53.4,14.77,2.87,5.15
2.0,1.0,3.0,1.5,2,0.2,186,71.5,14.75,3.26,4.52
1.5,3.0,10.0,2.0,5,0.1,325,44.0,14.73,15.87,0.93
1.5,1.0,1.0,0.3333,3,0.1,386,41.5,14.72,1.64,8.98
3.0,3.0,1.0,0.2,5,0.1,57,24.6,14.67,1.66,8.83
2.0,1.0,2.0,1.0,2,0.2,187,64.2,14.53,2.36,6.16
2.0,1.0,10.0,10.0,1,0.3,162,94.4,14.52,7.39,1.97
2.0,1.0,2.0,0.6667,3,0.1,189,60.3,14.41,1.79,8.07
2.0,5.0,2.0,0.6667,3,0.1,169,18.3,14.4,4.14,3.48
1.5,3.0,1.0,0.5,2,0.1,365,22.5,14.38,2.72,5.28
2.0,3.0,2.0,1.0,2,0.2,172,32.6,14.37,6.77,2.12
3.0,3.0,5.0,1.0,5,0.3,56,32.1,14.35,17.22,0.83
1.0,2.0,10.0,2.5,4,0.2,825,58.7,14.28,43.66,0.33
3.0,5.0,10.0,3.3333,3,0.2,51,47.1,14.26,14.66,0.97
1.0,1.0,2.0,1.0,2,0.3,1086,56.2,14.2,28.12,0.5
1.0,1.0,3.0,1.0,3,0.2,1086,56.2,14.2,28.12,0.5
2.0,3.0,10.0,5.0,2,0.2,148,66.9,14.08,10.71,1.32
2.0,5.0,3.0,0.75,4,0.1,169,18.3,14.07,7.08,1.99
1.5,5.0,1.0,0.5,2,0.1,356,14.3,14.0,5.13,2.73
3.0,1.0,3.0,0.6,5,0.3,58,53.4,13.95,4.6,3.04
1.0,2.0,5.0,1.6667,3,0.1,915,49.6,13.94,16.75,0.83
1.0,2.0,2.0,0.6667,3,0.2,1068,29.7,13.93,20.19,0.69
1.5,2.0,1.0,1.0,1,0.2,360,42.8,13.92,2.91,4.77
1.5,2.0,2.0,1.0,2,0.1,360,42.8,13.92,2.91,4.77
3.0,5.0,5.0,1.25,4,0.3,55,25.5,13.9,20.48,0.68
3.0,2.0,1.0,0.5,2,0.2,58,46.6,13.87,1.21,11.43
3.0,2.0,2.0,0.5,4,0.1,58,46.6,13.87,1.21,11.43
1.5,2.0,2.0,2.0,1,0.2,340,57.4,13.79,3.56,3.87
3.0,3.0,2.0,0.6667,3,0.3,57,28.1,13.69,9.0,1.52
3.0,2.0,10.0,5.0,2,0.2,54,81.5,13.54,5.3,2.56
3.0,3.0,3.0,0.75,4,0.3,57,28.1,13.53,13.71,0.99
3.0,1.0,1.0,0.25,4,0.2,58,50.0,13.5,0.84,16.12
1.0,1.0,2.0,0.6667,3,0.2,1126,47.2,13.43,18.65,0.72
2.0,3.0,2.0,0.6667,3,0.1,174,27.6,13.38,5.08,2.63
2.0,2.0,2.0,1.0,2,0.2,178,42.7,13.37,4.87,2.75
1.5,2.0,3.0,1.5,2,0.1,354,50.8,13.31,2.88,4.62
1.0,2.0,5.0,2.5,2,0.3,825,58.7,13.27,34.48,0.38
2.0,3.0,3.0,0.75,4,0.1,174,27.6,13.24,8.25,1.6
2.0,3.0,3.0,1.5,2,0.2,168,39.9,13.22,7.56,1.75
2.0,1.0,5.0,1.25,4,0.1,187,67.4,13.02,3.02,4.31
1.0,2.0,3.0,1.0,3,0.1,1002,38.1,12.93,13.96,0.93
1.0,2.0,1.0,1.0,1,0.3,1002,38.1,12.93,13.96,0.93
2.0,2.0,10.0,2.5,4,0.3,169,59.8,12.91,31.9,0.4
3.0,3.0,5.0,1.6667,3,0.3,55,43.6,12.91,10.55,1.22
1.5,5.0,3.0,1.5,2,0.1,326,27.6,12.89,6.15,2.09
2.0,5.0,2.0,1.0,2,0.2,167,21.6,12.86,7.07,1.82
1.5,3.0,3.0,1.5,2,0.1,341,39.6,12.79,4.38,2.92
3.0,5.0,2.0,0.5,4,0.2,56,16.1,12.73,11.36,1.12
3.0,2.0,5.0,1.0,5,0.1,57,50.9,12.72,2.74,4.64
1.5,1.0,2.0,1.0,2,0.2,374,59.1,12.68,6.18,2.05
2.0,1.0,10.0,2.0,5,0.1,183,74.3,12.12,6.71,1.81
3.0,3.0,1.0,0.25,4,0.1,57,26.3,12.09,1.55,7.8
2.0,2.0,5.0,1.25,4,0.1,178,46.6,12.07,5.6,2.16
3.0,5.0,10.0,10.0,1,0.3,42,73.8,12.06,11.73,1.03
2.0,2.0,5.0,1.6667,3,0.3,174,50.6,12.03,20.78,0.58
3.0,5.0,5.0,2.5,2,0.2,52,42.3,12.0,8.18,1.47
1.0,1.0,5.0,1.0,5,0.1,1086,56.2,12.0,24.0,0.5
3.0,5.0,10.0,2.5,4,0.1,52,42.3,12.0,8.18,1.47
3.0,2.0,1.0,0.3333,3,0.1,58,46.6,11.97,0.66,18.06
3.0,5.0,2.0,0.6667,3,0.3,56,17.9,11.96,15.93,0.75
1.0,5.0,1.0,0.5,2,0.1,1001,12.0,11.88,5.2,2.29
3.0,3.0,2.0,0.4,5,0.1,57,26.3,11.71,2.74,4.28
3.0,2.0,10.0,2.5,4,0.1,55,69.1,11.62,4.37,2.66
1.5,5.0,10.0,2.0,5,0.1,309,31.4,11.62,17.27,0.67
3.0,2.0,5.0,2.5,2,0.2,55,69.1,11.62,4.37,2.66
3.0,2.0,3.0,0.75,4,0.1,58,48.3,11.6,1.71,6.79
3.0,1.0,10.0,2.0,5,0.2,56,76.8,11.55,7.31,1.58
2.0,5.0,3.0,1.5,2,0.2,164,27.4,11.55,9.09,1.27
3.0,5.0,1.0,0.25,4,0.1,56,16.1,11.49,3.46,3.32
2.0,2.0,3.0,1.5,2,0.2,175,50.3,11.36,6.22,1.82
3.0,3.0,1.0,0.5,2,0.3,57,26.3,11.32,4.07,2.78
1.0,2.0,3.0,1.5,2,0.1,936,47.4,11.29,11.48,0.98
3.0,5.0,3.0,1.5,2,0.3,53,30.2,11.25,8.33,1.35
1.5,5.0,1.0,1.0,1,0.2,338,21.0,10.99,4.89,2.25
1.5,5.0,2.0,1.0,2,0.1,338,21.0,10.99,4.89,2.25
3.0,5.0,2.0,2.0,1,0.3,53,39.6,10.98,5.22,2.1
2.0,1.0,10.0,5.0,2,0.3,175,86.9,10.93,15.17,0.72
1.0,3.0,2.0,2.0,1,0.3,792,43.1,10.9,13.93,0.78
2.0,1.0,10.0,2.5,4,0.1,181,78.5,10.79,6.72,1.61
2.0,1.0,5.0,2.5,2,0.2,181,78.5,10.79,6.72,1.61
1.0,3.0,5.0,1.25,4,0.1,895,32.6,10.79,14.09,0.77
2.0,3.0,5.0,1.25,4,0.1,172,35.5,10.78,7.78,1.39
2.0,2.0,1.0,0.5,2,0.1,181,35.4,10.76,1.66,6.49
1.0,2.0,10.0,2.5,4,0.3,825,58.7,10.76,58.97,0.18
3.0,2.0,3.0,1.5,2,0.2,56,58.9,10.75,2.53,4.24
2.0,3.0,5.0,5.0,1,0.3,148,66.9,10.74,8.07,1.33
2.0,1.0,1.0,1.0,1,0.3,187,64.2,10.74,1.77,6.06
2.0,1.0,3.0,1.0,3,0.1,187,64.2,10.74,1.77,6.06
2.0,3.0,1.0,1.0,1,0.3,172,32.6,10.69,5.1,2.1
2.0,3.0,3.0,1.0,3,0.1,172,32.6,10.69,5.1,2.1
2.0,5.0,1.0,0.5,2,0.1,171,16.4,10.66,1.79,5.94
1.5,1.0,5.0,1.6667,3,0.3,368,67.7,10.66,17.31,0.62
1.5,3.0,1.0,1.0,1,0.2,353,31.2,10.61,2.91,3.65
1.5,3.0,2.0,1.0,2,0.1,353,31.2,10.61,2.91,3.65
3.0,2.0,10.0,10.0,1,0.2,52,92.3,10.56,3.28,3.22
3.0,5.0,2.0,0.4,5,0.1,56,16.1,10.53,6.09,1.73
3.0,5.0,3.0,0.75,4,0.3,56,17.9,10.48,22.65,0.46
3.0,3.0,10.0,2.5,4,0.3,53,50.9,10.45,23.91,0.44
1.0,2.0,10.0,2.5,4,0.1,825,58.7,10.44,24.18,0.43
1.0,2.0,5.0,2.5,2,0.2,825,58.7,10.44,24.18,0.43
1.0,2.0,3.0,0.75,4,0.1,1057,31.9,10.42,15.1,0.69
3.0,5.0,2.0,1.0,2,0.3,55,23.6,10.35,11.04,0.94
3.0,5.0,3.0,1.0,3,0.2,55,23.6,10.35,11.04,0.94
1.5,1.0,3.0,0.75,4,0.1,376,52.4,10.31,4.71,2.19
2.0,3.0,5.0,1.6667,3,0.3,166,39.8,10.25,22.32,0.46
3.0,1.0,1.0,0.3333,3,0.2,58,53.4,10.14,0.78,13.04
3.0,2.0,2.0,2.0,1,0.3,55,67.3,10.13,2.56,3.96
3.0,2.0,2.0,1.0,2,0.2,57,50.9,10.08,2.2,4.58
2.0,3.0,1.0,0.5,2,0.1,176,25.0,10.07,1.82,5.54
3.0,2.0,5.0,5.0,1,0.3,54,81.5,10.06,3.99,2.52
1.0,1.0,3.0,1.5,2,0.3,1031,64.8,10.02,32.16,0.31
2.0,2.0,3.0,1.0,3,0.1,178,42.7,9.94,3.67,2.71
2.0,2.0,1.0,1.0,1,0.3,178,42.7,9.94,3.67,2.71
2.0,2.0,10.0,2.5,4,0.2,169,59.8,9.88,22.12,0.45
3.0,3.0,5.0,1.0,5,0.2,56,32.1,9.88,11.74,0.84
1.5,5.0,10.0,2.0,5,0.3,309,31.4,9.87,44.69,0.22
1.0,2.0,1.0,0.5,2,0.1,1095,25.8,9.77,7.78,1.26
3.0,5.0,5.0,1.25,4,0.2,55,25.5,9.75,14.06,0.69
1.0,1.0,2.0,1.0,2,0.2,1086,56.2,9.72,19.66,0.49
3.0,1.0,2.0,0.5,4,0.2,58,53.4,9.68,1.91,5.06
2.0,5.0,3.0,1.0,3,0.1,167,21.6,9.67,5.32,1.82
2.0,5.0,1.0,1.0,1,0.3,167,21.6,9.67,5.32,1.82
3.0,1.0,10.0,2.5,4,0.3,56,78.6,9.66,10.95,0.88
1.5,1.0,10.0,2.0,5,0.1,359,71.9,9.65,8.78,1.1
1.0,1.0,1.0,0.5,2,0.1,1145,42.7,9.59,5.85,1.64
1.5,1.0,2.0,0.6667,3,0.1,377,50.9,9.59,2.56,3.75
2.0,1.0,10.0,10.0,1,0.2,162,94.4,9.57,4.92,1.94
3.0,5.0,1.0,0.5,2,0.3,56,16.1,9.55,8.65,1.1
2.0,1.0,1.0,0.5,2,0.1,189,56.1,9.52,0.97,9.85
1.5,1.0,1.0,1.0,1,0.3,374,59.1,9.42,4.67,2.02
1.5,1.0,3.0,1.0,3,0.1,374,59.1,9.42,4.67,2.02
3.0,2.0,2.0,0.6667,3,0.1,58,48.3,9.42,1.16,8.13
2.0,5.0,5.0,1.25,4,0.1,167,24.0,9.27,8.76,1.06
1.5,3.0,2.0,2.0,1,0.3,325,44.0,9.24,9.71,0.95
1.5,1.0,10.0,2.5,4,0.3,348,75.3,9.23,26.33,0.35
3.0,1.0,3.0,0.6,5,0.2,58,53.4,9.2,3.08,2.99
3.0,2.0,10.0,3.3333,3,0.1,55,74.5,9.2,3.52,2.61
2.0,1.0,3.0,3.0,1,0.3,180,81.7,9.19,6.16,1.49
1.0,1.0,3.0,0.75,4,0.1,1121,49.8,9.14,13.96,0.65
3.0,2.0,5.0,1.6667,3,0.1,56,62.5,9.12,2.1,4.34
3.0,3.0,3.0,0.75,4,0.2,57,28.1,9.11,9.31,0.98
3.0,3.0,2.0,0.6667,3,0.2,57,28.1,9.08,6.07,1.5
3.0,1.0,5.0,1.0,5,0.3,58,60.3,9.04,7.04,1.29
3.0,3.0,3.0,0.6,5,0.1,57,28.1,9.04,4.41,2.05
3.0,3.0,3.0,1.0,3,0.3,56,32.1,8.94,10.61,0.84
2.0,1.0,5.0,1.6667,3,0.1,186,72.0,8.86,3.08,2.87
1.5,1.0,5.0,1.25,4,0.1,372,62.6,8.82,7.64,1.15
1.0,3.0,10.0,2.0,5,0.3,792,43.1,8.82,56.26,0.16
3.0,3.0,5.0,1.6667,3,0.2,55,43.6,8.72,7.09,1.23
1.0,2.0,1.0,1.0,1,0.2,1002,38.1,8.68,9.49,0.91
1.0,2.0,2.0,1.0,2,0.1,1002,38.1,8.68,9.49,0.91
1.0,1.0,5.0,1.25,4,0.1,1056,61.0,8.67,21.56,0.4
3.0,5.0,5.0,1.0,5,0.1,55,23.6,8.65,9.27,0.93
3.0,1.0,10.0,5.0,2,0.3,56,89.3,8.63,6.02,1.43
1.5,2.0,5.0,2.5,2,0.1,328,60.7,8.56,6.34,1.35
3.0,2.0,5.0,1.25,4,0.1,57,52.6,8.43,2.69,3.13
2.0,2.0,5.0,1.6667,3,0.2,174,50.6,8.43,14.14,0.6
3.0,5.0,3.0,0.6,5,0.1,56,17.9,8.41,8.41,1.0
3.0,1.0,1.0,0.2,5,0.1,58,48.3,8.4,0.6,14.03
3.0,3.0,10.0,2.0,5,0.1,54,48.1,8.19,8.27,0.99
1.0,3.0,3.0,1.5,2,0.1,856,36.7,8.18,8.84,0.93
3.0,5.0,10.0,10.0,1,0.2,42,73.8,8.09,7.93,1.02
3.0,5.0,2.0,0.6667,3,0.2,56,17.9,8.07,10.91,0.74
2.0,2.0,3.0,3.0,1,0.3,167,65.3,8.06,7.24,1.11
3.0,5.0,5.0,1.6667,3,0.1,53,34.0,7.96,3.79,2.1
2.0,2.0,10.0,3.3333,3,0.1,163,67.5,7.94,8.89,0.89
1.5,1.0,1.0,0.5,2,0.1,381,46.7,7.93,2.08,3.81
1.5,5.0,2.0,2.0,1,0.3,309,31.4,7.86,10.67,0.74
2.0,2.0,5.0,2.5,2,0.3,169,59.8,7.86,16.91,0.46
2.0,1.0,10.0,3.3333,3,0.1,178,82.6,7.83,6.62,1.18
3.0,3.0,1.0,0.3333,3,0.1,57,26.3,7.82,1.43,5.45
3.0,1.0,5.0,1.6667,3,0.3,57,71.9,7.71,5.45,1.41
1.0,3.0,2.0,2.0,1,0.2,792,43.1,7.66,9.44,0.81
1.0,3.0,1.0,0.5,2,0.1,1050,18.2,7.58,6.52,1.16
3.0,5.0,3.0,1.5,2,0.2,53,30.2,7.57,5.59,1.35
2.0,3.0,5.0,1.6667,3,0.2,166,39.8,7.55,15.11,0.5
1.5,1.0,5.0,1.6667,3,0.2,368,67.7,7.54,11.8,0.64
3.0,3.0,10.0,2.5,4,0.2,53,50.9,7.54,16.47,0.46
1.0,2.0,2.0,0.6667,3,0.1,1068,29.7,7.5,10.44,0.72
3.0,2.0,3.0,1.0,3,0.1,57,50.9,7.49,1.65,4.53
3.0,2.0,1.0,1.0,1,0.3,57,50.9,7.49,1.65,4.53
2.0,3.0,3.0,3.0,1,0.3,158,54.4,7.48,8.35,0.9
2.0,1.0,10.0,5.0,2,0.2,175,86.9,7.48,10.23,0.73
3.0,3.0,1.0,0.5,2,0.2,57,26.3,7.47,2.72,2.75
3.0,3.0,2.0,0.5,4,0.1,57,26.3,7.47,2.72,2.75
1.5,1.0,10.0,2.5,4,0.2,348,75.3,7.45,18.32,0.41
1.0,2.0,3.0,3.0,1,0.3,782,62.8,7.43,18.69,0.4
3.0,1.0,2.0,0.4,5,0.1,58,53.4,7.42,0.85,8.72
1.0,1.0,3.0,1.0,3,0.1,1086,56.2,7.38,15.11,0.49
1.0,1.0,1.0,1.0,1,0.3,1086,56.2,7.38,15.11,0.49
1.0,3.0,3.0,1.0,3,0.2,941,28.1,7.34,29.56,0.25
1.0,3.0,2.0,1.0,2,0.3,941,28.1,7.34,29.56,0.25
3.0,5.0,10.0,3.3333,3,0.1,51,47.1,7.32,7.57,0.97
3.0,5.0,3.0,0.75,4,0.2,56,17.9,7.31,15.71,0.47
3.0,5.0,1.0,0.3333,3,0.1,56,16.1,7.27,3.21,2.26
3.0,5.0,2.0,2.0,1,0.2,53,39.6,7.26,3.49,2.08
2.0,3.0,5.0,5.0,1,0.2,148,66.9,7.26,5.4,1.34
2.0,3.0,10.0,5.0,2,0.1,148,66.9,7.26,5.4,1.34
1.0,1.0,3.0,1.5,2,0.2,1031,64.8,7.21,22.65,0.32
2.0,1.0,2.0,2.0,1,0.3,183,74.3,7.21,4.04,1.79
3.0,1.0,1.0,0.5,2,0.3,58,53.4,7.2,1.44,5.01
2.0,1.0,3.0,1.5,2,0.1,186,71.5,7.17,1.63,4.39
1.5,1.0,3.0,1.5,2,0.3,370,65.4,7.08,10.26,0.69
2.0,3.0,1.0,1.0,1,0.2,172,32.6,7.07,3.42,2.07
2.0,3.0,2.0,1.0,2,0.1,172,32.6,7.07,3.42,2.07
2.0,1.0,2.0,1.0,2,0.1,187,64.2,7.06,1.18,5.96
2.0,1.0,1.0,1.0,1,0.2,187,64.2,7.06,1.18,5.96
3.0,5.0,2.0,1.0,2,0.2,55,23.6,6.94,7.48,0.93
1.0,1.0,2.0,0.6667,3,0.1,1126,47.2,6.88,9.74,0.71
1.0,3.0,5.0,1.0,5,0.1,941,28.1,6.87,25.18,0.27
1.0,3.0,3.0,1.0,3,0.3,941,28.1,6.81,41.5,0.16
1.5,2.0,1.0,1.0,1,0.1,360,42.8,6.77,1.47,4.62
1.5,2.0,2.0,2.0,1,0.1,340,57.4,6.75,1.79,3.76
3.0,2.0,1.0,0.5,2,0.1,58,46.6,6.73,0.61,11.07
3.0,2.0,2.0,2.0,1,0.2,55,67.3,6.67,1.71,3.9
3.0,2.0,5.0,5.0,1,0.2,54,81.5,6.64,2.67,2.49
3.0,2.0,10.0,5.0,2,0.1,54,81.5,6.64,2.67,2.49
2.0,3.0,3.0,1.5,2,0.1,168,39.9,6.58,3.83,1.72
3.0,1.0,1.0,0.25,4,0.1,58,50.0,6.56,0.42,15.65
2.0,2.0,2.0,1.0,2,0.1,178,42.7,6.56,2.46,2.67
2.0,2.0,1.0,1.0,1,0.2,178,42.7,6.56,2.46,2.67
3.0,1.0,10.0,2.5,4,0.2,56,78.6,6.54,7.4,0.88
3.0,1.0,2.0,0.6667,3,0.3,58,53.4,6.51,3.18,2.05
2.0,5.0,2.0,1.0,2,0.1,167,21.6,6.45,3.56,1.81
2.0,5.0,1.0,1.0,1,0.2,167,21.6,6.45,3.56,1.81
3.0,5.0,2.0,0.5,4,0.1,56,16.1,6.37,5.85,1.09
3.0,5.0,1.0,0.5,2,0.2,56,16.1,6.37,5.85,1.09
3.0,3.0,3.0,1.5,2,0.3,55,40.0,6.3,8.18,0.77
1.5,3.0,2.0,2.0,1,0.2,325,44.0,6.28,6.53,0.96
1.5,1.0,1.0,1.0,1,0.2,374,59.1,6.23,3.13,1.99
1.5,1.0,2.0,1.0,2,0.1,374,59.1,6.23,3.13,1.99
1.0,1.0,5.0,1.6667,3,0.3,1017,66.8,6.17,41.01,0.15
1.0,3.0,2.0,1.0,2,0.2,941,28.1,6.1,20.58,0.3
2.0,1.0,3.0,3.0,1,0.2,180,81.7,6.09,4.14,1.47
3.0,1.0,5.0,1.0,5,0.2,58,60.3,6.09,4.73,1.29
3.0,3.0,3.0,1.0,3,0.2,56,32.1,6.06,7.16,0.85
3.0,3.0,2.0,1.0,2,0.3,56,32.1,6.06,7.16,0.85
1.5,1.0,5.0,2.5,2,0.3,348,75.3,6.04,14.03,0.43
1.0,3.0,5.0,1.0,5,0.2,941,28.1,6.01,45.09,0.13
1.0,2.0,10.0,10.0,1,0.3,472,84.7,5.98,32.01,0.19
3.0,5.0,5.0,2.5,2,0.1,52,42.3,5.98,4.16,1.44
1.0,2.0,5.0,2.5,2,0.1,825,58.7,5.95,12.71,0.47
2.0,5.0,3.0,1.5,2,0.1,164,27.4,5.91,4.6,1.29
1.5,1.0,2.0,2.0,1,0.3,359,71.9,5.89,5.32,1.11
3.0,2.0,3.0,3.0,1,0.3,55,69.1,5.88,4.14,1.42
1.0,3.0,3.0,0.6,5,0.2,1026,19.9,5.88,40.44,0.15
3.0,1.0,10.0,3.3333,3,0.3,56,82.1,5.88,8.74,0.67
1.0,2.0,10.0,2.0,5,0.1,878,53.1,5.87,31.11,0.19
3.0,3.0,5.0,2.5,2,0.3,53,50.9,5.86,12.55,0.47
3.0,1.0,3.0,0.75,4,0.3,58,53.4,5.77,4.9,1.18
3.0,1.0,10.0,5.0,2,0.2,56,89.3,5.76,4.04,1.43
3.0,1.0,10.0,2.0,5,0.1,56,76.8,5.74,3.7,1.55
2.0,3.0,10.0,3.3333,3,0.3,153,55.6,5.72,28.59,0.2
3.0,2.0,5.0,2.5,2,0.1,55,69.1,5.7,2.2,2.59
2.0,1.0,5.0,5.0,1,0.3,175,86.9,5.67,7.71,0.74
2.0,2.0,3.0,1.5,2,0.1,175,50.3,5.64,3.12,1.81
1.0,1.0,5.0,1.6667,3,0.2,1017,66.8,5.6,29.33,0.19
1.0,3.0,3.0,0.6,5,0.1,1026,19.9,5.6,22.04,0.25
2.0,2.0,5.0,2.5,2,0.2,169,59.8,5.52,11.48,0.48
2.0,2.0,10.0,2.5,4,0.1,169,59.8,5.52,11.48,0.48
1.5,5.0,2.0,2.0,1,0.2,309,31.4,5.51,7.22,0.76
3.0,1.0,3.0,1.0,3,0.3,58,60.3,5.49,4.26,1.29
1.5,5.0,1.0,1.0,1,0.1,338,21.0,5.46,2.47,2.21
1.5,2.0,10.0,3.3333,3,0.2,311,65.3,5.44,29.49,0.18
2.0,2.0,3.0,3.0,1,0.2,167,65.3,5.41,4.87,1.11
1.0,2.0,3.0,3.0,1,0.2,782,62.8,5.37,12.76,0.42
2.0,1.0,5.0,2.5,2,0.1,181,78.5,5.34,3.39,1.57
1.5,2.0,10.0,3.3333,3,0.3,311,65.3,5.34,41.53,0.13
3.0,2.0,3.0,1.5,2,0.1,56,58.9,5.28,1.27,4.14
1.5,3.0,1.0,1.0,1,0.1,353,31.2,5.24,1.45,3.6
3.0,5.0,1.0,1.0,1,0.3,55,23.6,5.22,5.66,0.92
3.0,5.0,3.0,1.0,3,0.1,55,23.6,5.22,5.66,0.92
2.0,3.0,10.0,3.3333,3,0.2,153,55.6,5.21,19.59,0.27
3.0,2.0,10.0,10.0,1,0.1,52,92.3,5.18,1.64,3.15
3.0,1.0,5.0,1.6667,3,0.2,57,71.9,5.15,3.65,1.41
3.0,5.0,3.0,3.0,1,0.3,51,43.1,5.13,7.76,0.66
3.0,5.0,5.0,1.25,4,0.1,55,25.5,5.1,7.23,0.7
3.0,3.0,5.0,1.0,5,0.1,56,32.1,5.08,6.0,0.85
2.0,3.0,3.0,3.0,1,0.2,158,54.4,5.08,5.58,0.91
1.0,3.0,3.0,1.0,3,0.1,941,28.1,5.01,15.77,0.32
1.0,3.0,1.0,1.0,1,0.3,941,28.1,5.01,15.77,0.32
1.0,1.0,2.0,1.0,2,0.1,1086,56.2,4.97,10.32,0.48
1.0,1.0,1.0,1.0,1,0.2,1086,56.2,4.97,10.32,0.48
3.0,1.0,1.0,0.3333,3,0.1,58,53.4,4.96,0.39,12.75
3.0,2.0,2.0,1.0,2,0.1,57,50.9,4.95,1.1,4.48
3.0,2.0,1.0,1.0,1,0.2,57,50.9,4.95,1.1,4.48
3.0,3.0,2.0,2.0,1,0.3,54,48.1,4.94,5.02,0.99
3.0,1.0,5.0,2.5,2,0.3,56,78.6,4.94,5.59,0.88
1.0,2.0,10.0,10.0,1,0.2,472,84.7,4.89,22.35,0.22
1.5,1.0,3.0,1.5,2,0.2,370,65.4,4.89,6.92,0.71
2.0,1.0,2.0,2.0,1,0.2,183,74.3,4.78,2.69,1.78
3.0,1.0,1.0,0.5,2,0.2,58,53.4,4.76,0.96,4.97
3.0,1.0,2.0,0.5,4,0.1,58,53.4,4.76,0.96,4.97
2.0,1.0,10.0,10.0,1,0.1,162,94.4,4.73,2.47,1.91
3.0,3.0,5.0,1.25,4,0.3,56,33.9,4.67,14.59,0.32
3.0,1.0,10.0,10.0,1,0.3,54,94.4,4.62,4.43,1.04
3.0,3.0,3.0,0.75,4,0.1,57,28.1,4.59,4.75,0.97
1.0,2.0,2.0,2.0,1,0.3,878,53.1,4.57,19.82,0.23
3.0,1.0,3.0,0.6,5,0.1,58,53.4,4.55,1.54,2.95
3.0,3.0,2.0,0.6667,3,0.1,57,28.1,4.51,3.07,1.47
2.0,2.0,5.0,1.6667,3,0.1,174,50.6,4.41,7.24,0.61
3.0,3.0,5.0,1.6667,3,0.1,55,43.6,4.41,3.57,1.23
1.0,2.0,1.0,1.0,1,0.1,1002,38.1,4.36,4.84,0.9
3.0,1.0,2.0,0.6667,3,0.2,58,53.4,4.33,2.13,2.04
1.5,1.0,5.0,2.5,2,0.2,348,75.3,4.32,9.56,0.45
3.0,1.0,5.0,5.0,1,0.3,56,89.3,4.32,3.04,1.42
1.5,1.0,10.0,2.5,4,0.1,348,75.3,4.32,9.56,0.45
3.0,3.0,3.0,1.5,2,0.2,55,40.0,4.27,5.5,0.78
2.0,2.0,10.0,5.0,2,0.3,157,73.9,4.15,18.26,0.23
2.0,3.0,10.0,10.0,1,0.3,123,78.9,4.11,13.08,0.31
2.0,3.0,5.0,1.6667,3,0.1,166,39.8,4.11,7.65,0.54
3.0,3.0,2.0,1.0,2,0.2,56,32.1,4.08,4.82,0.85
3.0,5.0,2.0,0.6667,3,0.1,56,17.9,4.08,5.61,0.73
3.0,5.0,10.0,10.0,1,0.1,42,73.8,4.06,4.02,1.01
3.0,1.0,10.0,3.3333,3,0.2,56,82.1,4.03,5.85,0.69
3.0,3.0,10.0,2.5,4,0.1,53,50.9,4.03,8.5,0.47
3.0,3.0,5.0,2.5,2,0.2,53,50.9,4.03,8.5,0.47
1.0,3.0,2.0,2.0,1,0.1,792,43.1,4.01,4.8,0.84
1.5,1.0,5.0,1.6667,3,0.1,368,67.7,3.97,6.03,0.66
1.5,1.0,2.0,2.0,1,0.2,359,71.9,3.96,3.56,1.11
3.0,2.0,3.0,3.0,1,0.2,55,69.1,3.91,2.77,1.41
3.0,1.0,3.0,0.75,4,0.2,58,53.4,3.89,3.28,1.18
1.0,1.0,3.0,1.5,2,0.1,1031,64.8,3.85,11.96,0.32
2.0,1.0,10.0,5.0,2,0.1,175,86.9,3.82,5.17,0.74
2.0,1.0,5.0,5.0,1,0.2,175,86.9,3.82,5.17,0.74
3.0,5.0,3.0,1.5,2,0.1,53,30.2,3.81,2.81,1.36
3.0,5.0,3.0,0.75,4,0.1,56,17.9,3.81,8.18,0.47
3.0,1.0,3.0,1.5,2,0.3,57,68.4,3.7,3.68,1.01
3.0,3.0,1.0,0.5,2,0.1,57,26.3,3.7,1.37,2.71
3.0,1.0,3.0,1.0,3,0.2,58,60.3,3.68,2.85,1.29
2.0,3.0,5.0,5.0,1,0.1,148,66.9,3.68,2.71,1.36
3.0,1.0,2.0,1.0,2,0.3,58,60.3,3.68,2.85,1.29
1.0,3.0,1.0,1.0,1,0.2,941,28.1,3.63,10.74,0.34
1.0,3.0,2.0,1.0,2,0.1,941,28.1,3.63,10.74,0.34
1.5,2.0,10.0,3.3333,3,0.1,311,65.3,3.62,15.67,0.23
3.0,5.0,2.0,2.0,1,0.1,53,39.6,3.6,1.75,2.06
3.0,3.0,10.0,10.0,1,0.3,45,80.0,3.55,12.77,0.28
1.0,1.0,5.0,1.6667,3,0.1,1017,66.8,3.51,15.73,0.22
2.0,3.0,1.0,1.0,1,0.1,172,32.6,3.51,1.72,2.04
3.0,5.0,1.0,1.0,1,0.2,55,23.6,3.48,3.8,0.92
3.0,5.0,2.0,1.0,2,0.1,55,23.6,3.48,3.8,0.92
2.0,1.0,1.0,1.0,1,0.1,187,64.2,3.48,0.59,5.86
3.0,5.0,3.0,3.0,1,0.2,51,43.1,3.48,5.21,0.67
3.0,3.0,5.0,1.25,4,0.2,56,33.9,3.45,9.88,0.35
3.0,1.0,2.0,2.0,1,0.3,56,76.8,3.43,2.23,1.54
1.0,2.0,2.0,2.0,1,0.2,878,53.1,3.39,13.62,0.25
2.0,2.0,10.0,5.0,2,0.2,157,73.9,3.37,12.29,0.27
3.0,1.0,5.0,2.5,2,0.2,56,78.6,3.32,3.75,0.88
3.0,1.0,10.0,2.5,4,0.1,56,78.6,3.32,3.75,0.88
3.0,3.0,2.0,2.0,1,0.2,54,48.1,3.3,3.36,0.98
3.0,2.0,2.0,2.0,1,0.1,55,67.3,3.29,0.86,3.84
3.0,2.0,5.0,5.0,1,0.1,54,81.5,3.29,1.34,2.46
2.0,3.0,10.0,3.3333,3,0.1,153,55.6,3.28,10.04,0.33
2.0,2.0,1.0,1.0,1,0.1,178,42.7,3.25,1.24,2.63
2.0,5.0,1.0,1.0,1,0.1,167,21.6,3.23,1.79,1.81
1.5,3.0,2.0,2.0,1,0.1,325,44.0,3.2,3.29,0.97
3.0,5.0,1.0,0.5,2,0.1,56,16.1,3.18,2.97,1.07
3.0,1.0,10.0,10.0,1,0.2,54,94.4,3.09,2.96,1.05
1.5,1.0,1.0,1.0,1,0.1,374,59.1,3.09,1.58,1.95
2.0,3.0,10.0,10.0,1,0.2,123,78.9,3.08,8.78,0.35
3.0,3.0,1.0,1.0,1,0.3,56,32.1,3.08,3.63,0.85
3.0,3.0,3.0,1.0,3,0.1,56,32.1,3.08,3.63,0.85
3.0,1.0,5.0,1.0,5,0.1,58,60.3,3.07,2.38,1.29
2.0,1.0,3.0,3.0,1,0.1,180,81.7,3.02,2.08,1.45
1.0,2.0,3.0,3.0,1,0.1,782,62.8,2.89,6.53,0.44
1.5,5.0,2.0,2.0,1,0.1,309,31.4,2.89,3.66,0.79
2.0,2.0,5.0,2.5,2,0.1,169,59.8,2.89,5.85,0.49
1.0,2.0,10.0,10.0,1,0.1,472,84.7,2.88,11.69,0.25
3.0,1.0,10.0,5.0,2,0.1,56,89.3,2.88,2.03,1.42
3.0,1.0,5.0,5.0,1,0.2,56,89.3,2.88,2.03,1.42
3.0,1.0,5.0,1.25,4,0.3,58,62.1,2.77,5.84,0.47
2.0,2.0,5.0,5.0,1,0.3,157,73.9,2.75,9.26,0.3
2.0,2.0,3.0,3.0,1,0.1,167,65.3,2.72,2.45,1.11
1.0,2.0,10.0,2.0,5,0.2,878,53.1,2.68,53.61,0.05
1.5,1.0,10.0,5.0,2,0.3,323,85.4,2.6,20.17,0.13
1.5,2.0,10.0,5.0,2,0.2,290,73.4,2.59,21.01,0.12
3.0,1.0,5.0,1.6667,3,0.1,57,71.9,2.58,1.84,1.41
2.0,3.0,3.0,3.0,1,0.1,158,54.4,2.58,2.8,0.92
3.0,3.0,10.0,3.3333,3,0.3,52,55.8,2.56,20.84,0.12
1.5,1.0,3.0,1.5,2,0.1,370,65.4,2.52,3.5,0.72
1.0,1.0,1.0,1.0,1,0.1,1086,56.2,2.51,5.28,0.48
1.5,2.0,3.0,3.0,1,0.3,319,62.7,2.51,14.22,0.18
3.0,1.0,3.0,1.5,2,0.2,57,68.4,2.49,2.46,1.01
3.0,3.0,10.0,10.0,1,0.2,45,80.0,2.48,8.65,0.29
3.0,1.0,2.0,1.0,2,0.2,58,60.3,2.46,1.91,1.29
3.0,2.0,1.0,1.0,1,0.1,57,50.9,2.45,0.55,4.43
2.0,1.0,2.0,2.0,1,0.1,183,74.3,2.38,1.35,1.76
1.5,2.0,5.0,5.0,1,0.3,290,73.4,2.37,16.05,0.15
3.0,1.0,1.0,0.5,2,0.1,58,53.4,2.36,0.48,4.92
2.0,3.0,5.0,2.5,2,0.3,160,48.1,2.35,16.64,0.14
1.5,1.0,10.0,5.0,2,0.2,323,85.4,2.33,13.8,0.17
1.5,1.0,5.0,2.5,2,0.1,348,75.3,2.3,4.88,0.47
3.0,1.0,2.0,2.0,1,0.2,56,76.8,2.29,1.49,1.53
3.0,3.0,10.0,3.3333,3,0.2,52,55.8,2.17,14.24,0.15
3.0,3.0,3.0,1.5,2,0.1,55,40.0,2.17,2.77,0.78
3.0,1.0,2.0,0.6667,3,0.1,58,53.4,2.16,1.07,2.03
1.5,2.0,10.0,5.0,2,0.3,290,73.4,2.16,30.35,0.07
2.0,3.0,10.0,2.5,4,0.2,160,48.1,2.16,22.15,0.1
0.5,2.0,10.0,10.0,1,0.2,886,84.4,2.09,18.15,0.12
3.0,3.0,5.0,2.5,2,0.1,53,50.9,2.08,4.32,0.48
3.0,1.0,10.0,3.3333,3,0.1,56,82.1,2.07,2.93,0.71
3.0,3.0,1.0,1.0,1,0.2,56,32.1,2.06,2.43,0.85
3.0,3.0,2.0,1.0,2,0.1,56,32.1,2.06,2.43,0.85
2.0,3.0,5.0,2.5,2,0.2,160,48.1,2.05,11.08,0.19
2.0,3.0,10.0,2.5,4,0.1,160,48.1,2.05,11.08,0.19
1.5,1.0,2.0,2.0,1,0.1,359,71.9,1.99,1.79,1.11
2.0,2.0,5.0,5.0,1,0.2,157,73.9,1.98,6.2,0.32
2.0,2.0,10.0,5.0,2,0.1,157,73.9,1.98,6.2,0.32
1.5,1.0,5.0,5.0,1,0.3,323,85.4,1.97,10.49,0.19
3.0,1.0,3.0,0.75,4,0.1,58,53.4,1.96,1.65,1.19
1.0,3.0,1.0,1.0,1,0.1,941,28.1,1.95,5.49,0.36
3.0,2.0,3.0,3.0,1,0.1,55,69.1,1.95,1.39,1.41
3.0,1.0,5.0,1.25,4,0.2,58,62.1,1.95,3.91,0.5
2.0,1.0,5.0,5.0,1,0.1,175,86.9,1.93,2.6,0.74
0.5,2.0,10.0,10.0,1,0.1,886,84.4,1.9,9.36,0.2
3.0,3.0,5.0,1.25,4,0.1,56,33.9,1.89,5.02,0.38
1.5,2.0,3.0,3.0,1,0.2,319,62.7,1.86,9.64,0.19
1.0,2.0,2.0,2.0,1,0.1,878,53.1,1.86,7.01,0.26
1.5,2.0,10.0,5.0,2,0.1,290,73.4,1.86,10.89,0.17
1.5,2.0,5.0,5.0,1,0.2,290,73.4,1.86,10.89,0.17
3.0,1.0,1.0,1.0,1,0.3,58,60.3,1.85,1.43,1.29
3.0,1.0,3.0,1.0,3,0.1,58,60.3,1.85,1.43,1.29
2.0,5.0,5.0,1.6667,3,0.2,162,27.2,1.76,20.06,0.09
3.0,5.0,3.0,3.0,1,0.1,51,43.1,1.76,2.62,0.67
3.0,5.0,1.0,1.0,1,0.1,55,23.6,1.75,1.92,0.91
2.0,3.0,10.0,10.0,1,0.1,123,78.9,1.71,4.41,0.39
3.0,1.0,5.0,2.5,2,0.1,56,78.6,1.67,1.89,0.88
3.0,3.0,2.0,2.0,1,0.1,54,48.1,1.66,1.69,0.98
2.0,2.0,10.0,2.0,5,0.1,171,53.2,1.61,13.96,0.11
3.0,1.0,10.0,10.0,1,0.1,54,94.4,1.55,1.48,1.05
1.0,3.0,10.0,5.0,2,0.1,560,64.1,1.54,16.81,0.09
1.0,3.0,5.0,5.0,1,0.2,560,64.1,1.54,16.81,0.09
2.0,5.0,5.0,1.6667,3,0.1,162,27.2,1.51,10.15,0.15
1.0,3.0,10.0,10.0,1,0.2,383,78.1,1.5,18.06,0.08
2.0,2.0,10.0,2.0,5,0.2,171,53.2,1.49,26.53,0.06
1.5,1.0,5.0,5.0,1,0.2,323,85.4,1.46,7.08,0.21
1.5,1.0,10.0,5.0,2,0.1,323,85.4,1.46,7.08,0.21
3.0,1.0,5.0,5.0,1,0.1,56,89.3,1.44,1.02,1.42
3.0,3.0,10.0,3.3333,3,0.1,52,55.8,1.32,7.3,0.18
1.0,3.0,10.0,10.0,1,0.1,383,78.1,1.31,9.29,0.14
3.0,3.0,10.0,10.0,1,0.1,45,80.0,1.3,4.4,0.29
2.0,3.0,5.0,2.5,2,0.1,160,48.1,1.26,5.52,0.23
3.0,1.0,3.0,1.5,2,0.1,57,68.4,1.25,1.23,1.01
3.0,1.0,2.0,1.0,2,0.1,58,60.3,1.24,0.96,1.29
3.0,1.0,1.0,1.0,1,0.2,58,60.3,1.24,0.96,1.29
1.0,3.0,5.0,2.5,2,0.1,738,47.6,1.23,11.16,0.11
0.5,5.0,10.0,10.0,1,0.1,384,67.7,1.21,9.45,0.13
1.0,3.0,5.0,5.0,1,0.1,560,64.1,1.19,8.65,0.14
2.0,2.0,2.0,2.0,1,0.3,171,53.2,1.17,8.55,0.14
3.0,1.0,2.0,2.0,1,0.1,56,76.8,1.14,0.75,1.53
1.0,3.0,5.0,5.0,1,0.3,560,64.1,1.06,24.47,0.04
1.5,2.0,5.0,5.0,1,0.1,290,73.4,1.06,5.54,0.19
2.0,2.0,5.0,5.0,1,0.1,157,73.9,1.06,3.11,0.34
3.0,3.0,1.0,1.0,1,0.1,56,32.1,1.03,1.22,0.85
3.0,1.0,5.0,1.25,4,0.1,58,62.1,1.03,1.97,0.52
1.5,2.0,3.0,3.0,1,0.1,319,62.7,1.02,4.9,0.21
0.5,3.0,10.0,10.0,1,0.1,616,77.9,0.94,10.85,0.09
1.0,3.0,3.0,0.6,5,0.3,1026,19.9,0.92,55.39,0.02
2.0,2.0,2.0,2.0,1,0.2,171,53.2,0.85,5.75,0.15
1.5,1.0,5.0,5.0,1,0.1,323,85.4,0.8,3.59,0.22
2.0,5.0,5.0,1.6667,3,0.3,162,27.2,0.75,29.56,0.03
1.0,3.0,3.0,3.0,1,0.2,684,51.9,0.69,10.35,0.07
3.0,1.0,3.0,3.0,1,0.3,56,78.6,0.65,3.51,0.19
1.0,3.0,3.0,3.0,1,0.1,684,51.9,0.65,5.25,0.12
3.0,1.0,1.0,1.0,1,0.1,58,60.3,0.62,0.48,1.29
1.0,3.0,10.0,10.0,1,0.3,383,78.1,0.53,26.29,0.02
0.5,2.0,10.0,10.0,1,0.3,886,84.4,0.52,26.35,0.02
0.5,5.0,10.0,10.0,1,0.2,384,67.7,0.5,18.18,0.03
2.0,2.0,2.0,2.0,1,0.1,171,53.2,0.46,2.91,0.16
3.0,1.0,3.0,3.0,1,0.2,56,78.6,0.45,2.35,0.19
1.0,5.0,10.0,10.0,1,0.1,290,67.6,0.38,7.83,0.05
2.0,3.0,10.0,2.5,4,0.3,160,48.1,0.31,32.88,0.01
3.0,1.0,3.0,3.0,1,0.1,56,78.6,0.23,1.18,0.2
1.0,3.0,5.0,2.5,2,0.2,738,47.6,0.22,21.51,0.01
1.0,3.0,10.0,2.5,4,0.1,738,47.6,0.22,21.51,0.01
1.0,3.0,2.0,0.6667,3,0.1,1009,21.0,0.11,12.8,0.01
1.0,3.0,3.0,3.0,1,0.3,684,51.9,0.1,15.28,0.01
3.0,3.0,3.0,3.0,1,0.2,52,51.9,0.07,5.86,0.01
3.0,3.0,3.0,3.0,1,0.1,52,51.9,0.06,2.96,0.02
0.5,3.0,10.0,10.0,1,0.2,616,77.9,0.05,20.83,0.0
3.0,3.0,3.0,3.0,1,0.3,52,51.9,0.03,8.7,0.0
1.0,3.0,10.0,5.0,2,0.2,560,64.1,-0.26,31.63,-0.01
2.0,3.0,2.0,2.0,1,0.1,163,41.7,-0.28,4.17,-0.07
2.0,2.0,10.0,2.0,5,0.3,171,53.2,-0.34,37.73,-0.01
2.0,5.0,3.0,3.0,1,0.1,151,38.4,-0.52,4.78,-0.11
3.0,5.0,5.0,5.0,1,0.1,48,50.0,-0.54,3.07,-0.18
2.0,3.0,2.0,2.0,1,0.2,163,41.7,-0.66,8.24,-0.08
1.0,5.0,10.0,10.0,1,0.2,290,67.6,-0.69,15.31,-0.04
1.5,1.0,3.0,3.0,1,0.1,343,77.0,-0.78,3.54,-0.22
0.5,5.0,5.0,5.0,1,0.1,759,51.0,-1.04,9.49,-0.11
2.0,2.0,10.0,10.0,1,0.1,134,83.6,-1.07,4.76,-0.22
2.0,3.0,2.0,2.0,1,0.3,163,41.7,-1.13,12.2,-0.09
3.0,5.0,10.0,5.0,2,0.1,48,50.0,-1.19,6.07,-0.2
3.0,5.0,5.0,5.0,1,0.2,48,50.0,-1.19,6.07,-0.2
3.0,3.0,5.0,5.0,1,0.1,51,60.8,-1.24,3.2,-0.39
2.0,5.0,2.0,2.0,1,0.1,159,28.9,-1.26,4.91,-0.26
2.0,5.0,3.0,3.0,1,0.2,151,38.4,-1.27,9.47,-0.13
2.0,5.0,10.0,10.0,1,0.1,108,66.7,-1.34,6.83,-0.2
1.0,5.0,2.0,2.0,1,0.1,685,29.8,-1.39,6.61,-0.21
1.5,3.0,5.0,2.5,2,0.1,315,47.0,-1.47,10.94,-0.13
1.5,1.0,3.0,3.0,1,0.2,343,77.0,-1.64,7.0,-0.23
1.5,3.0,5.0,5.0,1,0.1,268,63.1,-1.67,6.61,-0.25
1.0,5.0,3.0,0.6,5,0.1,969,12.6,-1.68,22.34,-0.08
1.0,3.0,2.0,0.6667,3,0.2,1009,21.0,-1.77,24.29,-0.07
1.5,5.0,10.0,10.0,1,0.1,184,66.8,-1.78,6.79,-0.26
1.0,5.0,3.0,3.0,1,0.1,583,38.4,-1.95,7.12,-0.27
3.0,5.0,5.0,5.0,1,0.3,48,50.0,-1.96,9.0,-0.22
2.0,5.0,5.0,2.5,2,0.1,156,34.0,-1.99,8.43,-0.24
0.5,5.0,10.0,10.0,1,0.3,384,67.7,-2.1,26.23,-0.08
2.0,5.0,3.0,3.0,1,0.3,151,38.4,-2.23,14.06,-0.16
1.5,3.0,10.0,10.0,1,0.1,213,77.0,-2.23,7.42,-0.3
1.5,2.0,10.0,10.0,1,0.1,242,83.5,-2.24,5.87,-0.38
1.0,3.0,5.0,1.0,5,0.3,941,28.1,-2.27,60.48,-0.04
2.0,3.0,10.0,2.0,5,0.1,163,41.7,-2.36,19.81,-0.12
2.0,2.0,10.0,10.0,1,0.2,134,83.6,-2.39,9.52,-0.25
1.0,1.0,2.0,2.0,1,0.1,993,69.2,-2.5,6.95,-0.36
1.5,3.0,3.0,3.0,1,0.1,302,50.3,-2.52,6.53,-0.39
2.0,5.0,5.0,5.0,1,0.1,138,49.3,-2.52,5.31,-0.47
3.0,3.0,5.0,5.0,1,0.2,51,60.8,-2.54,6.36,-0.4
3.0,3.0,10.0,5.0,2,0.1,51,60.8,-2.54,6.36,-0.4
1.5,1.0,3.0,3.0,1,0.3,343,77.0,-2.6,10.38,-0.25
0.5,3.0,10.0,10.0,1,0.3,616,77.9,-2.64,29.96,-0.09
2.0,5.0,2.0,2.0,1,0.2,159,28.9,-2.66,9.7,-0.27
3.0,5.0,10.0,5.0,2,0.2,48,50.0,-2.84,11.86,-0.24
1.0,3.0,5.0,2.5,2,0.3,738,47.6,-2.96,31.03,-0.1
1.0,2.0,5.0,5.0,1,0.1,656,72.3,-3.04,12.09,-0.25
1.0,5.0,10.0,10.0,1,0.3,290,67.6,-3.16,22.72,-0.14
2.0,5.0,10.0,10.0,1,0.2,108,66.7,-3.19,13.41,-0.24
1.5,5.0,3.0,3.0,1,0.1,286,37.4,-3.22,6.62,-0.49
1.0,1.0,3.0,3.0,1,0.1,905,76.6,-3.42,7.46,-0.46
1.0,5.0,2.0,2.0,1,0.2,685,29.8,-3.44,12.86,-0.27
1.5,1.0,10.0,10.0,1,0.1,291,90.7,-3.59,5.78,-0.62
1.5,3.0,10.0,5.0,2,0.1,268,63.1,-3.69,13.01,-0.28
1.5,3.0,5.0,5.0,1,0.2,268,63.1,-3.69,13.01,-0.28
1.0,3.0,3.0,0.75,4,0.1,998,22.5,-3.72,22.19,-0.17
1.5,3.0,5.0,2.5,2,0.2,315,47.0,-3.83,21.32,-0.18
1.5,3.0,10.0,2.5,4,0.1,315,47.0,-3.83,21.32,-0.18
3.0,3.0,5.0,5.0,1,0.3,51,60.8,-3.9,9.46,-0.41
0.5,5.0,5.0,5.0,1,0.2,759,51.0,-3.91,18.25,-0.21
0.5,5.0,10.0,5.0,2,0.1,759,51.0,-3.91,18.25,-0.21
2.0,2.0,10.0,10.0,1,0.3,134,83.6,-3.95,14.28,-0.28
2.0,5.0,2.0,2.0,1,0.3,159,28.9,-4.2,14.35,-0.29
1.5,5.0,10.0,10.0,1,0.2,184,66.8,-4.43,13.33,-0.33
2.0,5.0,5.0,2.5,2,0.2,156,34.0,-4.69,16.56,-0.28
2.0,5.0,10.0,2.5,4,0.1,156,34.0,-4.69,16.56,-0.28
1.0,5.0,3.0,3.0,1,0.2,583,38.4,-4.71,13.83,-0.34
1.5,2.0,10.0,10.0,1,0.2,242,83.5,-4.89,11.53,-0.42
3.0,5.0,10.0,5.0,2,0.3,48,50.0,-4.92,17.38,-0.28
1.5,3.0,10.0,10.0,1,0.2,213,77.0,-5.02,14.48,-0.35
1.5,1.0,10.0,3.3333,3,0.1,339,78.2,-5.03,12.2,-0.41
1.0,1.0,2.0,2.0,1,0.2,993,69.2,-5.11,13.47,-0.38
1.5,3.0,3.0,3.0,1,0.2,302,50.3,-5.24,12.82,-0.41
1.0,3.0,10.0,5.0,2,0.3,560,64.1,-5.27,44.5,-0.12
2.0,5.0,5.0,5.0,1,0.2,138,49.3,-5.3,10.53,-0.5
2.0,5.0,10.0,5.0,2,0.1,138,49.3,-5.3,10.53,-0.5
1.0,5.0,1.0,1.0,1,0.1,855,17.3,-5.32,8.19,-0.65
3.0,3.0,10.0,5.0,2,0.2,51,60.8,-5.32,12.51,-0.43
1.0,5.0,5.0,5.0,1,0.1,451,49.9,-5.43,8.8,-0.62
1.0,3.0,2.0,0.6667,3,0.3,1009,21.0,-5.5,34.56,-0.16
2.0,5.0,10.0,10.0,1,0.3,108,66.7,-5.54,19.73,-0.28
1.5,5.0,5.0,2.5,2,0.1,298,33.6,-5.55,12.84,-0.43
1.0,5.0,3.0,1.5,2,0.1,747,24.1,-6.01,15.9,-0.38
1.5,5.0,5.0,5.0,1,0.1,241,48.5,-6.02,7.63,-0.79
1.5,3.0,5.0,5.0,1,0.3,268,63.1,-6.06,19.19,-0.32
1.0,5.0,2.0,2.0,1,0.3,685,29.8,-6.1,18.77,-0.33
1.0,5.0,2.0,0.6667,3,0.1,946,13.2,-6.43,13.88,-0.46
1.0,2.0,5.0,5.0,1,0.2,656,72.3,-6.59,22.88,-0.29
1.0,2.0,10.0,5.0,2,0.1,656,72.3,-6.59,22.88,-0.29
2.0,5.0,10.0,3.3333,3,0.1,144,39.6,-6.66,16.13,-0.41
1.5,5.0,3.0,3.0,1,0.2,286,37.4,-6.74,13.11,-0.51
1.0,1.0,5.0,2.5,2,0.1,947,73.3,-6.85,14.25,-0.48
1.0,1.0,3.0,3.0,1,0.2,905,76.6,-6.97,14.45,-0.48
2.0,3.0,10.0,2.0,5,0.2,163,41.7,-6.98,36.92,-0.19
1.5,3.0,5.0,2.5,2,0.3,315,47.0,-7.01,31.05,-0.23
1.5,1.0,10.0,10.0,1,0.2,291,90.7,-7.34,11.42,-0.64
0.5,3.0,5.0,5.0,1,0.1,1157,63.0,-7.45,13.24,-0.56
2.0,5.0,10.0,2.0,5,0.1,159,28.9,-7.63,23.23,-0.33
1.0,5.0,5.0,2.5,2,0.1,627,34.0,-7.8,12.03,-0.65
1.0,1.0,2.0,2.0,1,0.3,993,69.2,-7.84,19.59,-0.4
1.5,5.0,10.0,10.0,1,0.3,184,66.8,-7.86,19.71,-0.4
0.5,1.0,10.0,10.0,1,0.1,1432,91.3,-7.89,11.02,-0.72
1.5,2.0,10.0,10.0,1,0.3,242,83.5,-7.93,16.99,-0.47
2.0,5.0,5.0,2.5,2,0.3,156,34.0,-8.03,24.32,-0.33
1.0,3.0,10.0,2.5,4,0.2,738,47.6,-8.1,39.72,-0.2
1.5,3.0,3.0,3.0,1,0.3,302,50.3,-8.13,18.87,-0.43
1.0,5.0,3.0,3.0,1,0.3,583,38.4,-8.2,20.15,-0.41
3.0,3.0,10.0,5.0,2,0.3,51,60.8,-8.31,18.45,-0.45
2.0,5.0,5.0,5.0,1,0.3,138,49.3,-8.33,15.64,-0.53
1.5,3.0,10.0,10.0,1,0.3,213,77.0,-8.33,21.19,-0.39
0.5,5.0,5.0,5.0,1,0.3,759,51.0,-8.45,26.33,-0.32
1.5,3.0,10.0,5.0,2,0.2,268,63.1,-8.73,25.14,-0.35
1.0,2.0,10.0,2.0,5,0.3,878,53.1,-8.78,69.47,-0.13
1.0,1.0,10.0,10.0,1,0.1,627,90.4,-9.42,10.96,-0.86
1.0,3.0,10.0,3.3333,3,0.1,662,53.6,-9.84,24.14,-0.41
1.5,5.0,3.0,3.0,1,0.3,286,37.4,-10.51,19.43,-0.54
1.0,2.0,5.0,5.0,1,0.3,656,72.3,-10.6,32.51,-0.33
1.0,1.0,3.0,3.0,1,0.3,905,76.6,-10.62,20.98,-0.51
1.5,1.0,10.0,3.3333,3,0.2,339,78.2,-10.7,23.53,-0.45
1.5,5.0,10.0,3.3333,3,0.1,276,39.9,-10.72,18.83,-0.57
1.0,1.0,5.0,5.0,1,0.1,796,82.7,-10.74,12.37,-0.87
1.5,3.0,10.0,3.3333,3,0.1,292,52.4,-10.75,21.01,-0.51
1.0,5.0,1.0,1.0,1,0.2,855,17.3,-10.76,15.85,-0.68
1.0,5.0,2.0,1.0,2,0.1,855,17.3,-10.76,15.85,-0.68
1.0,5.0,3.0,0.6,5,0.2,969,12.6,-10.78,41.38,-0.26
1.0,3.0,3.0,0.75,4,0.2,998,22.5,-10.8,40.42,-0.27
1.5,3.0,10.0,2.5,4,0.2,315,47.0,-10.94,40.06,-0.27
1.5,1.0,10.0,10.0,1,0.3,291,90.7,-11.21,17.01,-0.66
1.0,5.0,5.0,1.6667,3,0.1,723,25.9,-11.26,21.4,-0.53
2.0,5.0,10.0,5.0,2,0.2,138,49.3,-11.56,20.63,-0.56
1.0,5.0,5.0,5.0,1,0.2,451,49.9,-11.56,17.23,-0.67
1.0,5.0,10.0,5.0,2,0.1,451,49.9,-11.56,17.23,-0.67
2.0,5.0,10.0,2.5,4,0.2,156,34.0,-11.93,31.69,-0.38
1.0,2.0,10.0,3.3333,3,0.1,759,63.5,-12.04,22.63,-0.53
1.5,5.0,5.0,2.5,2,0.2,298,33.6,-12.1,24.97,-0.48
1.5,5.0,10.0,2.5,4,0.1,298,33.6,-12.1,24.97,-0.48
1.5,5.0,10.0,5.0,2,0.1,241,48.5,-12.21,15.14,-0.81
1.5,5.0,5.0,5.0,1,0.2,241,48.5,-12.21,15.14,-0.81
1.0,5.0,10.0,3.3333,3,0.1,550,40.5,-12.32,25.71,-0.48
1.0,5.0,10.0,2.0,5,0.1,685,29.8,-13.02,29.61,-0.44
2.0,3.0,10.0,2.0,5,0.3,163,41.7,-13.51,51.31,-0.26
1.0,1.0,10.0,2.0,5,0.1,993,69.2,-13.55,30.69,-0.44
1.0,5.0,3.0,1.5,2,0.2,747,24.1,-13.64,29.93,-0.46
1.0,1.0,5.0,2.5,2,0.2,947,73.3,-14.03,26.68,-0.53
1.0,1.0,10.0,2.5,4,0.1,947,73.3,-14.03,26.68,-0.53
0.5,2.0,5.0,5.0,1,0.1,1545,71.5,-14.13,16.47,-0.86
0.5,5.0,10.0,5.0,2,0.2,759,51.0,-14.41,33.76,-0.43
2.0,5.0,10.0,3.3333,3,0.2,144,39.6,-14.72,30.9,-0.48
1.5,3.0,10.0,5.0,2,0.3,268,63.1,-14.9,36.28,-0.41
1.0,2.0,10.0,5.0,2,0.2,656,72.3,-14.99,41.06,-0.37
1.0,5.0,2.0,0.6667,3,0.2,946,13.2,-15.08,26.51,-0.57
0.5,3.0,2.0,2.0,1,0.1,2324,40.6,-15.42,16.34,-0.94
0.5,3.0,5.0,5.0,1,0.2,1157,63.0,-15.81,24.99,-0.63
0.5,3.0,10.0,5.0,2,0.1,1157,63.0,-15.81,24.99,-0.63
1.0,5.0,3.0,1.0,3,0.1,855,17.3,-16.24,22.99,-0.71
1.0,5.0,1.0,1.0,1,0.3,855,17.3,-16.24,22.99,-0.71
0.5,3.0,5.0,2.5,2,0.1,2002,46.6,-16.27,20.58,-0.79
0.5,1.0,10.0,10.0,1,0.2,1432,91.3,-16.33,21.35,-0.77
1.5,1.0,10.0,3.3333,3,0.3,339,78.2,-16.88,33.93,-0.5
0.5,3.0,3.0,3.0,1,0.1,1727,49.9,-17.26,17.96,-0.96
1.0,5.0,10.0,2.5,4,0.1,627,34.0,-17.61,23.49,-0.75
1.0,5.0,5.0,2.5,2,0.2,627,34.0,-17.61,23.49,-0.75
2.0,5.0,10.0,2.0,5,0.2,159,28.9,-17.94,42.87,-0.42
1.0,5.0,5.0,5.0,1,0.3,451,49.9,-18.22,25.25,-0.72
0.5,5.0,3.0,3.0,1,0.1,1188,36.7,-18.42,18.82,-0.98
1.5,5.0,5.0,5.0,1,0.3,241,48.5,-18.49,22.47,-0.82
1.0,1.0,10.0,10.0,1,0.2,627,90.4,-18.51,21.25,-0.87
2.0,5.0,10.0,5.0,2,0.3,138,49.3,-18.53,30.39,-0.61
0.5,5.0,2.0,2.0,1,0.1,1660,28.3,-19.04,20.13,-0.95
0.5,2.0,3.0,3.0,1,0.1,2239,60.2,-19.15,20.9,-0.92
1.5,5.0,5.0,2.5,2,0.3,298,33.6,-19.38,36.19,-0.54
0.5,1.0,5.0,5.0,1,0.1,2400,83.5,-19.43,19.65,-0.99
1.0,3.0,3.0,0.75,4,0.3,998,22.5,-20.44,55.09,-0.37
1.5,3.0,10.0,2.5,4,0.3,315,47.0,-20.59,55.78,-0.37
1.0,1.0,10.0,5.0,2,0.1,796,82.7,-20.66,23.5,-0.88
1.0,1.0,5.0,5.0,1,0.2,796,82.7,-20.66,23.5,-0.88
2.0,5.0,10.0,2.5,4,0.3,156,34.0,-21.06,45.42,-0.46
1.0,5.0,5.0,1.25,4,0.1,796,20.6,-21.24,32.92,-0.65
1.0,1.0,5.0,2.5,2,0.3,947,73.3,-21.38,37.48,-0.57
1.0,5.0,2.0,1.0,2,0.2,855,17.3,-21.73,29.64,-0.73
1.0,5.0,3.0,1.5,2,0.3,747,24.1,-22.42,42.15,-0.53
1.5,3.0,10.0,3.3333,3,0.2,292,52.4,-22.43,38.92,-0.58
1.0,3.0,10.0,2.5,4,0.3,738,47.6,-22.88,54.71,-0.42
1.0,5.0,3.0,0.75,4,0.1,934,13.7,-22.94,26.49,-0.87
0.5,5.0,1.0,1.0,1,0.1,2756,16.8,-22.94,23.7,-0.97
1.0,1.0,10.0,3.3333,3,0.1,880,77.0,-23.15,26.14,-0.89
1.0,3.0,10.0,3.3333,3,0.2,662,53.6,-23.41,43.54,-0.54
1.5,5.0,10.0,3.3333,3,0.2,276,39.9,-23.5,36.37,-0.65
2.0,5.0,10.0,3.3333,3,0.3,144,39.6,-23.72,44.06,-0.54
0.5,3.0,1.0,1.0,1,0.1,3565,25.6,-24.65,25.92,-0.95
1.0,2.0,10.0,5.0,2,0.3,656,72.3,-24.66,55.37,-0.45
0.5,3.0,5.0,5.0,1,0.3,1157,63.0,-24.74,35.39,-0.7
1.5,5.0,10.0,5.0,2,0.2,241,48.5,-24.77,29.55,-0.84
0.5,2.0,2.0,2.0,1,0.1,2893,50.1,-24.81,25.7,-0.97
1.0,5.0,3.0,0.6,5,0.3,969,12.6,-25.04,56.95,-0.44
0.5,1.0,10.0,10.0,1,0.3,1432,91.3,-25.07,30.94,-0.81
1.0,5.0,2.0,0.6667,3,0.3,946,13.2,-25.2,37.84,-0.67
1.0,5.0,10.0,5.0,2,0.2,451,49.9,-25.24,32.82,-0.77
1.0,5.0,5.0,1.6667,3,0.2,723,25.9,-25.43,39.51,-0.64
1.0,2.0,10.0,3.3333,3,0.2,759,63.5,-26.07,41.2,-0.63
0.5,1.0,3.0,3.0,1,0.1,3231,75.1,-26.58,26.78,-0.99
0.5,5.0,5.0,2.5,2,0.1,1384,33.3,-27.11,28.65,-0.95
1.5,5.0,10.0,2.5,4,0.2,298,33.6,-27.14,46.39,-0.59
1.0,5.0,5.0,1.0,5,0.1,855,17.3,-27.16,35.84,-0.76
1.0,1.0,10.0,10.0,1,0.3,627,90.4,-27.18,30.82,-0.88
0.5,2.0,10.0,5.0,2,0.1,1545,71.5,-27.39,30.75,-0.89
0.5,2.0,5.0,5.0,1,0.2,1545,71.5,-27.39,30.75,-0.89
0.5,2.0,1.0,1.0,1,0.1,4200,34.1,-27.55,28.92,-0.95
1.0,5.0,5.0,2.5,2,0.3,627,34.0,-28.63,34.21,-0.84
1.0,1.0,10.0,2.5,4,0.2,947,73.3,-28.76,46.84,-0.61
1.0,1.0,10.0,2.0,5,0.2,993,69.2,-28.78,52.72,-0.55
1.0,5.0,10.0,3.3333,3,0.2,550,40.5,-29.18,46.43,-0.63
0.5,5.0,10.0,5.0,2,0.3,759,51.0,-29.35,47.28,-0.62
0.5,3.0,2.0,2.0,1,0.2,2324,40.6,-29.45,30.39,-0.97
1.0,1.0,5.0,5.0,1,0.3,796,82.7,-29.77,33.48,-0.89
2.0,5.0,10.0,2.0,5,0.3,159,28.9,-29.82,58.75,-0.51
0.5,1.0,2.0,2.0,1,0.1,3970,67.0,-30.72,30.84,-1.0
1.0,5.0,3.0,1.0,3,0.2,855,17.3,-32.51,41.6,-0.78
1.0,5.0,2.0,1.0,2,0.3,855,17.3,-32.51,41.6,-0.78
0.5,3.0,3.0,3.0,1,0.2,1727,49.9,-32.6,33.71,-0.97
0.5,3.0,10.0,5.0,2,0.2,1157,63.0,-33.89,44.55,-0.76
0.5,3.0,10.0,2.5,4,0.1,2002,46.6,-33.99,39.75,-0.86
0.5,3.0,5.0,2.5,2,0.2,2002,46.6,-33.99,39.75,-0.86
1.5,3.0,10.0,3.3333,3,0.3,292,52.4,-34.34,53.78,-0.64
0.5,5.0,3.0,3.0,1,0.2,1188,36.7,-34.61,35.24,-0.98
0.5,2.0,3.0,3.0,1,0.2,2239,60.2,-35.51,38.25,-0.93
0.5,5.0,2.0,2.0,1,0.2,1660,28.3,-35.52,37.19,-0.96
0.5,1.0,5.0,5.0,1,0.2,2400,83.5,-35.86,36.2,-0.99
0.5,1.0,10.0,5.0,2,0.1,2400,83.5,-35.86,36.2,-0.99
0.5,2.0,5.0,2.5,2,0.1,2520,55.9,-36.12,38.19,-0.95
1.0,5.0,10.0,2.0,5,0.2,685,29.8,-36.22,51.57,-0.7
0.5,5.0,10.0,3.3333,3,0.1,1087,39.8,-36.39,38.22,-0.95
0.5,1.0,1.0,1.0,1,0.1,5211,50.6,-36.79,36.94,-1.0
1.5,5.0,10.0,3.3333,3,0.3,276,39.9,-37.06,51.81,-0.72
1.5,5.0,10.0,5.0,2,0.3,241,48.5,-37.08,42.77,-0.87
0.5,5.0,1.0,0.5,2,0.1,4001,9.9,-37.3,38.02,-0.98
0.5,3.0,10.0,3.3333,3,0.1,1621,52.9,-37.34,38.66,-0.97
0.5,5.0,3.0,1.5,2,0.1,2108,23.0,-37.63,38.28,-0.98
1.0,1.0,10.0,5.0,2,0.2,796,82.7,-38.1,42.37,-0.9
1.0,3.0,10.0,3.3333,3,0.3,662,53.6,-38.72,59.17,-0.65
0.5,2.0,5.0,5.0,1,0.3,1545,71.5,-39.56,43.01,-0.92
1.0,5.0,10.0,5.0,2,0.3,451,49.9,-39.59,46.55,-0.85
1.0,5.0,10.0,2.5,4,0.2,627,34.0,-40.06,44.06,-0.91
1.0,5.0,5.0,1.6667,3,0.3,723,25.9,-40.59,54.73,-0.74
1.0,2.0,10.0,3.3333,3,0.3,759,63.5,-40.65,56.13,-0.72
0.5,5.0,2.0,1.0,2,0.1,2756,16.8,-41.42,42.57,-0.97
0.5,5.0,1.0,1.0,1,0.2,2756,16.8,-41.42,42.57,-0.97
0.5,3.0,2.0,2.0,1,0.3,2324,40.6,-41.97,42.54,-0.99
1.0,1.0,10.0,3.3333,3,0.2,880,77.0,-42.49,46.81,-0.91
1.0,5.0,5.0,1.25,4,0.2,796,20.6,-42.69,56.65,-0.75
1.5,5.0,10.0,2.5,4,0.3,298,33.6,-43.0,63.5,-0.68
1.0,1.0,10.0,2.5,4,0.3,947,73.3,-43.14,61.9,-0.7
0.5,3.0,1.0,0.5,2,0.1,4841,15.5,-43.33,45.24,-0.96
0.5,3.0,2.0,1.0,2,0.1,3565,25.6,-43.83,45.69,-0.96
0.5,3.0,1.0,1.0,1,0.2,3565,25.6,-43.83,45.69,-0.96
1.0,5.0,3.0,0.75,4,0.2,934,13.7,-43.89,47.21,-0.93
0.5,2.0,2.0,2.0,1,0.2,2893,50.1,-44.11,45.41,-0.97
1.0,1.0,10.0,2.0,5,0.3,993,69.2,-44.12,68.26,-0.65
0.5,2.0,10.0,3.3333,3,0.1,2097,62.8,-44.57,47.54,-0.94
0.5,3.0,3.0,3.0,1,0.3,1727,49.9,-45.94,47.25,-0.97
0.5,3.0,3.0,1.5,2,0.1,2833,33.2,-46.31,47.09,-0.98
0.5,1.0,3.0,3.0,1,0.2,3231,75.1,-46.61,46.9,-0.99
1.0,5.0,10.0,3.3333,3,0.3,550,40.5,-47.29,62.51,-0.76
1.0,5.0,3.0,1.0,3,0.3,855,17.3,-47.65,56.4,-0.84
0.5,2.0,2.0,1.0,2,0.1,4200,34.1,-47.96,49.89,-0.96
0.5,2.0,1.0,1.0,1,0.2,4200,34.1,-47.96,49.89,-0.96
0.5,5.0,1.0,0.25,4,0.1,5042,6.1,-48.03,49.53,-0.97
0.5,5.0,3.0,3.0,1,0.3,1188,36.7,-48.5,49.25,-0.98
0.5,2.0,3.0,3.0,1,0.3,2239,60.2,-49.25,52.42,-0.94
0.5,5.0,2.0,2.0,1,0.3,1660,28.3,-49.48,51.37,-0.96
0.5,1.0,5.0,5.0,1,0.3,2400,83.5,-49.55,49.95,-0.99
0.5,5.0,10.0,2.5,4,0.1,1384,33.3,-50.4,52.43,-0.96
0.5,5.0,5.0,2.5,2,0.2,1384,33.3,-50.4,52.43,-0.96
0.5,2.0,10.0,5.0,2,0.2,1545,71.5,-50.47,53.81,-0.94
0.5,5.0,1.0,0.3333,3,0.1,4658,7.2,-50.51,51.03,-0.99
0.5,1.0,5.0,2.5,2,0.1,3554,71.5,-50.57,50.84,-0.99
0.5,3.0,5.0,2.5,2,0.3,2002,46.6,-51.0,57.14,-0.89
0.5,2.0,1.0,0.5,2,0.1,5416,21.4,-51.12,51.74,-0.99
0.5,3.0,10.0,5.0,2,0.3,1157,63.0,-51.62,59.61,-0.87
0.5,5.0,5.0,1.6667,3,0.1,1959,24.8,-52.07,53.75,-0.97
1.0,5.0,5.0,1.0,5,0.2,855,17.3,-52.29,60.59,-0.86
0.5,1.0,2.0,2.0,1,0.2,3970,67.0,-52.38,52.55,-1.0
1.0,1.0,10.0,5.0,2,0.3,796,82.7,-52.52,57.26,-0.92
0.5,3.0,5.0,1.6667,3,0.1,2629,35.9,-53.38,54.22,-0.98
0.5,5.0,1.0,1.0,1,0.3,2756,16.8,-56.08,57.35,-0.98
0.5,5.0,3.0,1.0,3,0.1,2756,16.8,-56.08,57.35,-0.98
0.5,5.0,2.0,0.6667,3,0.1,3486,12.2,-57.83,58.44,-0.99
0.5,1.0,3.0,1.5,2,0.1,4464,60.2,-58.03,58.26,-1.0
1.0,1.0,10.0,3.3333,3,0.3,880,77.0,-58.13,62.66,-0.93
0.5,2.0,3.0,1.5,2,0.1,3407,42.1,-58.14,59.15,-0.98
0.5,3.0,3.0,1.0,3,0.1,3565,25.6,-58.58,60.6,-0.97
0.5,3.0,1.0,1.0,1,0.3,3565,25.6,-58.58,60.6,-0.97
0.5,1.0,10.0,3.3333,3,0.1,3050,77.1,-58.73,59.17,-0.99
0.5,3.0,1.0,0.3333,3,0.1,5454,11.4,-58.86,59.71,-0.99
0.5,2.0,2.0,2.0,1,0.3,2893,50.1,-58.94,60.34,-0.98
0.5,1.0,2.0,1.0,2,0.1,5211,50.6,-60.26,60.44,-1.0
0.5,1.0,1.0,1.0,1,0.2,5211,50.6,-60.26,60.44,-1.0
1.0,5.0,10.0,2.0,5,0.3,685,29.8,-60.4,69.46,-0.87
0.5,1.0,10.0,5.0,2,0.2,2400,83.5,-60.8,61.22,-0.99
0.5,2.0,5.0,2.5,2,0.2,2520,55.9,-61.21,63.61,-0.96
0.5,2.0,10.0,2.5,4,0.1,2520,55.9,-61.21,63.61,-0.96
1.0,5.0,3.0,0.75,4,0.3,934,13.7,-61.32,64.29,-0.95
0.5,1.0,1.0,0.5,2,0.1,6247,35.0,-61.36,61.53,-1.0
1.0,5.0,5.0,1.25,4,0.3,796,20.6,-61.39,72.99,-0.84
1.0,5.0,10.0,2.5,4,0.3,627,34.0,-61.41,62.89,-0.98
0.5,1.0,3.0,3.0,1,0.3,3231,75.1,-61.56,61.87,-0.99
0.5,5.0,2.0,0.5,4,0.1,4001,9.9,-62.32,63.1,-0.99
0.5,5.0,1.0,0.5,2,0.2,4001,9.9,-62.32,63.1,-0.99
0.5,3.0,10.0,2.0,5,0.1,2324,40.6,-62.35,62.93,-0.99
0.5,2.0,1.0,1.0,1,0.3,4200,34.1,-62.93,64.96,-0.97
0.5,2.0,3.0,1.0,3,0.1,4200,34.1,-62.93,64.96,-0.97
0.5,3.0,1.0,0.25,4,0.1,5786,9.5,-62.95,65.44,-0.96
0.5,5.0,3.0,1.5,2,0.2,2108,23.0,-63.45,64.18,-0.99
0.5,5.0,1.0,0.2,5,0.1,5315,5.1,-63.69,64.22,-0.99
0.5,3.0,2.0,0.6667,3,0.1,4313,18.8,-65.38,66.34,-0.99
0.5,2.0,1.0,0.25,4,0.1,6310,13.7,-65.42,66.95,-0.98
0.5,5.0,10.0,3.3333,3,0.2,1087,39.8,-65.57,66.56,-0.99
0.5,3.0,10.0,2.5,4,0.2,2002,46.6,-65.75,71.23,-0.92
0.5,2.0,1.0,0.3333,3,0.1,5978,16.0,-65.99,66.21,-1.0
0.5,3.0,10.0,3.3333,3,0.2,1621,52.9,-66.08,67.41,-0.98
0.5,5.0,2.0,1.0,2,0.2,2756,16.8,-67.51,68.75,-0.98
0.5,1.0,2.0,2.0,1,0.3,3970,67.0,-67.53,67.7,-1.0
0.5,2.0,10.0,5.0,2,0.3,1545,71.5,-68.29,71.39,-0.96
0.5,5.0,5.0,2.5,2,0.3,1384,33.3,-68.46,70.34,-0.97
0.5,3.0,1.0,0.5,2,0.2,4841,15.5,-68.86,70.88,-0.97
0.5,3.0,2.0,0.5,4,0.1,4841,15.5,-68.86,70.88,-0.97
0.5,3.0,2.0,1.0,2,0.2,3565,25.6,-69.78,71.71,-0.97
0.5,2.0,5.0,1.6667,3,0.1,3223,44.9,-69.95,70.99,-0.99
0.5,1.0,5.0,1.6667,3,0.1,4282,62.8,-70.09,70.25,-1.0
0.5,2.0,2.0,0.6667,3,0.1,4930,25.8,-70.16,70.6,-0.99
0.5,5.0,10.0,2.0,5,0.1,1660,28.3,-70.46,72.16,-0.98
0.5,1.0,1.0,0.3333,3,0.1,6689,27.9,-71.26,71.33,-1.0
1.0,5.0,5.0,1.0,5,0.3,855,17.3,-71.8,76.78,-0.94
0.5,3.0,5.0,1.25,4,0.1,3123,29.5,-72.3,73.64,-0.98
0.5,3.0,3.0,1.5,2,0.2,2833,33.2,-72.6,73.36,-0.99
0.5,2.0,10.0,3.3333,3,0.2,2097,62.8,-72.93,75.69,-0.96
0.5,2.0,1.0,0.2,5,0.1,6518,11.9,-73.18,73.82,-0.99
0.5,2.0,2.0,1.0,2,0.2,4200,34.1,-73.82,75.7,-0.98
0.5,5.0,5.0,1.25,4,0.1,2372,19.5,-74.06,74.9,-0.99
0.5,5.0,3.0,0.75,4,0.1,3259,13.1,-74.25,74.79,-0.99
0.5,1.0,3.0,1.0,3,0.1,5211,50.6,-75.14,75.31,-1.0
0.5,1.0,1.0,1.0,1,0.3,5211,50.6,-75.14,75.31,-1.0
0.5,3.0,1.0,0.2,5,0.1,6017,8.0,-75.4,75.87,-0.99
0.5,5.0,1.0,0.25,4,0.2,5042,6.1,-76.12,77.41,-0.98
0.5,1.0,1.0,0.25,4,0.1,6935,23.9,-76.2,76.36,-1.0
0.5,5.0,5.0,1.0,5,0.1,2756,16.8,-76.29,77.41,-0.99
0.5,5.0,2.0,0.4,5,0.1,4386,8.1,-76.41,76.96,-0.99
0.5,1.0,10.0,2.5,4,0.1,3554,71.5,-76.43,76.68,-1.0
0.5,1.0,5.0,2.5,2,0.2,3554,71.5,-76.43,76.68,-1.0
0.5,1.0,2.0,0.6667,3,0.1,5858,41.1,-76.58,76.71,-1.0
0.5,2.0,2.0,0.5,4,0.1,5416,21.4,-76.64,77.21,-0.99
0.5,2.0,1.0,0.5,2,0.2,5416,21.4,-76.64,77.21,-0.99
0.5,1.0,10.0,5.0,2,0.3,2400,83.5,-77.19,77.56,-1.0
0.5,5.0,1.0,0.3333,3,0.2,4658,7.2,-77.35,77.65,-1.0
0.5,2.0,5.0,1.25,4,0.1,3756,38.6,-77.57,79.69,-0.97
0.5,2.0,5.0,2.5,2,0.3,2520,55.9,-77.61,79.6,-0.97
0.5,3.0,3.0,0.75,4,0.1,4103,20.3,-78.02,78.44,-0.99
0.5,3.0,5.0,1.0,5,0.1,3565,25.6,-78.19,79.9,-0.98
0.5,5.0,1.0,0.5,2,0.3,4001,9.9,-78.29,78.91,-0.99
0.5,5.0,3.0,0.6,5,0.1,3703,11.2,-78.54,79.05,-0.99
0.5,2.0,10.0,2.0,5,0.1,2893,50.1,-78.59,79.76,-0.99
0.5,5.0,3.0,1.5,2,0.3,2108,23.0,-79.86,80.44,-0.99
0.5,3.0,2.0,0.4,5,0.1,5205,13.0,-79.92,81.58,-0.98
0.5,5.0,5.0,1.6667,3,0.2,1959,24.8,-80.1,81.43,-0.98
0.5,3.0,5.0,1.6667,3,0.2,2629,35.9,-80.68,81.3,-0.99
0.5,5.0,10.0,2.5,4,0.2,1384,33.3,-81.26,82.7,-0.98
0.5,1.0,1.0,0.2,5,0.1,7087,21.1,-81.3,81.33,-1.0
0.5,2.0,3.0,0.75,4,0.1,4735,27.8,-81.58,81.93,-1.0
0.5,2.0,5.0,1.0,5,0.1,4200,34.1,-81.67,83.28,-0.98
0.5,1.0,3.0,1.5,2,0.2,4464,60.2,-82.86,83.04,-1.0
0.5,5.0,3.0,1.0,3,0.2,2756,16.8,-82.93,83.88,-0.99
0.5,5.0,2.0,1.0,2,0.3,2756,16.8,-82.93,83.88,-0.99
0.5,1.0,5.0,1.25,4,0.1,4802,56.0,-82.95,83.07,-1.0
0.5,2.0,3.0,1.5,2,0.2,3407,42.1,-83.18,83.96,-0.99
0.5,3.0,3.0,0.6,5,0.1,4515,17.4,-83.39,84.61,-0.99
0.5,3.0,1.0,0.5,2,0.3,4841,15.5,-83.4,84.95,-0.98
0.5,3.0,1.0,0.3333,3,0.2,5454,11.4,-83.97,84.61,-0.99
0.5,5.0,2.0,0.6667,3,0.2,3486,12.2,-83.99,84.45,-0.99
0.5,5.0,10.0,3.3333,3,0.3,1087,39.8,-84.13,84.8,-0.99
0.5,3.0,10.0,3.3333,3,0.3,1621,52.9,-84.15,85.01,-0.99
0.5,3.0,2.0,1.0,2,0.3,3565,25.6,-84.42,85.86,-0.98
0.5,3.0,3.0,1.0,3,0.2,3565,25.6,-84.42,85.86,-0.98
0.5,1.0,10.0,3.3333,3,0.2,3050,77.1,-84.47,84.8,-1.0
0.5,1.0,2.0,1.0,2,0.2,5211,50.6,-84.53,84.67,-1.0
0.5,1.0,1.0,0.5,2,0.2,6247,35.0,-85.26,85.39,-1.0
0.5,1.0,10.0,2.0,5,0.1,3970,67.0,-85.26,85.39,-1.0
0.5,1.0,2.0,0.5,4,0.1,6247,35.0,-85.26,85.39,-1.0
0.5,3.0,10.0,2.5,4,0.3,2002,46.6,-86.02,89.11,-0.97
0.5,3.0,3.0,1.5,2,0.3,2833,33.2,-86.71,87.23,-0.99
0.5,2.0,3.0,0.6,5,0.1,5136,24.0,-86.99,87.31,-1.0
0.5,1.0,3.0,0.75,4,0.1,5680,43.5,-87.03,87.13,-1.0
0.5,2.0,2.0,0.4,5,0.1,5742,18.0,-87.05,87.2,-1.0
0.5,2.0,2.0,1.0,2,0.3,4200,34.1,-87.27,88.59,-0.99
0.5,2.0,3.0,1.0,3,0.2,4200,34.1,-87.27,88.59,-0.99
0.5,3.0,1.0,0.25,4,0.2,5786,9.5,-87.36,88.95,-0.98
0.5,2.0,10.0,2.5,4,0.2,2520,55.9,-87.71,89.12,-0.98
0.5,5.0,2.0,0.5,4,0.2,4001,9.9,-87.99,88.44,-0.99
0.5,2.0,10.0,3.3333,3,0.3,2097,62.8,-88.37,90.06,-0.98
0.5,2.0,1.0,0.25,4,0.2,6310,13.7,-88.74,89.69,-0.99
0.5,5.0,1.0,0.2,5,0.2,5315,5.1,-88.83,88.84,-1.0
0.5,2.0,1.0,0.3333,3,0.2,5978,16.0,-88.88,89.02,-1.0
0.5,3.0,2.0,0.6667,3,0.2,4313,18.8,-88.92,89.47,-0.99
0.5,2.0,1.0,0.5,2,0.3,5416,21.4,-89.09,89.46,-1.0
0.5,1.0,5.0,2.5,2,0.3,3554,71.5,-89.16,89.33,-1.0
0.5,3.0,10.0,2.0,5,0.2,2324,40.6,-89.99,90.27,-1.0
0.5,5.0,1.0,0.25,4,0.3,5042,6.1,-90.25,90.99,-0.99
0.5,1.0,2.0,0.4,5,0.1,6494,30.7,-90.3,90.32,-1.0
0.5,5.0,1.0,0.3333,3,0.3,4658,7.2,-90.39,90.55,-1.0
0.5,1.0,5.0,1.0,5,0.1,5211,50.6,-90.43,90.54,-1.0
0.5,3.0,2.0,0.5,4,0.2,4841,15.5,-91.42,92.44,-0.99
0.5,1.0,5.0,1.6667,3,0.2,4282,62.8,-91.61,91.7,-1.0
0.5,2.0,2.0,0.6667,3,0.2,4930,25.8,-91.62,91.86,-1.0
0.5,2.0,5.0,1.6667,3,0.2,3223,44.9,-91.8,92.35,-0.99
0.5,1.0,1.0,0.3333,3,0.2,6689,27.9,-91.92,91.96,-1.0
0.5,1.0,3.0,0.6,5,0.1,6036,38.6,-91.99,92.07,-1.0
0.5,5.0,5.0,1.6667,3,0.3,1959,24.8,-92.83,93.51,-0.99
0.5,3.0,5.0,1.6667,3,0.3,2629,35.9,-92.88,93.18,-1.0
0.5,1.0,3.0,1.5,2,0.3,4464,60.2,-93.18,93.29,-1.0
0.5,2.0,1.0,0.2,5,0.2,6518,11.9,-93.37,93.62,-1.0
0.5,2.0,3.0,1.5,2,0.3,3407,42.1,-93.51,93.94,-1.0
0.5,3.0,5.0,1.25,4,0.2,3123,29.5,-93.63,94.21,-0.99
0.5,3.0,1.0,0.3333,3,0.3,5454,11.4,-94.08,94.43,-1.0
0.5,1.0,2.0,1.0,2,0.3,5211,50.6,-94.11,94.18,-1.0
0.5,5.0,3.0,1.0,3,0.3,2756,16.8,-94.11,94.58,-1.0
0.5,1.0,3.0,1.0,3,0.2,5211,50.6,-94.11,94.18,-1.0
0.5,5.0,10.0,2.0,5,0.2,1660,28.3,-94.16,94.7,-0.99
0.5,1.0,1.0,0.5,2,0.3,6247,35.0,-94.45,94.52,-1.0
0.5,1.0,1.0,0.25,4,0.2,6935,23.9,-94.51,94.58,-1.0
0.5,5.0,2.0,0.6667,3,0.3,3486,12.2,-94.51,94.75,-1.0
0.5,5.0,3.0,0.75,4,0.2,3259,13.1,-94.52,94.73,-1.0
0.5,5.0,10.0,2.5,4,0.3,1384,33.3,-94.58,95.17,-0.99
0.5,3.0,1.0,0.2,5,0.2,6017,8.0,-94.58,94.78,-1.0
0.5,5.0,5.0,1.25,4,0.2,2372,19.5,-94.64,94.96,-1.0
0.5,1.0,10.0,3.3333,3,0.3,3050,77.1,-94.68,94.85,-1.0
0.5,3.0,3.0,1.0,3,0.3,3565,25.6,-94.68,95.37,-0.99
0.5,1.0,2.0,0.6667,3,0.2,5858,41.1,-94.71,94.77,-1.0
0.5,2.0,2.0,0.5,4,0.2,5416,21.4,-95.02,95.23,-1.0
0.5,1.0,10.0,2.5,4,0.2,3554,71.5,-95.19,95.29,-1.0
0.5,5.0,2.0,0.4,5,0.2,4386,8.1,-95.58,95.76,-1.0
0.5,2.0,5.0,1.25,4,0.2,3756,38.6,-95.67,96.43,-0.99
0.5,3.0,3.0,0.75,4,0.2,4103,20.3,-95.83,95.99,-1.0
0.5,2.0,3.0,1.0,3,0.3,4200,34.1,-95.95,96.55,-0.99
0.5,5.0,5.0,1.0,5,0.2,2756,16.8,-95.98,96.33,-1.0
0.5,3.0,1.0,0.25,4,0.3,5786,9.5,-96.02,96.73,-0.99
0.5,3.0,5.0,1.0,5,0.2,3565,25.6,-96.36,96.88,-0.99
0.5,2.0,1.0,0.3333,3,0.3,5978,16.0,-96.5,96.57,-1.0
0.5,5.0,3.0,0.6,5,0.2,3703,11.2,-96.51,96.67,-1.0
0.5,2.0,1.0,0.25,4,0.3,6310,13.7,-96.54,96.96,-1.0
0.5,2.0,10.0,2.0,5,0.2,2893,50.1,-96.57,96.91,-1.0
0.5,3.0,2.0,0.4,5,0.2,5205,13.0,-96.59,97.09,-0.99
0.5,1.0,1.0,0.2,5,0.2,7087,21.1,-96.65,96.66,-1.0
0.5,3.0,2.0,0.6667,3,0.3,4313,18.8,-96.72,96.94,-1.0
0.5,5.0,2.0,0.5,4,0.3,4001,9.9,-96.74,96.92,-1.0
0.5,2.0,10.0,2.5,4,0.3,2520,55.9,-96.83,97.33,-0.99
0.5,2.0,3.0,0.75,4,0.2,4735,27.8,-96.97,97.09,-1.0
0.5,5.0,1.0,0.2,5,0.3,5315,5.1,-97.07,97.07,-1.0
0.5,2.0,5.0,1.0,5,0.2,4200,34.1,-97.28,97.72,-1.0
0.5,1.0,5.0,1.25,4,0.2,4802,56.0,-97.36,97.4,-1.0
0.5,3.0,3.0,0.6,5,0.2,4515,17.4,-97.75,98.05,-1.0
0.5,2.0,2.0,0.6667,3,0.3,4930,25.8,-97.78,97.88,-1.0
0.5,1.0,1.0,0.3333,3,0.3,6689,27.9,-97.78,97.79,-1.0
0.5,1.0,5.0,1.6667,3,0.3,4282,62.8,-97.8,97.83,-1.0
0.5,3.0,2.0,0.5,4,0.3,4841,15.5,-97.9,98.25,-1.0
0.5,1.0,2.0,0.5,4,0.2,6247,35.0,-97.94,97.97,-1.0
0.5,2.0,5.0,1.6667,3,0.3,3223,44.9,-97.97,98.17,-1.0
0.5,3.0,10.0,2.0,5,0.3,2324,40.6,-98.12,98.2,-1.0
0.5,1.0,10.0,2.0,5,0.2,3970,67.0,-98.22,98.25,-1.0
0.5,1.0,3.0,0.75,4,0.2,5680,43.5,-98.43,98.45,-1.0
0.5,2.0,1.0,0.2,5,0.3,6518,11.9,-98.49,98.55,-1.0
0.5,2.0,2.0,0.4,5,0.2,5742,18.0,-98.51,98.54,-1.0
0.5,2.0,3.0,0.6,5,0.2,5136,24.0,-98.55,98.62,-1.0
0.5,1.0,3.0,1.0,3,0.3,5211,50.6,-98.67,98.69,-1.0
0.5,1.0,1.0,0.25,4,0.3,6935,23.9,-98.77,98.8,-1.0
0.5,3.0,5.0,1.25,4,0.3,3123,29.5,-98.78,98.94,-1.0
0.5,1.0,2.0,0.6667,3,0.3,5858,41.1,-98.85,98.87,-1.0
0.5,3.0,1.0,0.2,5,0.3,6017,8.0,-98.93,98.99,-1.0
0.5,2.0,2.0,0.5,4,0.3,5416,21.4,-99.03,99.08,-1.0
0.5,5.0,3.0,0.75,4,0.3,3259,13.1,-99.03,99.08,-1.0
0.5,5.0,5.0,1.25,4,0.3,2372,19.5,-99.11,99.19,-1.0
0.5,1.0,2.0,0.4,5,0.2,6494,30.7,-99.12,99.12,-1.0
0.5,1.0,10.0,2.5,4,0.3,3554,71.5,-99.15,99.18,-1.0
0.5,1.0,5.0,1.0,5,0.2,5211,50.6,-99.2,99.21,-1.0
0.5,5.0,10.0,2.0,5,0.3,1660,28.3,-99.22,99.31,-1.0
0.5,2.0,5.0,1.25,4,0.3,3756,38.6,-99.28,99.46,-1.0
0.5,3.0,3.0,0.75,4,0.3,4103,20.3,-99.32,99.35,-1.0
0.5,5.0,2.0,0.4,5,0.3,4386,8.1,-99.33,99.37,-1.0
0.5,1.0,1.0,0.2,5,0.3,7087,21.1,-99.42,99.43,-1.0
0.5,1.0,3.0,0.6,5,0.2,6036,38.6,-99.42,99.43,-1.0
0.5,5.0,5.0,1.0,5,0.3,2756,16.8,-99.51,99.57,-1.0
0.5,3.0,2.0,0.4,5,0.3,5205,13.0,-99.51,99.61,-1.0
0.5,3.0,5.0,1.0,5,0.3,3565,25.6,-99.53,99.62,-1.0
0.5,2.0,3.0,0.75,4,0.3,4735,27.8,-99.56,99.58,-1.0
0.5,5.0,3.0,0.6,5,0.3,3703,11.2,-99.56,99.59,-1.0
0.5,2.0,10.0,2.0,5,0.3,2893,50.1,-99.59,99.64,-1.0
0.5,1.0,5.0,1.25,4,0.3,4802,56.0,-99.63,99.64,-1.0
0.5,2.0,5.0,1.0,5,0.3,4200,34.1,-99.67,99.75,-1.0
0.5,1.0,2.0,0.5,4,0.3,6247,35.0,-99.73,99.73,-1.0
0.5,3.0,3.0,0.6,5,0.3,4515,17.4,-99.75,99.79,-1.0
0.5,1.0,3.0,0.75,4,0.3,5680,43.5,-99.82,99.83,-1.0
0.5,1.0,10.0,2.0,5,0.3,3970,67.0,-99.83,99.83,-1.0
0.5,2.0,2.0,0.4,5,0.3,5742,18.0,-99.85,99.85,-1.0
0.5,2.0,3.0,0.6,5,0.3,5136,24.0,-99.86,99.87,-1.0
0.5,1.0,2.0,0.4,5,0.3,6494,30.7,-99.93,99.93,-1.0
0.5,1.0,5.0,1.0,5,0.3,5211,50.6,-99.94,99.94,-1.0
0.5,1.0,3.0,0.6,5,0.3,6036,38.6,-99.96,99.96,-1.0
