retrace_min,retrace_max,tp_ext,sl_buf,leverage,pos_ratio,signal_type,trades,long_trades,short_trades,win_rate,return_pct,max_drawdown,calmar,final_balance,swing_window,coin,timeframe,period,n_bos
0.5,0.786,2.0,0.002,3,0.1,ob_only,43,23,20,18.6,11.14,13.67,0.82,1111.44,8,sol,4H,3y,128
0.5,0.786,2.0,0.002,5,0.1,ob_only,43,23,20,18.6,17.36,21.81,0.8,1173.62,8,sol,4H,3y,128
0.5,0.786,2.0,0.002,3,0.2,ob_only,43,23,20,18.6,20.06,25.62,0.78,1200.61,8,sol,4H,3y,128
0.5,0.786,2.0,0.002,7,0.1,ob_only,43,23,20,18.6,22.47,29.25,0.77,1224.73,8,sol,4H,3y,128
0.5,0.786,2.0,0.002,5,0.2,ob_only,43,23,20,18.6,27.91,39.21,0.71,1279.06,8,sol,4H,3y,128
0.5,0.786,2.0,0.002,7,0.2,ob_only,43,23,20,18.6,30.84,50.51,0.61,1308.43,8,sol,4H,3y,128
0.382,0.786,1.272,0.005,3,0.1,ob_only,85,37,48,27.1,12.5,22.49,0.56,1124.98,5,sol,4H,3y,200
0.382,0.786,1.272,0.005,5,0.1,ob_only,85,37,48,27.1,19.23,35.01,0.55,1192.34,5,sol,4H,3y,200
0.382,0.786,1.272,0.005,3,0.2,ob_only,85,37,48,27.1,22.04,40.6,0.54,1220.4,5,sol,4H,3y,200
0.382,0.786,1.272,0.005,7,0.1,ob_only,85,37,48,27.1,24.44,45.77,0.53,1244.45,5,sol,4H,3y,200
0.5,0.786,2.0,0.005,3,0.1,ob_only,43,23,20,18.6,7.67,14.75,0.52,1076.73,8,sol,4H,3y,128
0.382,0.786,1.272,0.005,5,0.2,ob_only,85,37,48,27.1,29.11,59.05,0.49,1291.12,5,sol,4H,3y,200
0.5,0.786,1.618,0.002,3,0.1,ob_only,43,23,20,20.9,6.6,13.67,0.48,1066.02,8,sol,4H,3y,128
0.5,0.786,2.0,0.005,5,0.1,ob_only,43,23,20,18.6,11.28,23.45,0.48,1112.78,8,sol,4H,3y,128
0.5,0.786,2.0,0.005,3,0.2,ob_only,43,23,20,18.6,12.61,27.49,0.46,1126.08,8,sol,4H,3y,128
0.5,0.786,1.618,0.002,5,0.1,ob_only,43,23,20,20.9,9.93,21.81,0.46,1099.27,8,sol,4H,3y,128
0.5,0.786,1.618,0.002,3,0.2,ob_only,43,23,20,20.9,11.25,25.62,0.44,1112.5,8,sol,4H,3y,128
0.5,0.786,2.0,0.005,7,0.1,ob_only,43,23,20,18.6,13.62,31.33,0.43,1136.21,8,sol,4H,3y,128
0.5,0.786,1.618,0.002,7,0.1,ob_only,43,23,20,20.9,12.34,29.25,0.42,1123.43,8,sol,4H,3y,128
0.382,0.786,1.272,0.002,3,0.1,ob_only,90,42,48,24.4,7.94,19.38,0.41,1079.37,5,sol,4H,3y,200
0.382,0.786,1.272,0.005,7,0.2,ob_only,85,37,48,27.1,29.25,72.32,0.4,1292.46,5,sol,4H,3y,200
0.382,0.786,1.272,0.002,5,0.1,ob_only,90,42,48,24.4,11.44,30.67,0.37,1114.36,5,sol,4H,3y,200
0.5,0.786,1.618,0.002,5,0.2,ob_only,43,23,20,20.9,14.23,39.21,0.36,1142.35,8,sol,4H,3y,128
0.382,0.786,1.272,0.002,3,0.2,ob_only,90,42,48,24.4,12.62,35.85,0.35,1126.17,5,sol,4H,3y,200
0.5,0.786,2.0,0.005,5,0.2,ob_only,43,23,20,18.6,14.78,41.77,0.35,1147.83,8,sol,4H,3y,128
0.382,0.786,1.272,0.002,7,0.1,ob_only,90,42,48,24.4,13.41,40.72,0.33,1134.13,5,sol,4H,3y,200
0.382,0.786,1.272,0.005,3,0.1,both,99,52,47,23.2,7.62,24.35,0.31,1076.17,5,sol,4H,3y,200
0.382,0.786,1.272,0.005,5,0.1,both,99,52,47,23.2,10.73,37.59,0.29,1107.28,5,sol,4H,3y,200
0.382,0.786,1.272,0.005,3,0.2,both,99,52,47,23.2,11.66,43.42,0.27,1116.64,5,sol,4H,3y,200
0.5,0.786,1.618,0.002,7,0.2,ob_only,43,23,20,20.9,13.6,50.51,0.27,1136.01,8,sol,4H,3y,128
0.382,0.786,1.272,0.005,7,0.1,both,99,52,47,23.2,12.18,48.77,0.25,1121.84,5,sol,4H,3y,200
0.382,0.786,1.272,0.002,5,0.2,ob_only,90,42,48,24.4,13.52,53.63,0.25,1135.19,5,sol,4H,3y,200
0.5,0.786,1.618,0.005,3,0.1,ob_only,43,23,20,20.9,3.36,14.75,0.23,1033.65,8,sol,4H,3y,128
0.5,0.786,2.0,0.005,7,0.2,ob_only,43,23,20,18.6,12.21,53.45,0.23,1122.08,8,sol,4H,3y,128
0.382,0.786,1.272,0.002,3,0.1,both,106,59,47,20.8,4.02,20.84,0.19,1040.21,5,sol,4H,3y,200
0.5,0.786,1.618,0.005,5,0.1,ob_only,43,23,20,20.9,4.38,23.45,0.19,1043.83,8,sol,4H,3y,128
0.382,0.786,1.272,0.005,5,0.2,both,99,52,47,23.2,11.3,62.25,0.18,1113.03,5,sol,4H,3y,200
0.5,0.786,2.0,0.002,3,0.1,both,51,32,19,13.7,2.62,14.44,0.18,1026.23,8,sol,4H,3y,128
0.5,0.786,1.618,0.005,3,0.2,ob_only,43,23,20,20.9,4.53,27.49,0.16,1045.3,8,sol,4H,3y,128
0.382,0.786,1.272,0.002,5,0.1,both,106,59,47,20.8,4.77,32.75,0.15,1047.75,5,sol,4H,3y,200
0.5,0.786,1.618,0.005,7,0.1,ob_only,43,23,20,20.9,4.44,31.33,0.14,1044.42,8,sol,4H,3y,128
0.5,0.786,2.0,0.002,5,0.1,both,51,32,19,13.7,2.89,22.98,0.13,1028.87,8,sol,4H,3y,128
0.382,0.786,1.272,0.002,7,0.2,ob_only,90,42,48,24.4,8.71,67.22,0.13,1087.05,5,sol,4H,3y,200
0.382,0.786,1.272,0.002,3,0.2,both,106,59,47,20.8,4.58,38.15,0.12,1045.85,5,sol,4H,3y,200
0.5,0.786,2.0,0.002,3,0.2,both,51,32,19,13.7,2.6,26.94,0.1,1025.97,8,sol,4H,3y,128
0.382,0.786,1.272,0.002,7,0.1,both,106,59,47,20.8,4.03,43.2,0.09,1040.3,5,sol,4H,3y,200
0.5,0.786,1.618,0.005,5,0.2,ob_only,43,23,20,20.9,2.82,41.77,0.07,1028.23,8,sol,4H,3y,128
0.5,0.786,2.0,0.002,7,0.1,both,51,32,19,13.7,2.04,30.72,0.07,1020.41,8,sol,4H,3y,128
0.382,0.786,1.272,0.005,7,0.2,both,99,52,47,23.2,4.95,75.31,0.07,1049.46,5,sol,4H,3y,200
0.382,0.786,1.272,0.002,5,0.2,both,106,59,47,20.8,0.33,56.38,0.01,1003.3,5,sol,4H,3y,200
0.5,0.786,2.0,0.002,5,0.2,both,51,32,19,13.7,-1.1,41.01,-0.03,989.01,8,sol,4H,3y,128
0.5,0.786,1.618,0.005,7,0.2,ob_only,43,23,20,20.9,-2.16,53.45,-0.04,978.37,8,sol,4H,3y,128
0.5,0.786,2.0,0.005,3,0.1,both,50,31,19,14.0,-1.01,15.66,-0.06,989.86,8,sol,4H,3y,128
0.5,0.786,1.618,0.002,3,0.1,both,53,34,19,15.1,-0.91,14.44,-0.06,990.94,8,sol,4H,3y,128
0.5,0.786,1.272,0.002,3,0.1,ob_only,133,62,71,21.8,-1.61,24.53,-0.07,983.89,3,sol,4H,3y,296
0.382,0.786,1.272,0.005,3,0.1,fvg_only,28,28,0,10.7,-0.52,5.03,-0.1,994.79,8,sol,4H,3y,128
0.5,0.786,1.618,0.002,5,0.1,both,53,34,19,15.1,-2.59,22.98,-0.11,974.11,8,sol,4H,3y,128
0.5,0.786,1.272,0.002,5,0.1,ob_only,133,62,71,21.8,-4.04,37.8,-0.11,959.59,3,sol,4H,3y,296
0.382,0.786,1.272,0.002,7,0.2,both,106,59,47,20.8,-8.58,69.91,-0.12,914.2,5,sol,4H,3y,200
0.5,0.786,1.272,0.002,3,0.2,ob_only,133,62,71,21.8,-5.62,43.63,-0.13,943.79,3,sol,4H,3y,296
0.5,0.786,2.0,0.005,5,0.1,both,50,31,19,14.0,-3.15,24.81,-0.13,968.46,8,sol,4H,3y,128
0.5,0.786,1.618,0.002,3,0.2,both,53,34,19,15.1,-3.72,26.94,-0.14,962.77,8,sol,4H,3y,128
0.382,0.786,1.272,0.005,5,0.1,fvg_only,28,28,0,10.7,-1.17,8.27,-0.14,988.27,8,sol,4H,3y,128
0.382,0.786,2.0,0.005,3,0.1,ob_only,73,34,39,17.8,-2.64,19.17,-0.14,973.64,5,sol,4H,3y,200
0.5,0.786,1.272,0.002,7,0.1,ob_only,133,62,71,21.8,-7.42,48.96,-0.15,925.77,3,sol,4H,3y,296
0.382,0.618,1.272,0.005,3,0.1,fvg_only,28,28,0,10.7,-0.8,5.3,-0.15,992.01,8,sol,4H,3y,128
0.5,0.786,1.272,0.002,3,0.1,ob_only,43,23,20,20.9,-2.1,13.67,-0.15,979.03,8,sol,4H,3y,128
0.382,0.786,2.0,0.002,3,0.1,ob_only,77,38,39,16.9,-2.06,13.73,-0.15,979.36,5,sol,4H,3y,200
0.382,0.786,1.272,0.005,3,0.2,fvg_only,28,28,0,10.7,-1.58,9.86,-0.16,984.16,8,sol,4H,3y,128
0.5,0.786,2.0,0.005,3,0.2,both,50,31,19,14.0,-4.61,29.04,-0.16,953.89,8,sol,4H,3y,128
0.5,0.786,1.618,0.002,7,0.1,both,53,34,19,15.1,-5.04,30.72,-0.16,949.62,8,sol,4H,3y,128
0.5,0.786,2.0,0.002,7,0.2,both,51,32,19,13.7,-8.15,52.55,-0.16,918.49,8,sol,4H,3y,128
0.382,0.786,1.272,0.005,7,0.1,fvg_only,28,28,0,10.7,-2.05,11.42,-0.18,979.5,8,sol,4H,3y,128
0.382,0.786,1.272,0.002,3,0.1,ob_only,142,69,73,21.8,-5.69,31.65,-0.18,943.1,3,sol,4H,3y,296
0.382,0.618,1.272,0.005,5,0.1,fvg_only,28,28,0,10.7,-1.64,8.7,-0.19,983.65,8,sol,4H,3y,128
0.5,0.786,2.0,0.005,7,0.1,both,50,31,19,14.0,-6.3,33.04,-0.19,937.02,8,sol,4H,3y,128
0.5,0.786,1.272,0.002,5,0.1,ob_only,43,23,20,20.9,-4.27,21.81,-0.2,957.32,8,sol,4H,3y,128
0.382,0.618,1.272,0.005,3,0.1,ob_only,75,32,43,25.3,-5.63,27.87,-0.2,943.73,5,sol,4H,3y,200
0.5,0.786,1.272,0.002,3,0.1,both,143,73,70,20.3,-5.67,27.11,-0.21,943.26,3,sol,4H,3y,296
0.382,0.618,1.272,0.005,3,0.2,fvg_only,28,28,0,10.7,-2.14,10.37,-0.21,978.62,8,sol,4H,3y,128
0.5,0.786,1.272,0.005,3,0.1,ob_only,132,61,71,24.2,-5.72,27.54,-0.21,942.77,3,sol,4H,3y,296
0.382,0.786,2.0,0.005,5,0.1,ob_only,73,34,39,17.8,-6.34,30.55,-0.21,936.61,5,sol,4H,3y,200
0.5,0.786,1.272,0.002,3,0.2,ob_only,43,23,20,20.9,-5.56,25.62,-0.22,944.36,8,sol,4H,3y,128
0.5,0.786,1.272,0.002,5,0.2,ob_only,133,62,71,21.8,-13.98,62.39,-0.22,860.24,3,sol,4H,3y,296
0.382,0.618,1.272,0.005,7,0.1,fvg_only,28,28,0,10.7,-2.69,12.0,-0.22,973.07,8,sol,4H,3y,128
0.382,0.786,1.272,0.005,5,0.2,fvg_only,28,28,0,10.7,-3.75,15.98,-0.23,962.49,8,sol,4H,3y,128
0.382,0.786,1.272,0.002,3,0.1,fvg_only,28,28,0,7.1,-1.11,4.83,-0.23,988.89,8,sol,4H,3y,128
0.5,0.786,1.272,0.002,7,0.1,ob_only,43,23,20,20.9,-6.99,29.25,-0.24,930.13,8,sol,4H,3y,128
0.5,0.786,1.618,0.002,5,0.2,both,53,34,19,15.1,-9.94,41.01,-0.24,900.61,8,sol,4H,3y,128
0.382,0.786,2.0,0.005,3,0.2,ob_only,73,34,39,17.8,-8.68,35.82,-0.24,913.19,5,sol,4H,3y,200
0.382,0.786,1.272,0.002,5,0.1,ob_only,142,69,73,21.8,-11.19,47.35,-0.24,888.07,3,sol,4H,3y,296
0.382,0.786,2.0,0.002,5,0.1,ob_only,77,38,39,16.9,-5.3,22.3,-0.24,946.97,5,sol,4H,3y,200
0.5,0.786,1.272,0.002,5,0.1,both,143,73,70,20.3,-10.53,41.28,-0.25,894.75,3,sol,4H,3y,296
0.382,0.786,1.618,0.005,3,0.1,ob_only,78,35,43,20.5,-6.04,24.58,-0.25,939.6,5,sol,4H,3y,200
0.5,0.786,2.0,0.002,3,0.1,fvg_only,18,18,0,5.6,-1.0,3.87,-0.26,990.0,8,sol,4H,3y,128
0.5,0.786,1.272,0.005,5,0.1,ob_only,132,61,71,24.2,-10.71,41.92,-0.26,892.89,3,sol,4H,3y,296
0.382,0.618,1.272,0.005,5,0.1,ob_only,75,32,43,25.3,-10.84,42.4,-0.26,891.58,5,sol,4H,3y,200
0.382,0.786,1.272,0.002,5,0.1,fvg_only,28,28,0,7.1,-2.11,7.95,-0.27,978.94,8,sol,4H,3y,128
0.382,0.618,1.272,0.002,3,0.1,fvg_only,28,28,0,7.1,-1.39,5.1,-0.27,986.12,8,sol,4H,3y,128
0.382,0.786,1.272,0.002,3,0.2,ob_only,142,69,73,21.8,-14.34,53.9,-0.27,856.58,3,sol,4H,3y,296
0.5,0.786,2.0,0.002,5,0.1,fvg_only,18,18,0,5.6,-1.79,6.38,-0.28,982.13,8,sol,4H,3y,128
0.5,0.786,1.272,0.002,3,0.2,both,143,73,70,20.3,-13.2,47.38,-0.28,867.95,3,sol,4H,3y,296
0.382,0.786,2.0,0.002,3,0.2,ob_only,77,38,39,16.9,-7.4,26.57,-0.28,925.99,5,sol,4H,3y,200
0.5,0.786,1.272,0.005,3,0.2,ob_only,132,61,71,24.2,-13.48,48.1,-0.28,865.16,3,sol,4H,3y,296
0.382,0.786,2.0,0.005,7,0.1,ob_only,73,34,39,17.8,-11.31,40.8,-0.28,886.94,5,sol,4H,3y,200
0.382,0.618,1.272,0.005,3,0.2,ob_only,75,32,43,25.3,-13.8,48.64,-0.28,862.03,5,sol,4H,3y,200
0.382,0.786,1.272,0.002,3,0.2,fvg_only,28,28,0,7.1,-2.67,9.47,-0.28,973.27,8,sol,4H,3y,128
0.382,0.618,1.272,0.005,5,0.2,fvg_only,28,28,0,10.7,-4.66,16.77,-0.28,953.42,8,sol,4H,3y,128
0.382,0.786,1.272,0.005,3,0.1,ob_only,142,69,73,23.9,-10.18,34.54,-0.29,898.16,3,sol,4H,3y,296
0.5,0.786,1.618,0.005,3,0.1,both,52,33,19,15.4,-4.5,15.66,-0.29,954.95,8,sol,4H,3y,128
0.382,0.786,2.0,0.005,3,0.1,both,82,43,39,15.9,-6.21,21.11,-0.29,937.94,5,sol,4H,3y,200
0.5,0.786,2.0,0.002,3,0.1,ob_only,127,57,70,15.0,-8.7,29.54,-0.29,912.99,3,sol,4H,3y,296
0.5,0.786,2.0,0.002,3,0.2,fvg_only,18,18,0,5.6,-2.21,7.62,-0.29,977.87,8,sol,4H,3y,128
0.382,0.786,2.0,0.002,3,0.1,ob_only,46,22,24,17.4,-4.89,17.07,-0.29,951.14,8,sol,4H,3y,128
0.5,0.786,2.0,0.005,5,0.2,both,50,31,19,14.0,-12.54,43.84,-0.29,874.58,8,sol,4H,3y,128
0.5,0.786,1.272,0.002,5,0.2,ob_only,43,23,20,20.9,-11.94,39.21,-0.3,880.57,8,sol,4H,3y,128
0.5,0.786,2.0,0.002,7,0.1,fvg_only,18,18,0,5.6,-2.66,8.84,-0.3,973.4,8,sol,4H,3y,128
0.382,0.786,1.272,0.002,3,0.1,ob_only,50,24,26,22.0,-3.94,13.26,-0.3,960.55,8,sol,4H,3y,128
0.382,0.786,1.272,0.002,7,0.1,fvg_only,28,28,0,7.1,-3.28,10.97,-0.3,967.15,8,sol,4H,3y,128
0.5,0.786,1.272,0.002,7,0.1,both,143,73,70,20.3,-16.02,52.9,-0.3,839.77,3,sol,4H,3y,296
0.382,0.786,1.272,0.002,7,0.1,ob_only,142,69,73,21.8,-17.7,59.69,-0.3,822.98,3,sol,4H,3y,296
0.382,0.618,1.272,0.002,3,0.1,ob_only,77,33,44,23.4,-8.35,27.81,-0.3,916.54,5,sol,4H,3y,200
0.382,0.786,1.618,0.005,5,0.1,ob_only,78,35,43,20.5,-11.42,37.96,-0.3,885.76,5,sol,4H,3y,200
0.382,0.618,1.272,0.005,7,0.1,ob_only,75,32,43,25.3,-16.94,54.27,-0.31,830.58,5,sol,4H,3y,200
0.382,0.618,1.272,0.002,5,0.1,fvg_only,28,28,0,7.1,-2.56,8.38,-0.31,974.35,8,sol,4H,3y,128
0.5,0.786,1.272,0.005,7,0.1,ob_only,132,61,71,24.2,-16.41,53.67,-0.31,835.91,3,sol,4H,3y,296
0.382,0.786,1.272,0.002,3,0.1,both,160,87,73,20.0,-10.82,35.3,-0.31,891.76,3,sol,4H,3y,296
0.382,0.786,1.272,0.005,7,0.2,fvg_only,28,28,0,10.7,-6.65,21.75,-0.31,933.45,8,sol,4H,3y,128
0.382,0.786,2.0,0.002,3,0.1,ob_only,137,66,71,14.6,-9.84,31.43,-0.31,901.63,3,sol,4H,3y,296
0.382,0.618,1.618,0.005,3,0.1,ob_only,122,61,61,23.8,-10.0,30.87,-0.32,899.98,3,sol,4H,3y,296
0.382,0.786,2.0,0.002,7,0.1,ob_only,77,38,39,16.9,-9.78,30.74,-0.32,902.21,5,sol,4H,3y,200
0.5,0.786,1.272,0.005,3,0.1,both,140,70,70,22.9,-9.68,30.15,-0.32,903.18,3,sol,4H,3y,296
0.382,0.618,1.272,0.002,3,0.2,fvg_only,28,28,0,7.1,-3.22,9.98,-0.32,967.79,8,sol,4H,3y,128
0.5,0.786,1.272,0.002,7,0.2,ob_only,133,62,71,21.8,-24.68,75.34,-0.33,753.21,3,sol,4H,3y,296
0.5,0.786,2.0,0.002,5,0.2,fvg_only,18,18,0,5.6,-4.12,12.41,-0.33,958.8,8,sol,4H,3y,128
0.382,0.786,1.618,0.005,3,0.2,ob_only,78,35,43,20.5,-14.43,43.85,-0.33,855.68,5,sol,4H,3y,200
0.5,0.786,1.618,0.005,5,0.1,both,52,33,19,15.4,-8.45,24.81,-0.34,915.52,8,sol,4H,3y,128
0.382,0.618,1.272,0.002,7,0.1,fvg_only,28,28,0,7.1,-3.92,11.56,-0.34,960.8,8,sol,4H,3y,128
0.382,0.786,2.0,0.002,5,0.1,ob_only,46,22,24,17.4,-9.33,27.08,-0.34,906.74,8,sol,4H,3y,128
0.5,0.786,1.272,0.005,3,0.1,ob_only,43,23,20,20.9,-5.07,14.75,-0.34,949.31,8,sol,4H,3y,128
0.382,0.618,1.272,0.005,7,0.2,fvg_only,28,28,0,10.7,-7.89,22.79,-0.35,921.08,8,sol,4H,3y,128
0.5,0.786,2.0,0.002,5,0.1,ob_only,127,57,70,15.0,-15.49,44.54,-0.35,845.14,3,sol,4H,3y,296
0.382,0.618,1.272,0.002,5,0.1,ob_only,77,33,44,23.4,-14.95,42.36,-0.35,850.46,5,sol,4H,3y,200
0.5,0.786,1.618,0.002,7,0.2,both,53,34,19,15.1,-18.23,52.55,-0.35,817.71,8,sol,4H,3y,128
0.382,0.786,1.272,0.002,5,0.2,fvg_only,28,28,0,7.1,-5.36,15.36,-0.35,946.39,8,sol,4H,3y,128
0.382,0.786,1.618,0.005,3,0.1,both,89,47,42,18.0,-9.37,26.39,-0.35,906.34,5,sol,4H,3y,200
0.382,0.618,1.272,0.005,3,0.1,both,90,47,43,21.1,-11.02,30.25,-0.36,889.78,5,sol,4H,3y,200
0.382,0.786,1.272,0.005,5,0.1,ob_only,142,69,73,23.9,-18.22,51.05,-0.36,817.78,3,sol,4H,3y,296
0.382,0.786,2.0,0.005,5,0.1,both,82,43,39,15.9,-12.0,33.32,-0.36,879.99,5,sol,4H,3y,200
0.382,0.786,1.272,0.002,5,0.1,ob_only,50,24,26,22.0,-7.64,21.23,-0.36,923.62,8,sol,4H,3y,128
0.382,0.786,1.618,0.005,7,0.1,ob_only,78,35,43,20.5,-17.61,49.25,-0.36,823.92,5,sol,4H,3y,200
0.382,0.786,2.0,0.002,3,0.1,both,89,50,39,14.6,-5.67,15.55,-0.36,943.33,5,sol,4H,3y,200
0.5,0.786,2.0,0.002,3,0.2,ob_only,127,57,70,15.0,-19.07,50.89,-0.37,809.27,3,sol,4H,3y,296
0.5,0.786,1.272,0.005,5,0.1,both,140,70,70,22.9,-16.85,45.34,-0.37,831.53,3,sol,4H,3y,296
0.5,0.786,1.618,0.005,3,0.2,both,52,33,19,15.4,-10.65,29.04,-0.37,893.5,8,sol,4H,3y,128
0.5,0.786,2.0,0.002,7,0.2,fvg_only,18,18,0,5.6,-6.31,16.98,-0.37,936.92,8,sol,4H,3y,128
0.382,0.786,2.0,0.002,3,0.2,ob_only,46,22,24,17.4,-11.83,31.7,-0.37,881.7,8,sol,4H,3y,128
0.382,0.618,1.272,0.002,3,0.1,ob_only,128,65,63,25.0,-11.07,30.26,-0.37,889.31,3,sol,4H,3y,296
0.382,0.786,1.272,0.002,5,0.1,both,160,87,73,20.0,-19.11,51.94,-0.37,808.85,3,sol,4H,3y,296
0.5,0.786,1.272,0.002,5,0.2,both,143,73,70,20.3,-25.09,66.42,-0.38,749.11,3,sol,4H,3y,296
0.382,0.786,1.618,0.002,3,0.1,ob_only,142,68,74,18.3,-11.78,31.21,-0.38,882.2,3,sol,4H,3y,296
0.382,0.618,1.272,0.005,3,0.1,ob_only,127,64,63,27.6,-11.77,30.74,-0.38,882.28,3,sol,4H,3y,296
0.382,0.786,2.0,0.005,5,0.2,ob_only,73,34,39,17.8,-20.51,54.05,-0.38,794.88,5,sol,4H,3y,200
0.5,0.786,1.272,0.005,5,0.2,ob_only,132,61,71,24.2,-25.85,67.31,-0.38,741.5,3,sol,4H,3y,296
0.382,0.618,1.618,0.002,3,0.1,ob_only,122,61,61,20.5,-12.32,32.51,-0.38,876.81,3,sol,4H,3y,296
0.382,0.618,1.272,0.002,3,0.2,ob_only,77,33,44,23.4,-18.47,48.62,-0.38,815.27,5,sol,4H,3y,200
0.5,0.786,2.0,0.005,3,0.1,ob_only,125,55,70,16.8,-12.46,32.68,-0.38,875.42,3,sol,4H,3y,296
0.5,0.786,1.272,0.005,5,0.1,ob_only,43,23,20,20.9,-9.1,23.45,-0.39,909.05,8,sol,4H,3y,128
0.382,0.786,2.0,0.005,3,0.2,both,82,43,39,15.9,-15.27,38.88,-0.39,847.29,5,sol,4H,3y,200
0.5,0.786,1.618,0.005,7,0.1,both,52,33,19,15.4,-12.98,33.04,-0.39,870.17,8,sol,4H,3y,128
0.382,0.618,1.272,0.002,5,0.2,fvg_only,28,28,0,7.1,-6.25,16.16,-0.39,937.47,8,sol,4H,3y,128
0.382,0.786,1.272,0.002,3,0.2,ob_only,50,24,26,22.0,-9.75,24.97,-0.39,902.48,8,sol,4H,3y,128
0.382,0.786,1.272,0.002,5,0.2,ob_only,142,69,73,21.8,-28.66,73.28,-0.39,713.44,3,sol,4H,3y,296
0.382,0.618,1.618,0.005,5,0.1,ob_only,122,61,61,23.8,-18.13,46.44,-0.39,818.69,3,sol,4H,3y,296
0.382,0.786,1.272,0.005,3,0.2,ob_only,142,69,73,23.9,-22.46,57.78,-0.39,775.37,3,sol,4H,3y,296
0.5,0.786,1.272,0.002,7,0.2,ob_only,43,23,20,20.9,-19.81,50.51,-0.39,801.88,8,sol,4H,3y,128
0.382,0.786,2.0,0.002,5,0.1,ob_only,137,66,71,14.6,-18.22,47.17,-0.39,817.75,3,sol,4H,3y,296
0.382,0.786,2.0,0.005,3,0.1,ob_only,136,65,71,16.2,-13.81,34.59,-0.4,861.85,3,sol,4H,3y,296
0.382,0.786,2.0,0.002,7,0.1,ob_only,46,22,24,17.4,-14.49,36.07,-0.4,855.1,8,sol,4H,3y,128
0.5,0.786,1.272,0.005,3,0.2,both,140,70,70,22.9,-20.55,51.74,-0.4,794.47,3,sol,4H,3y,296
0.5,0.786,2.0,0.002,7,0.1,ob_only,127,57,70,15.0,-22.75,56.56,-0.4,772.52,3,sol,4H,3y,296
0.382,0.618,1.272,0.005,5,0.2,ob_only,75,32,43,25.3,-27.2,68.14,-0.4,728.05,5,sol,4H,3y,200
0.382,0.786,1.272,0.002,3,0.2,both,160,87,73,20.0,-23.43,58.67,-0.4,765.66,3,sol,4H,3y,296
0.5,0.786,2.0,0.005,7,0.2,both,50,31,19,14.0,-22.85,55.75,-0.41,771.51,8,sol,4H,3y,128
0.382,0.786,1.618,0.005,5,0.1,both,89,47,42,18.0,-16.59,40.43,-0.41,834.06,5,sol,4H,3y,200
0.5,0.786,1.272,0.005,3,0.2,ob_only,43,23,20,20.9,-11.27,27.49,-0.41,887.33,8,sol,4H,3y,128
0.382,0.786,1.272,0.002,7,0.2,fvg_only,28,28,0,7.1,-8.62,20.93,-0.41,913.76,8,sol,4H,3y,128
0.382,0.618,1.272,0.002,7,0.1,ob_only,77,33,44,23.4,-22.09,54.27,-0.41,779.07,5,sol,4H,3y,200
0.382,0.786,1.272,0.002,7,0.1,ob_only,50,24,26,22.0,-12.02,28.56,-0.42,879.79,8,sol,4H,3y,128
0.5,0.786,1.272,0.005,7,0.1,both,140,70,70,22.9,-24.31,57.44,-0.42,756.94,3,sol,4H,3y,296
0.382,0.618,1.272,0.005,5,0.1,both,90,47,43,21.1,-19.19,45.63,-0.42,808.14,5,sol,4H,3y,200
0.382,0.786,1.272,0.005,7,0.1,ob_only,142,69,73,23.9,-26.79,63.64,-0.42,732.11,3,sol,4H,3y,296
0.382,0.618,1.618,0.005,3,0.2,ob_only,122,61,61,23.8,-22.46,52.99,-0.42,775.41,3,sol,4H,3y,296
0.382,0.786,2.0,0.002,3,0.2,ob_only,137,66,71,14.6,-22.74,53.76,-0.42,772.6,3,sol,4H,3y,296
0.382,0.618,1.272,0.002,5,0.1,ob_only,128,65,63,25.0,-19.24,45.56,-0.42,807.62,3,sol,4H,3y,296
0.382,0.786,1.272,0.005,3,0.1,both,158,86,72,21.5,-16.85,39.21,-0.43,831.5,3,sol,4H,3y,296
0.382,0.786,2.0,0.002,3,0.1,both,153,82,71,13.1,-16.0,37.37,-0.43,839.99,3,sol,4H,3y,296
0.382,0.786,2.0,0.005,3,0.1,ob_only,46,22,24,17.4,-8.12,18.88,-0.43,918.8,8,sol,4H,3y,128
0.382,0.786,1.272,0.002,7,0.1,both,160,87,73,20.0,-27.81,64.51,-0.43,721.92,3,sol,4H,3y,296
0.382,0.786,2.0,0.005,7,0.1,both,82,43,39,15.9,-18.73,44.08,-0.43,812.67,5,sol,4H,3y,200
0.382,0.786,2.0,0.002,5,0.2,ob_only,77,38,39,16.9,-18.27,42.56,-0.43,817.32,5,sol,4H,3y,200
0.382,0.618,1.272,0.002,3,0.1,both,94,50,44,19.1,-12.88,29.85,-0.43,871.22,5,sol,4H,3y,200
0.5,0.786,1.272,0.005,7,0.1,ob_only,43,23,20,20.9,-13.53,31.33,-0.43,864.72,8,sol,4H,3y,128
0.382,0.786,1.618,0.005,5,0.2,ob_only,78,35,43,20.5,-27.84,62.85,-0.44,721.57,5,sol,4H,3y,200
0.382,0.786,2.0,0.002,5,0.1,both,89,50,39,14.6,-11.05,25.32,-0.44,889.54,5,sol,4H,3y,200
0.382,0.786,1.618,0.002,5,0.1,ob_only,142,68,74,18.3,-20.65,46.84,-0.44,793.45,3,sol,4H,3y,296
0.5,0.786,2.0,0.005,5,0.1,ob_only,125,55,70,16.8,-21.29,48.65,-0.44,787.1,3,sol,4H,3y,296
0.382,0.618,1.272,0.005,5,0.1,ob_only,127,64,63,27.6,-20.39,46.23,-0.44,796.11,3,sol,4H,3y,296
0.382,0.786,1.618,0.005,3,0.2,both,89,47,42,18.0,-20.39,46.52,-0.44,796.07,5,sol,4H,3y,200
0.382,0.618,1.618,0.002,5,0.1,ob_only,122,61,61,20.5,-21.47,48.46,-0.44,785.32,3,sol,4H,3y,296
0.382,0.618,1.272,0.005,3,0.2,both,90,47,43,21.1,-23.39,52.12,-0.45,766.08,5,sol,4H,3y,200
0.382,0.786,1.618,0.005,3,0.1,ob_only,142,68,74,20.4,-15.26,33.85,-0.45,847.44,3,sol,4H,3y,296
0.382,0.618,1.272,0.002,3,0.2,ob_only,128,65,63,25.0,-23.44,52.01,-0.45,765.6,3,sol,4H,3y,296
0.5,0.786,2.0,0.002,3,0.1,both,136,67,69,13.2,-15.41,34.34,-0.45,845.9,3,sol,4H,3y,296
0.382,0.618,1.272,0.002,7,0.2,fvg_only,28,28,0,7.1,-9.83,21.98,-0.45,901.67,8,sol,4H,3y,128
0.382,0.618,1.618,0.005,7,0.1,ob_only,122,61,61,23.8,-26.89,58.8,-0.46,731.11,3,sol,4H,3y,296
0.382,0.786,1.618,0.002,3,0.1,ob_only,46,22,24,19.6,-7.85,16.89,-0.46,921.49,8,sol,4H,3y,128
0.382,0.786,2.0,0.002,7,0.1,ob_only,137,66,71,14.6,-27.38,59.6,-0.46,726.23,3,sol,4H,3y,296
0.382,0.786,2.0,0.005,5,0.1,ob_only,136,65,71,16.2,-24.25,51.21,-0.47,757.51,3,sol,4H,3y,296
0.5,0.786,1.618,0.005,5,0.2,both,52,33,19,15.4,-20.6,43.84,-0.47,794.02,8,sol,4H,3y,128
0.382,0.786,1.618,0.005,7,0.1,both,89,47,42,18.0,-24.27,52.06,-0.47,757.31,5,sol,4H,3y,200
0.382,0.618,1.618,0.002,3,0.2,ob_only,122,61,61,20.5,-26.15,55.06,-0.47,738.46,3,sol,4H,3y,296
0.5,0.786,2.0,0.005,3,0.2,ob_only,125,55,70,16.8,-25.75,55.24,-0.47,742.55,3,sol,4H,3y,296
0.382,0.786,2.0,0.002,3,0.2,both,89,50,39,14.6,-14.1,29.99,-0.47,858.97,5,sol,4H,3y,200
0.382,0.618,1.272,0.005,3,0.2,ob_only,127,64,63,27.6,-24.8,52.74,-0.47,751.99,3,sol,4H,3y,296
0.382,0.786,1.618,0.002,3,0.2,ob_only,142,68,74,18.3,-25.23,53.38,-0.47,747.69,3,sol,4H,3y,296
0.5,0.786,1.272,0.002,7,0.2,both,143,73,70,20.3,-37.83,78.93,-0.48,621.69,3,sol,4H,3y,296
0.382,0.618,1.272,0.005,7,0.1,both,90,47,43,21.1,-27.63,57.92,-0.48,723.67,5,sol,4H,3y,200
0.382,0.786,2.0,0.002,5,0.2,ob_only,46,22,24,17.4,-23.18,47.81,-0.48,768.23,8,sol,4H,3y,128
0.5,0.786,2.0,0.002,5,0.2,ob_only,127,57,70,15.0,-34.01,70.16,-0.48,659.94,3,sol,4H,3y,296
0.382,0.618,1.272,0.002,7,0.1,ob_only,128,65,63,25.0,-27.67,57.76,-0.48,723.26,3,sol,4H,3y,296
0.382,0.786,1.618,0.002,3,0.1,both,158,84,74,16.5,-17.74,36.67,-0.48,822.57,3,sol,4H,3y,296
0.382,0.618,1.618,0.002,3,0.1,both,136,75,61,18.4,-18.08,37.74,-0.48,819.21,3,sol,4H,3y,296
0.5,0.786,1.618,0.002,3,0.1,fvg_only,18,18,0,5.6,-1.86,3.87,-0.48,981.4,8,sol,4H,3y,128
0.5,0.786,1.272,0.005,7,0.2,ob_only,132,61,71,24.2,-39.13,79.82,-0.49,608.69,3,sol,4H,3y,296
0.382,0.786,2.0,0.005,5,0.1,ob_only,46,22,24,17.4,-14.45,29.73,-0.49,855.54,8,sol,4H,3y,128
0.5,0.786,1.272,0.005,3,0.1,ob_only,81,35,46,17.3,-14.98,30.34,-0.49,850.25,5,sol,4H,3y,200
0.5,0.786,2.0,0.005,7,0.1,ob_only,125,55,70,16.8,-30.18,61.04,-0.49,698.19,3,sol,4H,3y,296
0.382,0.618,1.272,0.002,5,0.1,both,94,50,44,19.1,-21.86,45.06,-0.49,781.45,5,sol,4H,3y,200
0.382,0.618,1.272,0.002,5,0.2,ob_only,77,33,44,23.4,-33.27,68.06,-0.49,667.34,5,sol,4H,3y,200
0.5,0.786,2.0,0.005,3,0.1,both,132,63,69,15.2,-18.91,37.54,-0.5,810.85,3,sol,4H,3y,296
0.382,0.618,1.272,0.005,7,0.1,ob_only,127,64,63,27.6,-29.23,58.53,-0.5,707.72,3,sol,4H,3y,296
0.5,0.786,1.272,0.005,5,0.2,ob_only,43,23,20,20.9,-20.74,41.77,-0.5,792.61,8,sol,4H,3y,128
0.382,0.786,2.0,0.005,3,0.1,both,151,81,70,14.6,-20.43,40.89,-0.5,795.7,3,sol,4H,3y,296
0.382,0.786,2.0,0.002,7,0.1,both,89,50,39,14.6,-17.36,34.49,-0.5,826.44,5,sol,4H,3y,200
0.382,0.786,2.0,0.002,5,0.1,both,153,82,71,13.1,-27.32,54.54,-0.5,726.79,3,sol,4H,3y,296
0.382,0.786,1.618,0.002,7,0.1,ob_only,142,68,74,18.3,-29.83,59.18,-0.5,701.66,3,sol,4H,3y,296
0.5,0.786,2.0,0.002,5,0.1,both,136,67,69,13.2,-25.5,50.65,-0.5,744.96,3,sol,4H,3y,296
0.5,0.786,1.272,0.005,5,0.2,both,140,70,70,22.9,-35.59,71.01,-0.5,644.07,3,sol,4H,3y,296
0.5,0.786,1.618,0.002,3,0.2,fvg_only,18,18,0,5.6,-3.84,7.62,-0.5,961.62,8,sol,4H,3y,128
0.382,0.786,1.272,0.005,5,0.1,both,158,86,72,21.5,-28.1,56.72,-0.5,719.01,3,sol,4H,3y,296
0.5,0.786,1.618,0.002,5,0.1,fvg_only,18,18,0,5.6,-3.17,6.38,-0.5,968.34,8,sol,4H,3y,128
0.5,0.786,1.618,0.002,7,0.1,fvg_only,18,18,0,5.6,-4.52,8.84,-0.51,954.8,8,sol,4H,3y,128
0.382,0.786,2.0,0.005,3,0.2,ob_only,136,65,71,16.2,-29.57,57.99,-0.51,704.25,3,sol,4H,3y,296
0.382,0.618,1.272,0.002,3,0.1,both,144,81,63,22.2,-18.12,35.2,-0.51,818.83,3,sol,4H,3y,296
0.382,0.786,2.0,0.005,7,0.2,ob_only,73,34,39,17.8,-34.58,68.05,-0.51,654.21,5,sol,4H,3y,200
0.382,0.618,1.618,0.005,3,0.1,both,133,74,59,20.3,-18.97,37.54,-0.51,810.29,3,sol,4H,3y,296
0.382,0.618,1.618,0.002,7,0.1,ob_only,122,61,61,20.5,-30.85,60.88,-0.51,691.51,3,sol,4H,3y,296
0.382,0.618,1.272,0.002,3,0.1,ob_only,42,19,23,23.8,-6.33,12.4,-0.51,936.74,8,sol,4H,3y,128
0.382,0.786,1.272,0.002,5,0.2,ob_only,50,24,26,22.0,-19.58,38.46,-0.51,804.24,8,sol,4H,3y,128
0.382,0.786,1.272,0.005,3,0.1,ob_only,50,24,26,22.0,-7.29,14.34,-0.51,927.06,8,sol,4H,3y,128
0.382,0.786,2.0,0.005,3,0.2,ob_only,46,22,24,17.4,-17.79,34.67,-0.51,822.07,8,sol,4H,3y,128
0.382,0.618,1.272,0.002,3,0.2,both,94,50,44,19.1,-26.35,51.49,-0.51,736.49,5,sol,4H,3y,200
0.382,0.786,1.618,0.002,5,0.1,ob_only,46,22,24,19.6,-13.72,26.76,-0.51,862.81,8,sol,4H,3y,128
0.382,0.786,2.0,0.005,5,0.2,both,82,43,39,15.9,-29.87,57.65,-0.52,701.3,5,sol,4H,3y,200
0.382,0.618,1.272,0.005,7,0.2,ob_only,75,32,43,25.3,-41.66,80.81,-0.52,583.37,5,sol,4H,3y,200
0.382,0.786,1.272,0.005,5,0.2,ob_only,142,69,73,23.9,-39.84,77.0,-0.52,601.59,3,sol,4H,3y,296
0.382,0.786,1.618,0.005,5,0.1,ob_only,142,68,74,20.4,-25.89,50.24,-0.52,741.11,3,sol,4H,3y,296
0.382,0.786,1.272,0.002,7,0.2,ob_only,142,69,73,21.8,-43.95,84.87,-0.52,560.52,3,sol,4H,3y,296
0.5,0.786,1.272,0.005,3,0.1,both,90,45,45,15.6,-16.45,31.17,-0.53,835.53,5,sol,4H,3y,200
0.5,0.786,1.618,0.002,5,0.2,fvg_only,18,18,0,5.6,-6.63,12.41,-0.53,933.7,8,sol,4H,3y,128
0.5,0.786,2.0,0.002,3,0.2,both,136,67,69,13.2,-30.4,57.28,-0.53,695.97,3,sol,4H,3y,296
0.382,0.786,1.272,0.002,5,0.2,both,160,87,73,20.0,-40.86,77.71,-0.53,591.39,3,sol,4H,3y,296
0.382,0.786,1.272,0.005,3,0.2,both,158,86,72,21.5,-33.57,63.57,-0.53,664.32,3,sol,4H,3y,296
0.382,0.786,2.0,0.002,3,0.2,both,153,82,71,13.1,-32.93,61.37,-0.54,670.7,3,sol,4H,3y,296
0.5,0.786,2.0,0.005,3,0.1,fvg_only,18,18,0,5.6,-2.5,4.64,-0.54,975.04,8,sol,4H,3y,128
0.5,0.786,1.618,0.002,3,0.1,ob_only,132,61,71,17.4,-14.71,27.2,-0.54,852.92,3,sol,4H,3y,296
0.382,0.786,1.618,0.002,3,0.1,ob_only,82,40,42,18.3,-10.41,19.15,-0.54,895.9,5,sol,4H,3y,200
0.5,0.786,1.272,0.005,5,0.1,ob_only,81,35,46,17.3,-24.55,45.53,-0.54,754.49,5,sol,4H,3y,200
0.382,0.786,1.618,0.002,3,0.2,ob_only,46,22,24,19.6,-16.78,31.31,-0.54,832.17,8,sol,4H,3y,128
0.382,0.618,1.272,0.002,7,0.1,both,94,50,44,19.1,-30.81,57.24,-0.54,691.91,5,sol,4H,3y,200
0.382,0.786,2.0,0.005,7,0.1,ob_only,46,22,24,17.4,-21.22,39.32,-0.54,787.76,8,sol,4H,3y,128
0.382,0.618,1.618,0.002,5,0.1,both,136,75,61,18.4,-29.88,54.92,-0.54,701.25,3,sol,4H,3y,296
0.382,0.786,2.0,0.005,7,0.1,ob_only,136,65,71,16.2,-34.88,63.9,-0.55,651.24,3,sol,4H,3y,296
0.382,0.786,1.618,0.005,7,0.2,ob_only,78,35,43,20.5,-42.08,75.96,-0.55,579.2,5,sol,4H,3y,200
0.382,0.786,1.272,0.002,3,0.1,both,65,40,25,16.9,-7.71,14.07,-0.55,922.89,8,sol,4H,3y,128
0.382,0.618,2.0,0.005,3,0.1,ob_only,113,58,55,17.7,-18.88,34.39,-0.55,811.19,3,sol,4H,3y,296
0.382,0.786,1.618,0.005,3,0.2,ob_only,142,68,74,20.4,-31.16,56.96,-0.55,688.38,3,sol,4H,3y,296
0.382,0.786,1.618,0.002,5,0.1,both,158,84,74,16.5,-29.39,53.65,-0.55,706.13,3,sol,4H,3y,296
0.382,0.786,1.618,0.005,5,0.2,both,89,47,42,18.0,-36.04,65.76,-0.55,639.56,5,sol,4H,3y,200
0.382,0.786,1.618,0.005,3,0.1,both,156,83,73,17.9,-22.61,40.45,-0.56,773.85,3,sol,4H,3y,296
0.382,0.618,1.272,0.002,5,0.2,ob_only,128,65,63,25.0,-40.24,71.44,-0.56,597.6,3,sol,4H,3y,296
0.382,0.618,1.618,0.005,3,0.1,ob_only,72,32,40,19.4,-15.34,27.47,-0.56,846.63,5,sol,4H,3y,200
0.382,0.786,2.0,0.002,7,0.2,ob_only,77,38,39,16.9,-31.56,56.38,-0.56,684.43,5,sol,4H,3y,200
0.5,0.786,2.0,0.005,5,0.1,both,132,63,69,15.2,-30.66,54.62,-0.56,693.44,3,sol,4H,3y,296
0.5,0.786,2.0,0.002,7,0.1,both,136,67,69,13.2,-35.17,63.06,-0.56,648.32,3,sol,4H,3y,296
0.5,0.786,2.0,0.005,5,0.1,fvg_only,18,18,0,5.6,-4.25,7.63,-0.56,957.46,8,sol,4H,3y,128
0.382,0.618,1.272,0.005,5,0.2,both,90,47,43,21.1,-40.23,71.73,-0.56,597.67,5,sol,4H,3y,200
0.382,0.786,2.0,0.002,5,0.2,ob_only,137,66,71,14.6,-41.41,73.34,-0.56,585.87,3,sol,4H,3y,296
0.382,0.786,1.618,0.002,7,0.1,ob_only,46,22,24,19.6,-19.91,35.62,-0.56,800.92,8,sol,4H,3y,128
0.382,0.786,1.272,0.005,7,0.1,both,158,86,72,21.5,-38.88,69.42,-0.56,611.23,3,sol,4H,3y,296
0.382,0.618,2.0,0.002,3,0.1,ob_only,116,60,56,15.5,-18.51,33.0,-0.56,814.9,3,sol,4H,3y,296
0.5,0.786,1.618,0.002,7,0.2,fvg_only,18,18,0,5.6,-9.56,16.98,-0.56,904.35,8,sol,4H,3y,128
0.5,0.786,1.272,0.005,3,0.2,ob_only,81,35,46,17.3,-29.16,51.9,-0.56,708.42,5,sol,4H,3y,200
0.382,0.618,1.618,0.005,5,0.2,ob_only,122,61,61,23.8,-40.31,72.58,-0.56,596.94,3,sol,4H,3y,296
0.382,0.618,1.272,0.002,5,0.1,ob_only,42,19,23,23.8,-11.24,20.19,-0.56,887.56,8,sol,4H,3y,128
0.5,0.786,2.0,0.005,3,0.2,fvg_only,18,18,0,5.6,-5.16,9.1,-0.57,948.43,8,sol,4H,3y,128
0.382,0.618,1.272,0.002,5,0.1,both,144,81,63,22.2,-29.63,51.81,-0.57,703.69,3,sol,4H,3y,296
0.382,0.618,1.618,0.005,5,0.1,both,133,74,59,20.3,-31.26,54.74,-0.57,687.4,3,sol,4H,3y,296
0.382,0.786,2.0,0.005,5,0.1,both,151,81,70,14.6,-33.69,58.76,-0.57,663.14,3,sol,4H,3y,296
0.5,0.786,1.272,0.005,5,0.1,both,90,45,45,15.6,-26.71,46.61,-0.57,732.86,5,sol,4H,3y,200
0.5,0.786,1.272,0.002,3,0.1,both,53,34,19,15.1,-8.2,14.44,-0.57,918.05,8,sol,4H,3y,128
0.382,0.786,2.0,0.002,7,0.1,both,153,82,71,13.1,-38.42,67.22,-0.57,615.79,3,sol,4H,3y,296
0.5,0.786,1.618,0.005,7,0.2,both,52,33,19,15.4,-31.6,55.75,-0.57,683.98,8,sol,4H,3y,128
0.382,0.786,1.272,0.005,5,0.1,ob_only,50,24,26,22.0,-12.98,22.87,-0.57,870.18,8,sol,4H,3y,128
0.382,0.618,1.618,0.002,3,0.2,both,136,75,61,18.4,-35.54,61.72,-0.58,644.64,3,sol,4H,3y,296
0.382,0.618,2.0,0.002,3,0.1,ob_only,72,32,40,15.3,-14.25,24.4,-0.58,857.53,5,sol,4H,3y,200
0.5,0.786,1.618,0.002,5,0.1,ob_only,132,61,71,17.4,-24.22,41.42,-0.58,757.83,3,sol,4H,3y,296
0.382,0.786,1.618,0.002,3,0.2,both,158,84,74,16.5,-34.99,60.44,-0.58,650.08,3,sol,4H,3y,296
0.5,0.786,2.0,0.005,7,0.1,fvg_only,18,18,0,5.6,-6.07,10.54,-0.58,939.25,8,sol,4H,3y,128
0.5,0.786,1.272,0.005,7,0.2,ob_only,43,23,20,20.9,-30.94,53.45,-0.58,690.59,8,sol,4H,3y,128
0.382,0.786,1.618,0.005,7,0.1,ob_only,142,68,74,20.4,-36.34,62.84,-0.58,636.61,3,sol,4H,3y,296
0.5,0.786,1.272,0.005,7,0.1,ob_only,81,35,46,17.3,-33.63,57.57,-0.58,663.75,5,sol,4H,3y,200
0.382,0.618,1.272,0.002,3,0.2,ob_only,42,19,23,23.8,-13.86,23.92,-0.58,861.37,8,sol,4H,3y,128
0.382,0.618,1.272,0.005,3,0.1,both,140,79,61,23.6,-21.38,36.8,-0.58,786.23,3,sol,4H,3y,296
0.5,0.786,2.0,0.005,5,0.2,ob_only,125,55,70,16.8,-43.08,74.51,-0.58,569.22,3,sol,4H,3y,296
0.382,0.618,1.272,0.005,5,0.2,ob_only,127,64,63,27.6,-42.27,72.25,-0.58,577.34,3,sol,4H,3y,296
0.382,0.786,1.618,0.002,5,0.1,ob_only,82,40,42,18.3,-18.02,30.45,-0.59,819.82,5,sol,4H,3y,200
0.382,0.786,2.0,0.002,7,0.2,ob_only,46,22,24,17.4,-35.61,60.59,-0.59,643.94,8,sol,4H,3y,128
0.382,0.786,2.0,0.002,3,0.1,both,56,33,23,12.5,-13.82,23.59,-0.59,861.79,8,sol,4H,3y,128
0.382,0.786,1.618,0.005,3,0.1,ob_only,46,22,24,19.6,-10.91,18.56,-0.59,890.94,8,sol,4H,3y,128
0.382,0.618,2.0,0.005,3,0.1,ob_only,68,30,38,16.2,-15.24,25.77,-0.59,847.58,5,sol,4H,3y,200
0.5,0.786,2.0,0.005,3,0.2,both,132,63,69,15.2,-36.18,61.39,-0.59,638.18,3,sol,4H,3y,296
0.5,0.786,2.0,0.002,7,0.2,ob_only,127,57,70,15.0,-48.62,82.2,-0.59,513.77,3,sol,4H,3y,296
0.382,0.786,2.0,0.002,5,0.2,both,89,50,39,14.6,-27.91,47.04,-0.59,720.87,5,sol,4H,3y,200
0.382,0.618,1.272,0.002,7,0.2,ob_only,77,33,44,23.4,-47.94,80.64,-0.59,520.61,5,sol,4H,3y,200
0.382,0.618,1.272,0.002,3,0.2,both,144,81,63,22.2,-35.11,58.54,-0.6,648.88,3,sol,4H,3y,296
0.5,0.786,1.272,0.005,3,0.2,both,90,45,45,15.6,-31.59,53.05,-0.6,684.12,5,sol,4H,3y,200
0.382,0.618,1.618,0.002,5,0.2,ob_only,122,61,61,20.5,-44.57,74.42,-0.6,554.32,3,sol,4H,3y,296
0.382,0.786,1.618,0.002,5,0.2,ob_only,142,68,74,18.3,-43.38,72.87,-0.6,566.15,3,sol,4H,3y,296
0.382,0.786,1.272,0.005,3,0.2,ob_only,50,24,26,22.0,-16.0,26.86,-0.6,839.95,8,sol,4H,3y,128
0.382,0.618,1.618,0.005,3,0.2,both,133,74,59,20.3,-37.12,61.57,-0.6,628.75,3,sol,4H,3y,296
0.5,0.786,2.0,0.005,5,0.2,fvg_only,18,18,0,5.6,-8.91,14.75,-0.6,910.94,8,sol,4H,3y,128
0.5,0.786,1.272,0.005,7,0.2,both,140,70,70,22.9,-49.94,82.91,-0.6,500.58,3,sol,4H,3y,296
0.382,0.618,1.272,0.002,7,0.1,ob_only,42,19,23,23.8,-16.57,27.56,-0.6,834.32,8,sol,4H,3y,128
0.5,0.786,1.618,0.005,3,0.1,ob_only,131,60,71,19.8,-17.91,29.79,-0.6,820.89,3,sol,4H,3y,296
0.382,0.786,1.272,0.002,5,0.1,both,65,40,25,16.9,-13.73,22.83,-0.6,862.71,8,sol,4H,3y,128
0.5,0.786,1.272,0.002,3,0.1,ob_only,86,40,46,15.1,-18.04,30.27,-0.6,819.57,5,sol,4H,3y,200
0.382,0.618,2.0,0.005,3,0.1,both,125,71,54,16.0,-24.67,40.23,-0.61,753.25,3,sol,4H,3y,296
0.382,0.618,1.618,0.005,5,0.1,ob_only,72,32,40,19.4,-25.6,41.91,-0.61,744.04,5,sol,4H,3y,200
0.5,0.786,1.272,0.002,5,0.1,both,53,34,19,15.1,-13.96,22.98,-0.61,860.44,8,sol,4H,3y,128
0.382,0.618,1.618,0.002,7,0.1,both,136,75,61,18.4,-40.99,67.54,-0.61,590.14,3,sol,4H,3y,296
0.382,0.618,2.0,0.005,5,0.1,ob_only,113,58,55,17.7,-31.31,50.92,-0.61,686.91,3,sol,4H,3y,296
0.382,0.786,1.618,0.002,3,0.2,ob_only,82,40,42,18.3,-21.93,35.66,-0.61,780.74,5,sol,4H,3y,200
0.382,0.786,1.618,0.002,7,0.1,both,158,84,74,16.5,-40.4,66.29,-0.61,596.02,3,sol,4H,3y,296
0.382,0.786,2.0,0.005,3,0.2,both,151,81,70,14.6,-39.97,65.64,-0.61,600.33,3,sol,4H,3y,296
0.5,0.786,1.618,0.002,3,0.2,ob_only,132,61,71,17.4,-28.82,47.54,-0.61,711.8,3,sol,4H,3y,296
0.5,0.786,2.0,0.005,7,0.1,both,132,63,69,15.2,-41.45,67.19,-0.62,585.49,3,sol,4H,3y,296
0.382,0.618,2.0,0.002,5,0.1,ob_only,116,60,56,15.5,-30.71,49.14,-0.62,692.93,3,sol,4H,3y,296
0.5,0.786,1.272,0.005,7,0.1,both,90,45,45,15.6,-36.27,58.75,-0.62,637.28,5,sol,4H,3y,200
0.5,0.786,1.272,0.002,3,0.1,both,96,51,45,13.5,-19.09,30.78,-0.62,809.06,5,sol,4H,3y,200
0.382,0.786,1.272,0.005,7,0.1,ob_only,50,24,26,22.0,-19.12,30.66,-0.62,808.83,8,sol,4H,3y,128
0.382,0.786,2.0,0.005,5,0.2,ob_only,46,22,24,17.4,-31.77,51.61,-0.62,682.3,8,sol,4H,3y,128
0.382,0.618,2.0,0.002,3,0.1,both,130,74,56,13.8,-23.93,38.68,-0.62,760.73,3,sol,4H,3y,296
0.382,0.618,1.272,0.002,5,0.2,both,94,50,44,19.1,-43.69,70.99,-0.62,563.11,5,sol,4H,3y,200
0.382,0.786,1.618,0.002,5,0.2,ob_only,46,22,24,19.6,-29.48,47.19,-0.62,705.21,8,sol,4H,3y,128
0.382,0.786,1.618,0.005,5,0.1,both,156,83,73,17.9,-36.3,58.21,-0.62,637.02,3,sol,4H,3y,296
0.382,0.786,1.272,0.002,7,0.2,ob_only,50,24,26,22.0,-30.76,49.8,-0.62,692.44,8,sol,4H,3y,128
0.5,0.786,1.618,0.002,7,0.1,ob_only,132,61,71,17.4,-33.3,53.08,-0.63,667.01,3,sol,4H,3y,296
0.382,0.618,1.272,0.002,7,0.1,both,144,81,63,22.2,-40.37,64.37,-0.63,596.27,3,sol,4H,3y,296
0.382,0.618,1.618,0.005,7,0.1,both,133,74,59,20.3,-42.75,67.43,-0.63,572.53,3,sol,4H,3y,296
0.382,0.786,2.0,0.002,5,0.1,both,56,33,23,12.5,-22.99,36.3,-0.63,770.14,8,sol,4H,3y,128
0.5,0.786,1.272,0.002,3,0.2,both,53,34,19,15.1,-16.89,26.94,-0.63,831.13,8,sol,4H,3y,128
0.382,0.786,1.272,0.002,3,0.2,both,65,40,25,16.9,-16.92,27.0,-0.63,830.79,8,sol,4H,3y,128
0.382,0.786,1.618,0.005,5,0.1,ob_only,46,22,24,19.6,-18.47,29.21,-0.63,815.3,8,sol,4H,3y,128
0.382,0.786,2.0,0.005,7,0.2,both,82,43,39,15.9,-45.14,71.51,-0.63,548.62,5,sol,4H,3y,200
0.382,0.618,2.0,0.002,5,0.1,ob_only,72,32,40,15.3,-24.13,37.9,-0.64,758.67,5,sol,4H,3y,200
0.5,0.786,1.618,0.002,3,0.1,both,141,71,70,15.6,-20.34,31.62,-0.64,796.59,3,sol,4H,3y,296
0.382,0.786,1.618,0.005,3,0.1,fvg_only,27,27,0,7.4,-4.51,7.0,-0.64,954.91,8,sol,4H,3y,128
0.5,0.786,1.272,0.002,5,0.1,ob_only,86,40,46,15.1,-28.94,45.45,-0.64,710.58,5,sol,4H,3y,200
0.382,0.786,1.272,0.005,7,0.2,ob_only,142,69,73,23.9,-56.14,88.0,-0.64,438.65,3,sol,4H,3y,296
0.382,0.618,1.272,0.005,5,0.1,both,140,79,61,23.6,-34.31,53.83,-0.64,656.9,3,sol,4H,3y,296
0.382,0.618,1.272,0.002,3,0.1,both,56,33,23,19.6,-6.6,10.32,-0.64,934.0,8,sol,4H,3y,128
0.382,0.618,2.0,0.005,5,0.1,ob_only,68,30,38,16.2,-25.63,39.8,-0.64,743.73,5,sol,4H,3y,200
0.382,0.618,1.618,0.005,3,0.2,ob_only,72,32,40,19.4,-30.62,48.14,-0.64,693.83,5,sol,4H,3y,200
0.5,0.786,2.0,0.005,7,0.2,fvg_only,18,18,0,5.6,-12.82,20.09,-0.64,871.79,8,sol,4H,3y,128
0.382,0.786,2.0,0.005,7,0.1,both,151,81,70,14.6,-45.94,71.43,-0.64,540.57,3,sol,4H,3y,296
0.382,0.618,1.272,0.005,3,0.1,ob_only,42,19,23,23.8,-9.02,14.05,-0.64,909.85,8,sol,4H,3y,128
0.382,0.786,1.618,0.002,3,0.1,both,95,54,41,15.8,-13.23,20.62,-0.64,867.68,5,sol,4H,3y,200
0.5,0.786,2.0,0.002,5,0.2,both,136,67,69,13.2,-48.48,76.25,-0.64,515.22,3,sol,4H,3y,296
0.382,0.786,1.618,0.002,7,0.1,ob_only,82,40,42,18.3,-25.86,40.58,-0.64,741.36,5,sol,4H,3y,200
0.5,0.786,1.618,0.005,5,0.1,ob_only,131,60,71,19.8,-28.97,44.89,-0.65,710.26,3,sol,4H,3y,296
0.5,0.786,1.272,0.005,5,0.2,ob_only,81,35,46,17.3,-46.08,71.04,-0.65,539.24,5,sol,4H,3y,200
0.382,0.786,1.618,0.005,7,0.2,both,89,47,42,18.0,-51.1,78.56,-0.65,488.97,5,sol,4H,3y,200
0.382,0.618,2.0,0.005,3,0.2,ob_only,113,58,55,17.7,-37.26,57.67,-0.65,627.37,3,sol,4H,3y,296
0.5,0.786,1.272,0.002,7,0.1,both,53,34,19,15.1,-19.84,30.72,-0.65,801.63,8,sol,4H,3y,128
0.382,0.786,1.618,0.005,3,0.2,ob_only,46,22,24,19.6,-22.27,34.07,-0.65,777.28,8,sol,4H,3y,128
0.382,0.786,1.618,0.005,3,0.2,both,156,83,73,17.9,-42.59,65.08,-0.65,574.06,3,sol,4H,3y,296
0.382,0.786,1.272,0.002,7,0.1,both,65,40,25,16.9,-20.2,31.03,-0.65,797.99,8,sol,4H,3y,128
0.382,0.618,2.0,0.002,3,0.1,ob_only,38,17,21,18.4,-10.52,16.25,-0.65,894.8,8,sol,4H,3y,128
0.382,0.786,1.272,0.002,7,0.2,both,160,87,73,20.0,-56.93,88.24,-0.65,430.69,3,sol,4H,3y,296
0.382,0.786,1.272,0.005,5,0.2,both,158,86,72,21.5,-53.54,82.23,-0.65,464.63,3,sol,4H,3y,296
0.382,0.786,2.0,0.005,5,0.2,ob_only,136,65,71,16.2,-50.06,77.36,-0.65,499.38,3,sol,4H,3y,296
0.382,0.618,2.0,0.002,3,0.2,ob_only,116,60,56,15.5,-36.56,55.79,-0.66,634.4,3,sol,4H,3y,296
0.382,0.618,1.272,0.005,3,0.2,both,140,79,61,23.6,-40.29,60.63,-0.66,597.07,3,sol,4H,3y,296
0.382,0.618,1.272,0.002,5,0.2,ob_only,42,19,23,23.8,-25.04,37.8,-0.66,749.57,8,sol,4H,3y,128
0.382,0.786,1.618,0.005,5,0.1,fvg_only,27,27,0,7.4,-7.56,11.49,-0.66,924.36,8,sol,4H,3y,128
0.5,0.786,1.272,0.002,3,0.2,ob_only,86,40,46,15.1,-34.03,51.82,-0.66,659.74,5,sol,4H,3y,200
0.382,0.618,2.0,0.002,3,0.2,ob_only,72,32,40,15.3,-29.05,43.88,-0.66,709.54,5,sol,4H,3y,200
0.382,0.618,1.618,0.005,7,0.1,ob_only,72,32,40,19.4,-35.52,53.78,-0.66,644.78,5,sol,4H,3y,200
0.382,0.786,1.618,0.005,3,0.2,fvg_only,27,27,0,7.4,-9.1,13.69,-0.66,908.99,8,sol,4H,3y,128
0.382,0.786,2.0,0.002,3,0.2,both,56,33,23,12.5,-27.47,41.88,-0.66,725.29,8,sol,4H,3y,128
0.382,0.618,1.618,0.005,3,0.1,fvg_only,27,27,0,7.4,-4.78,7.26,-0.66,952.24,8,sol,4H,3y,128
0.5,0.786,1.272,0.002,5,0.1,both,96,51,45,13.5,-30.45,46.12,-0.66,695.48,5,sol,4H,3y,200
0.382,0.618,1.618,0.005,5,0.1,fvg_only,27,27,0,7.4,-8.0,11.91,-0.67,920.04,8,sol,4H,3y,128
0.382,0.618,2.0,0.005,3,0.2,ob_only,68,30,38,16.2,-30.74,45.95,-0.67,692.62,5,sol,4H,3y,200
0.382,0.786,2.0,0.002,5,0.2,both,153,82,71,13.1,-53.7,80.17,-0.67,462.99,3,sol,4H,3y,296
0.5,0.786,1.618,0.005,3,0.2,ob_only,131,60,71,19.8,-34.19,51.27,-0.67,658.11,3,sol,4H,3y,296
0.382,0.618,1.272,0.002,7,0.2,ob_only,128,65,63,25.0,-55.73,83.4,-0.67,442.67,3,sol,4H,3y,296
0.382,0.786,1.618,0.005,7,0.1,ob_only,46,22,24,19.6,-26.06,38.64,-0.67,739.39,8,sol,4H,3y,128
0.382,0.618,1.618,0.005,3,0.1,both,85,45,40,16.5,-19.59,29.22,-0.67,804.09,5,sol,4H,3y,200
0.382,0.786,1.618,0.005,5,0.2,ob_only,142,68,74,20.4,-50.92,76.34,-0.67,490.82,3,sol,4H,3y,296
0.382,0.618,1.272,0.005,7,0.2,both,90,47,43,21.1,-55.79,83.78,-0.67,442.14,5,sol,4H,3y,200
0.382,0.786,1.618,0.005,7,0.1,fvg_only,27,27,0,7.4,-10.64,15.85,-0.67,893.58,8,sol,4H,3y,128
0.382,0.618,2.0,0.005,3,0.1,both,78,40,38,14.1,-18.59,27.57,-0.67,814.09,5,sol,4H,3y,200
0.382,0.618,2.0,0.002,3,0.1,both,85,45,40,12.9,-17.63,26.17,-0.67,823.71,5,sol,4H,3y,200
0.382,0.618,1.618,0.005,7,0.1,fvg_only,27,27,0,7.4,-11.23,16.41,-0.68,887.71,8,sol,4H,3y,128
0.5,0.786,1.272,0.002,3,0.2,both,96,51,45,13.5,-35.7,52.53,-0.68,642.96,5,sol,4H,3y,200
0.5,0.786,1.272,0.002,7,0.1,ob_only,86,40,46,15.1,-38.86,57.5,-0.68,611.39,5,sol,4H,3y,200
0.382,0.786,2.0,0.005,3,0.1,both,55,32,23,12.7,-17.3,25.48,-0.68,826.98,8,sol,4H,3y,128
0.5,0.786,1.618,0.005,3,0.1,both,138,68,70,18.1,-23.25,34.23,-0.68,767.53,3,sol,4H,3y,296
0.382,0.618,2.0,0.005,7,0.1,ob_only,113,58,55,17.7,-42.98,63.56,-0.68,570.24,3,sol,4H,3y,296
0.382,0.618,1.272,0.005,5,0.1,ob_only,42,19,23,23.8,-15.49,22.7,-0.68,845.14,8,sol,4H,3y,128
0.382,0.786,2.0,0.002,7,0.1,both,56,33,23,12.5,-31.86,47.01,-0.68,681.39,8,sol,4H,3y,128
0.382,0.786,1.618,0.005,7,0.1,both,156,83,73,17.9,-48.49,70.87,-0.68,515.07,3,sol,4H,3y,296
0.382,0.618,2.0,0.002,5,0.1,both,130,74,56,13.8,-38.21,56.08,-0.68,617.92,3,sol,4H,3y,296
0.382,0.618,1.618,0.005,7,0.2,ob_only,122,61,61,23.8,-57.03,84.45,-0.68,429.67,3,sol,4H,3y,296
0.382,0.786,1.618,0.002,5,0.1,both,95,54,41,15.8,-22.28,32.54,-0.68,777.18,5,sol,4H,3y,200
0.382,0.618,2.0,0.005,5,0.1,both,125,71,54,16.0,-39.29,57.94,-0.68,607.1,3,sol,4H,3y,296
0.382,0.618,2.0,0.002,7,0.1,ob_only,116,60,56,15.5,-42.18,61.65,-0.68,578.17,3,sol,4H,3y,296
0.382,0.618,1.618,0.005,3,0.2,fvg_only,27,27,0,7.4,-9.61,14.18,-0.68,903.88,8,sol,4H,3y,128
0.5,0.786,1.272,0.005,5,0.2,both,90,45,45,15.6,-49.12,72.19,-0.68,508.81,5,sol,4H,3y,200
0.5,0.786,2.0,0.005,7,0.2,ob_only,125,55,70,16.8,-58.5,85.78,-0.68,415.05,3,sol,4H,3y,296
0.5,0.786,1.272,0.002,3,0.1,fvg_only,18,18,0,5.6,-2.64,3.87,-0.68,973.62,8,sol,4H,3y,128
0.382,0.618,1.618,0.005,3,0.1,fvg_only,29,29,0,6.9,-6.74,9.91,-0.68,932.57,3,sol,4H,3y,296
0.382,0.786,2.0,0.002,7,0.2,ob_only,137,66,71,14.6,-58.7,85.05,-0.69,413.0,3,sol,4H,3y,296
0.5,0.786,1.618,0.002,5,0.1,both,141,71,70,15.6,-32.33,47.19,-0.69,676.73,3,sol,4H,3y,296
0.5,0.786,1.618,0.002,5,0.2,ob_only,132,61,71,17.4,-45.87,66.64,-0.69,541.34,3,sol,4H,3y,296
0.382,0.618,1.618,0.002,5,0.2,both,136,75,61,18.4,-55.8,80.37,-0.69,441.98,3,sol,4H,3y,296
0.382,0.786,2.0,0.002,7,0.2,both,89,50,39,14.6,-42.62,61.66,-0.69,573.8,5,sol,4H,3y,200
0.382,0.618,1.272,0.005,7,0.2,ob_only,127,64,63,27.6,-58.1,84.26,-0.69,419.05,3,sol,4H,3y,296
0.382,0.618,1.272,0.005,7,0.1,both,140,79,61,23.6,-45.93,66.48,-0.69,540.68,3,sol,4H,3y,296
0.5,0.786,1.272,0.002,5,0.1,fvg_only,18,18,0,5.6,-4.42,6.38,-0.69,955.84,8,sol,4H,3y,128
0.382,0.618,2.0,0.002,5,0.1,ob_only,38,17,21,18.4,-17.74,25.87,-0.69,822.62,8,sol,4H,3y,128
0.382,0.618,1.618,0.005,5,0.1,fvg_only,29,29,0,6.9,-11.08,15.99,-0.69,889.21,3,sol,4H,3y,296
0.5,0.786,1.618,0.005,7,0.1,ob_only,131,60,71,19.8,-39.18,56.97,-0.69,608.23,3,sol,4H,3y,296
0.382,0.618,2.0,0.002,7,0.1,ob_only,72,32,40,15.3,-33.89,49.4,-0.69,661.15,5,sol,4H,3y,200
0.382,0.618,2.0,0.005,7,0.1,ob_only,68,30,38,16.2,-35.74,51.58,-0.69,642.59,5,sol,4H,3y,200
0.382,0.786,1.618,0.005,5,0.2,fvg_only,27,27,0,7.4,-15.28,22.13,-0.69,847.23,8,sol,4H,3y,128
0.382,0.618,1.618,0.005,7,0.1,fvg_only,29,29,0,6.9,-15.29,21.69,-0.7,847.14,3,sol,4H,3y,296
0.5,0.786,1.272,0.002,7,0.1,fvg_only,18,18,0,5.6,-6.2,8.84,-0.7,937.95,8,sol,4H,3y,128
0.382,0.786,1.618,0.002,5,0.2,ob_only,82,40,42,18.3,-37.59,53.66,-0.7,624.08,5,sol,4H,3y,200
0.5,0.786,1.272,0.002,3,0.2,fvg_only,18,18,0,5.6,-5.31,7.62,-0.7,946.91,8,sol,4H,3y,128
0.5,0.786,1.272,0.002,5,0.2,both,53,34,19,15.1,-28.69,41.01,-0.7,713.09,8,sol,4H,3y,128
0.382,0.618,1.618,0.005,3,0.1,fvg_only,30,30,0,6.7,-4.55,6.54,-0.7,954.51,5,sol,4H,3y,200
0.382,0.618,1.618,0.005,3,0.2,fvg_only,29,29,0,6.9,-13.2,18.89,-0.7,868.01,3,sol,4H,3y,296
0.382,0.786,1.618,0.002,5,0.2,both,158,84,74,16.5,-55.15,79.32,-0.7,448.47,3,sol,4H,3y,296
0.382,0.618,1.272,0.002,5,0.2,both,144,81,63,22.2,-54.67,77.59,-0.7,453.33,3,sol,4H,3y,296
0.382,0.618,1.272,0.005,3,0.2,ob_only,42,19,23,23.8,-18.8,26.8,-0.7,812.0,8,sol,4H,3y,128
0.382,0.618,2.0,0.002,3,0.2,ob_only,38,17,21,18.4,-21.35,30.34,-0.7,786.46,8,sol,4H,3y,128
0.382,0.786,1.272,0.005,5,0.2,ob_only,50,24,26,22.0,-28.78,41.06,-0.7,712.17,8,sol,4H,3y,128
0.382,0.618,1.618,0.005,5,0.2,fvg_only,27,27,0,7.4,-16.08,22.86,-0.7,839.25,8,sol,4H,3y,128
0.382,0.786,1.618,0.002,3,0.1,both,58,35,23,13.8,-15.94,22.69,-0.7,840.56,8,sol,4H,3y,128
0.382,0.786,1.618,0.002,7,0.2,ob_only,46,22,24,19.6,-42.12,59.81,-0.7,578.76,8,sol,4H,3y,128
0.5,0.786,1.272,0.002,7,0.1,both,96,51,45,13.5,-40.67,58.22,-0.7,593.3,5,sol,4H,3y,200
0.5,0.786,2.0,0.005,5,0.2,both,132,63,69,15.2,-55.61,80.0,-0.7,443.88,3,sol,4H,3y,296
0.382,0.618,1.618,0.002,3,0.1,ob_only,74,33,41,17.6,-18.74,26.51,-0.71,812.56,5,sol,4H,3y,200
0.382,0.618,1.272,0.002,5,0.1,both,56,33,23,19.6,-11.86,16.72,-0.71,881.36,8,sol,4H,3y,128
0.382,0.618,2.0,0.005,3,0.2,both,125,71,54,16.0,-45.91,64.81,-0.71,540.95,3,sol,4H,3y,296
0.382,0.786,1.618,0.005,7,0.2,fvg_only,27,27,0,7.4,-21.43,29.98,-0.71,785.65,8,sol,4H,3y,128
0.382,0.618,1.618,0.002,7,0.2,ob_only,122,61,61,20.5,-60.87,85.78,-0.71,391.27,3,sol,4H,3y,296
0.382,0.786,1.618,0.002,3,0.2,both,95,54,41,15.8,-26.77,37.97,-0.71,732.25,5,sol,4H,3y,200
0.382,0.786,2.0,0.005,7,0.2,ob_only,46,22,24,17.4,-45.61,64.61,-0.71,543.9,8,sol,4H,3y,128
0.382,0.618,1.618,0.005,5,0.1,fvg_only,30,30,0,6.7,-7.57,10.67,-0.71,924.28,5,sol,4H,3y,200
0.5,0.786,1.618,0.002,3,0.2,both,141,71,70,15.6,-37.83,53.66,-0.71,621.65,3,sol,4H,3y,296
0.382,0.618,2.0,0.002,3,0.2,both,130,74,56,13.8,-44.71,62.92,-0.71,552.94,3,sol,4H,3y,296
0.382,0.618,1.272,0.002,7,0.2,both,94,50,44,19.1,-58.98,83.09,-0.71,410.18,5,sol,4H,3y,200
0.382,0.786,1.618,0.002,7,0.2,ob_only,142,68,74,18.3,-59.67,84.61,-0.71,403.28,3,sol,4H,3y,296
0.5,0.786,1.272,0.002,5,0.2,fvg_only,18,18,0,5.6,-8.9,12.41,-0.72,910.97,8,sol,4H,3y,128
0.5,0.786,1.618,0.002,7,0.1,both,141,71,70,15.6,-43.02,59.37,-0.72,569.8,3,sol,4H,3y,296
0.382,0.786,1.272,0.002,5,0.2,both,65,40,25,16.9,-30.34,42.21,-0.72,696.63,8,sol,4H,3y,128
0.382,0.786,1.272,0.005,3,0.1,both,64,39,25,17.2,-11.83,16.51,-0.72,881.67,8,sol,4H,3y,128
0.382,0.786,2.0,0.005,5,0.1,both,55,32,23,12.7,-28.14,38.93,-0.72,718.63,8,sol,4H,3y,128
0.382,0.618,1.618,0.005,5,0.2,both,133,74,59,20.3,-57.89,80.36,-0.72,421.15,3,sol,4H,3y,296
0.382,0.618,1.618,0.005,5,0.2,fvg_only,29,29,0,6.9,-21.35,29.55,-0.72,786.53,3,sol,4H,3y,296
0.5,0.786,1.618,0.005,5,0.1,both,138,68,70,18.1,-36.46,50.55,-0.72,635.41,3,sol,4H,3y,296
0.382,0.618,2.0,0.002,7,0.1,ob_only,38,17,21,18.4,-24.96,34.59,-0.72,750.45,8,sol,4H,3y,128
0.382,0.618,1.618,0.005,7,0.1,fvg_only,30,30,0,6.7,-10.58,14.63,-0.72,894.22,5,sol,4H,3y,200
0.382,0.618,1.272,0.005,7,0.1,ob_only,42,19,23,23.8,-22.14,30.76,-0.72,778.57,8,sol,4H,3y,128
0.382,0.618,2.0,0.005,5,0.1,both,78,40,38,14.1,-30.47,42.21,-0.72,695.33,5,sol,4H,3y,200
0.382,0.786,1.618,0.002,7,0.1,both,95,54,41,15.8,-31.21,43.07,-0.72,687.91,5,sol,4H,3y,200
0.5,0.786,1.618,0.005,3,0.1,fvg_only,18,18,0,5.6,-3.34,4.64,-0.72,966.57,8,sol,4H,3y,128
0.382,0.618,1.618,0.005,5,0.1,both,85,45,40,16.5,-31.73,44.24,-0.72,682.67,5,sol,4H,3y,200
0.382,0.618,1.618,0.005,3,0.2,fvg_only,30,30,0,6.7,-9.08,12.67,-0.72,909.22,5,sol,4H,3y,200
0.382,0.618,2.0,0.002,5,0.1,both,85,45,40,12.9,-29.06,40.32,-0.72,709.4,5,sol,4H,3y,200
0.382,0.618,1.272,0.002,7,0.2,ob_only,42,19,23,23.8,-36.66,49.9,-0.73,633.37,8,sol,4H,3y,128
0.5,0.786,2.0,0.002,7,0.2,both,136,67,69,13.2,-63.49,87.01,-0.73,365.13,3,sol,4H,3y,296
0.382,0.618,1.618,0.005,7,0.2,fvg_only,27,27,0,7.4,-22.48,30.91,-0.73,775.24,8,sol,4H,3y,128
0.382,0.618,1.618,0.005,5,0.2,ob_only,72,32,40,19.4,-49.29,67.57,-0.73,507.09,5,sol,4H,3y,200
0.382,0.618,1.272,0.002,3,0.2,both,56,33,23,19.6,-14.69,20.04,-0.73,853.09,8,sol,4H,3y,128
0.382,0.786,1.618,0.005,5,0.2,ob_only,46,22,24,19.6,-37.18,50.74,-0.73,628.22,8,sol,4H,3y,128
0.382,0.618,1.618,0.002,3,0.1,ob_only,38,17,21,21.1,-11.44,15.66,-0.73,885.55,8,sol,4H,3y,128
0.5,0.786,1.272,0.005,7,0.2,ob_only,81,35,46,17.3,-60.24,82.84,-0.73,397.62,5,sol,4H,3y,200
0.5,0.786,1.618,0.005,5,0.1,fvg_only,18,18,0,5.6,-5.6,7.63,-0.73,944.01,8,sol,4H,3y,128
0.382,0.618,2.0,0.005,3,0.1,ob_only,38,17,21,18.4,-13.01,17.85,-0.73,869.89,8,sol,4H,3y,128
0.5,0.786,1.272,0.002,5,0.2,ob_only,86,40,46,15.1,-51.87,70.99,-0.73,481.3,5,sol,4H,3y,200
0.382,0.618,2.0,0.002,7,0.1,both,130,74,56,13.8,-50.75,68.74,-0.74,492.53,3,sol,4H,3y,296
0.382,0.786,2.0,0.005,5,0.2,both,151,81,70,14.6,-61.73,83.75,-0.74,382.74,3,sol,4H,3y,296
0.382,0.618,2.0,0.005,7,0.1,both,125,71,54,16.0,-52.03,70.61,-0.74,479.69,3,sol,4H,3y,296
0.382,0.786,2.0,0.005,3,0.2,both,55,32,23,12.7,-33.27,44.76,-0.74,667.27,8,sol,4H,3y,128
0.5,0.786,1.618,0.005,3,0.2,fvg_only,18,18,0,5.6,-6.73,9.1,-0.74,932.67,8,sol,4H,3y,128
0.382,0.618,2.0,0.005,3,0.2,both,78,40,38,14.1,-36.12,48.54,-0.74,638.84,5,sol,4H,3y,200
0.382,0.618,2.0,0.002,3,0.2,both,85,45,40,12.9,-34.54,46.5,-0.74,654.57,5,sol,4H,3y,200
0.382,0.786,1.618,0.002,5,0.1,both,58,35,23,13.8,-25.92,35.03,-0.74,740.76,8,sol,4H,3y,128
0.382,0.786,2.0,0.002,5,0.2,both,56,33,23,12.5,-44.29,59.96,-0.74,557.08,8,sol,4H,3y,128
0.5,0.786,1.272,0.005,3,0.1,both,52,33,19,15.4,-11.53,15.66,-0.74,884.71,8,sol,4H,3y,128
0.382,0.618,1.618,0.005,3,0.2,both,85,45,40,16.5,-37.43,50.62,-0.74,625.68,5,sol,4H,3y,200
0.5,0.786,1.272,0.002,7,0.2,fvg_only,18,18,0,5.6,-12.51,16.98,-0.74,874.86,8,sol,4H,3y,128
0.5,0.786,1.618,0.005,3,0.2,both,138,68,70,18.1,-42.4,57.19,-0.74,576.02,3,sol,4H,3y,296
0.382,0.618,1.618,0.005,5,0.2,fvg_only,30,30,0,6.7,-15.04,20.26,-0.74,849.58,5,sol,4H,3y,200
0.382,0.618,1.618,0.005,7,0.2,fvg_only,29,29,0,6.9,-28.96,38.88,-0.74,710.39,3,sol,4H,3y,296
0.5,0.786,1.618,0.005,5,0.2,ob_only,131,60,71,19.8,-52.7,70.59,-0.75,472.99,3,sol,4H,3y,296
0.382,0.618,1.272,0.002,7,0.1,both,56,33,23,19.6,-17.62,23.5,-0.75,823.81,8,sol,4H,3y,128
0.382,0.618,2.0,0.002,5,0.2,ob_only,72,32,40,15.3,-47.64,63.32,-0.75,523.56,5,sol,4H,3y,200
0.5,0.786,1.272,0.002,5,0.2,both,96,51,45,13.5,-53.89,71.7,-0.75,461.13,5,sol,4H,3y,200
0.5,0.786,1.618,0.005,7,0.1,fvg_only,18,18,0,5.6,-7.87,10.54,-0.75,921.3,8,sol,4H,3y,128
0.382,0.618,1.618,0.002,5,0.1,ob_only,74,33,41,17.6,-30.37,40.7,-0.75,696.31,5,sol,4H,3y,200
0.382,0.618,2.0,0.005,5,0.1,ob_only,38,17,21,18.4,-21.55,28.24,-0.76,784.48,8,sol,4H,3y,128
0.382,0.618,1.272,0.005,5,0.2,both,140,79,61,23.6,-60.71,79.64,-0.76,392.88,3,sol,4H,3y,296
0.5,0.786,1.618,0.005,7,0.1,both,138,68,70,18.1,-47.91,62.99,-0.76,520.92,3,sol,4H,3y,296
0.382,0.786,1.618,0.005,3,0.1,fvg_only,34,34,0,5.9,-8.85,11.63,-0.76,911.53,3,sol,4H,3y,296
0.382,0.618,1.618,0.005,7,0.1,both,85,45,40,16.5,-42.85,56.34,-0.76,571.46,5,sol,4H,3y,200
0.382,0.618,1.618,0.002,3,0.2,ob_only,74,33,41,17.6,-35.84,46.88,-0.76,641.58,5,sol,4H,3y,200
0.5,0.786,1.618,0.002,7,0.2,ob_only,132,61,71,17.4,-60.28,79.17,-0.76,397.18,3,sol,4H,3y,296
0.382,0.618,1.618,0.002,5,0.1,ob_only,38,17,21,21.1,-19.01,25.08,-0.76,809.94,8,sol,4H,3y,128
0.5,0.786,1.272,0.005,7,0.2,both,90,45,45,15.6,-63.34,83.78,-0.76,366.61,5,sol,4H,3y,200
0.382,0.786,1.272,0.005,5,0.1,both,64,39,25,17.2,-20.1,26.46,-0.76,799.03,8,sol,4H,3y,128
0.382,0.618,2.0,0.002,7,0.1,both,85,45,40,12.9,-39.83,52.14,-0.76,601.75,5,sol,4H,3y,200
0.382,0.786,1.618,0.002,3,0.2,both,58,35,23,13.8,-30.67,40.49,-0.76,693.26,8,sol,4H,3y,128
0.382,0.618,2.0,0.005,5,0.2,ob_only,68,30,38,16.2,-49.8,65.6,-0.76,502.0,5,sol,4H,3y,200
0.382,0.786,2.0,0.005,7,0.2,ob_only,136,65,71,16.2,-67.23,88.17,-0.76,327.74,3,sol,4H,3y,296
0.382,0.618,2.0,0.002,5,0.2,ob_only,116,60,56,15.5,-57.37,75.2,-0.76,426.33,3,sol,4H,3y,296
0.382,0.786,1.272,0.005,7,0.2,both,158,86,72,21.5,-69.48,91.65,-0.76,305.21,3,sol,4H,3y,296
0.382,0.786,2.0,0.005,7,0.1,both,55,32,23,12.7,-38.2,50.07,-0.76,618.0,8,sol,4H,3y,128
0.5,0.786,1.272,0.002,7,0.2,both,53,34,19,15.1,-40.17,52.55,-0.76,598.31,8,sol,4H,3y,128
0.382,0.618,2.0,0.005,5,0.2,ob_only,113,58,55,17.7,-58.34,77.0,-0.76,416.57,3,sol,4H,3y,296
0.382,0.618,1.272,0.005,5,0.2,ob_only,42,19,23,23.8,-32.18,41.74,-0.77,678.17,8,sol,4H,3y,128
0.382,0.786,1.618,0.005,5,0.1,fvg_only,34,34,0,5.9,-14.4,18.65,-0.77,855.97,3,sol,4H,3y,296
0.382,0.618,1.618,0.005,7,0.2,fvg_only,30,30,0,6.7,-20.88,27.23,-0.77,791.21,5,sol,4H,3y,200
0.382,0.786,1.618,0.005,7,0.2,ob_only,142,68,74,20.4,-67.21,87.36,-0.77,327.85,3,sol,4H,3y,296
0.382,0.786,1.618,0.002,7,0.2,ob_only,82,40,42,18.3,-52.25,67.5,-0.77,477.54,5,sol,4H,3y,200
0.382,0.618,1.618,0.002,3,0.2,ob_only,38,17,21,21.1,-22.73,29.59,-0.77,772.71,8,sol,4H,3y,128
0.382,0.786,1.618,0.005,5,0.2,both,156,83,73,17.9,-63.73,83.26,-0.77,362.69,3,sol,4H,3y,296
0.382,0.618,2.0,0.002,5,0.2,ob_only,38,17,21,18.4,-35.53,46.08,-0.77,644.74,8,sol,4H,3y,128
0.382,0.786,1.618,0.002,7,0.1,both,58,35,23,13.8,-35.25,45.51,-0.77,647.5,8,sol,4H,3y,128
0.5,0.786,1.618,0.005,5,0.2,fvg_only,18,18,0,5.6,-11.29,14.75,-0.77,887.1,8,sol,4H,3y,128
0.382,0.618,2.0,0.005,7,0.1,both,78,40,38,14.1,-41.53,54.27,-0.77,584.72,5,sol,4H,3y,200
0.5,0.786,1.272,0.005,5,0.1,both,52,33,19,15.4,-19.13,24.81,-0.77,808.7,8,sol,4H,3y,128
0.382,0.618,1.618,0.002,7,0.1,ob_only,74,33,41,17.6,-41.06,52.49,-0.78,589.35,5,sol,4H,3y,200
0.382,0.618,1.272,0.005,3,0.1,fvg_only,29,29,0,6.9,-7.7,9.91,-0.78,923.05,3,sol,4H,3y,296
0.382,0.618,2.0,0.005,3,0.2,ob_only,38,17,21,18.4,-25.73,33.01,-0.78,742.71,8,sol,4H,3y,128
0.382,0.618,1.618,0.002,3,0.1,both,89,48,41,14.6,-22.34,28.6,-0.78,776.65,5,sol,4H,3y,200
0.5,0.786,1.618,0.002,5,0.2,both,141,71,70,15.6,-56.69,72.8,-0.78,433.1,3,sol,4H,3y,296
0.382,0.618,1.618,0.002,7,0.1,ob_only,38,17,21,21.1,-26.4,33.92,-0.78,736.02,8,sol,4H,3y,128
0.382,0.786,2.0,0.002,7,0.2,both,153,82,71,13.1,-70.28,90.08,-0.78,297.18,3,sol,4H,3y,296
0.382,0.786,1.272,0.005,3,0.2,both,64,39,25,17.2,-24.25,31.12,-0.78,757.51,8,sol,4H,3y,128
0.382,0.786,1.618,0.005,7,0.1,fvg_only,34,34,0,5.9,-19.69,25.13,-0.78,803.07,3,sol,4H,3y,296
0.382,0.618,1.618,0.005,3,0.1,ob_only,38,17,21,21.1,-13.83,17.75,-0.78,861.66,8,sol,4H,3y,128
0.382,0.786,1.618,0.005,3,0.2,fvg_only,34,34,0,5.9,-17.08,21.96,-0.78,829.19,3,sol,4H,3y,296
0.382,0.786,1.618,0.002,5,0.2,both,95,54,41,15.8,-43.93,56.41,-0.78,560.72,5,sol,4H,3y,200
0.382,0.618,1.272,0.005,7,0.1,fvg_only,29,29,0,6.9,-17.23,21.69,-0.79,827.69,3,sol,4H,3y,296
0.382,0.786,1.618,0.002,7,0.2,both,158,84,74,16.5,-70.89,89.44,-0.79,291.07,3,sol,4H,3y,296
0.382,0.618,1.618,0.002,7,0.2,both,136,75,61,18.4,-71.51,90.16,-0.79,284.94,3,sol,4H,3y,296
0.5,0.786,2.0,0.005,7,0.2,both,132,63,69,15.2,-70.55,89.83,-0.79,294.46,3,sol,4H,3y,296
0.382,0.618,2.0,0.005,7,0.1,ob_only,38,17,21,18.4,-29.82,37.52,-0.79,701.76,8,sol,4H,3y,128
0.382,0.786,1.272,0.005,7,0.2,ob_only,50,24,26,22.0,-41.75,52.79,-0.79,582.46,8,sol,4H,3y,128
0.5,0.786,1.272,0.005,3,0.2,both,52,33,19,15.4,-22.87,29.04,-0.79,771.35,8,sol,4H,3y,128
0.5,0.786,1.618,0.005,7,0.2,fvg_only,18,18,0,5.6,-15.85,20.09,-0.79,841.48,8,sol,4H,3y,128
0.382,0.618,1.272,0.002,5,0.2,both,56,33,23,19.6,-26.82,34.04,-0.79,731.82,8,sol,4H,3y,128
0.382,0.618,1.272,0.005,3,0.2,fvg_only,29,29,0,6.9,-14.92,18.89,-0.79,850.77,3,sol,4H,3y,296
0.382,0.786,1.618,0.005,3,0.1,both,57,34,23,14.0,-19.41,24.68,-0.79,805.87,8,sol,4H,3y,128
0.382,0.618,1.272,0.005,5,0.1,fvg_only,29,29,0,6.9,-12.56,15.99,-0.79,874.35,3,sol,4H,3y,296
0.382,0.618,1.272,0.002,7,0.2,both,144,81,63,22.2,-69.96,88.16,-0.79,300.39,3,sol,4H,3y,296
0.5,0.786,1.272,0.005,7,0.1,both,52,33,19,15.4,-26.54,33.04,-0.8,734.57,8,sol,4H,3y,128
0.382,0.786,1.272,0.002,7,0.2,both,65,40,25,16.9,-43.79,55.04,-0.8,562.13,8,sol,4H,3y,128
0.382,0.786,1.618,0.005,7,0.2,ob_only,46,22,24,19.6,-50.91,63.6,-0.8,490.93,8,sol,4H,3y,128
0.382,0.786,1.618,0.005,3,0.1,fvg_only,34,34,0,5.9,-6.38,8.0,-0.8,936.21,5,sol,4H,3y,200
0.382,0.618,2.0,0.002,5,0.1,fvg_only,29,29,0,3.4,-12.05,14.99,-0.8,879.49,3,sol,4H,3y,296
0.382,0.786,1.272,0.005,7,0.1,both,64,39,25,17.2,-28.38,35.56,-0.8,716.22,8,sol,4H,3y,128
0.382,0.786,1.618,0.005,5,0.2,fvg_only,34,34,0,5.9,-27.14,33.95,-0.8,728.58,3,sol,4H,3y,296
0.382,0.618,2.0,0.002,3,0.1,fvg_only,29,29,0,3.4,-7.39,9.27,-0.8,926.14,3,sol,4H,3y,296
0.5,0.786,1.272,0.002,7,0.2,ob_only,86,40,46,15.1,-65.86,82.82,-0.8,341.43,5,sol,4H,3y,200
0.382,0.618,1.618,0.005,5,0.1,ob_only,38,17,21,21.1,-22.65,28.34,-0.8,773.53,8,sol,4H,3y,128
0.382,0.786,1.618,0.005,3,0.2,fvg_only,34,34,0,5.9,-12.54,15.39,-0.81,874.61,5,sol,4H,3y,200
0.5,0.786,1.618,0.005,7,0.2,ob_only,131,60,71,19.8,-67.32,82.61,-0.81,326.83,3,sol,4H,3y,296
0.382,0.618,1.272,0.005,5,0.2,fvg_only,29,29,0,6.9,-23.86,29.55,-0.81,761.4,3,sol,4H,3y,296
0.382,0.618,1.618,0.002,5,0.1,both,89,48,41,14.6,-35.43,43.48,-0.81,645.7,5,sol,4H,3y,200
0.5,0.786,1.272,0.002,7,0.2,both,96,51,45,13.5,-67.84,83.39,-0.81,321.61,5,sol,4H,3y,200
0.5,0.786,1.618,0.005,5,0.2,both,138,68,70,18.1,-62.02,76.24,-0.81,379.79,3,sol,4H,3y,296
0.382,0.786,1.618,0.005,5,0.1,fvg_only,34,34,0,5.9,-10.51,12.99,-0.81,894.88,5,sol,4H,3y,200
0.382,0.618,2.0,0.002,3,0.2,fvg_only,29,29,0,3.4,-14.31,17.72,-0.81,856.92,3,sol,4H,3y,296
0.382,0.786,2.0,0.002,7,0.2,both,56,33,23,12.5,-58.73,72.66,-0.81,412.73,8,sol,4H,3y,128
0.382,0.618,1.618,0.002,5,0.2,ob_only,38,17,21,21.1,-36.99,45.85,-0.81,630.06,8,sol,4H,3y,128
0.5,0.786,1.618,0.005,3,0.1,ob_only,76,33,43,10.5,-27.85,34.41,-0.81,721.51,5,sol,4H,3y,200
0.382,0.618,2.0,0.005,5,0.2,both,125,71,54,16.0,-67.46,83.04,-0.81,325.37,3,sol,4H,3y,296
0.382,0.618,1.618,0.005,3,0.2,ob_only,38,17,21,21.1,-26.9,33.27,-0.81,731.03,8,sol,4H,3y,128
0.382,0.618,2.0,0.002,7,0.1,fvg_only,29,29,0,3.4,-16.52,20.37,-0.81,834.84,3,sol,4H,3y,296
0.382,0.618,1.618,0.005,7,0.2,ob_only,72,32,40,19.4,-64.84,80.23,-0.81,351.62,5,sol,4H,3y,200
0.382,0.618,2.0,0.002,5,0.2,both,130,74,56,13.8,-66.09,81.43,-0.81,339.12,3,sol,4H,3y,296
0.5,0.786,1.618,0.005,3,0.1,both,82,40,42,9.8,-28.5,35.18,-0.81,714.96,5,sol,4H,3y,200
0.382,0.786,1.618,0.005,7,0.1,fvg_only,34,34,0,5.9,-14.54,17.72,-0.82,854.59,5,sol,4H,3y,200
0.382,0.618,1.272,0.005,7,0.2,fvg_only,29,29,0,6.9,-32.03,38.88,-0.82,679.7,3,sol,4H,3y,296
0.382,0.618,1.618,0.005,5,0.2,both,85,45,40,16.5,-57.34,70.12,-0.82,426.58,5,sol,4H,3y,200
0.382,0.618,2.0,0.002,3,0.1,both,49,28,21,14.3,-15.35,18.67,-0.82,846.46,8,sol,4H,3y,128
0.382,0.618,1.618,0.005,7,0.1,ob_only,38,17,21,21.1,-31.03,37.95,-0.82,689.71,8,sol,4H,3y,128
0.382,0.618,1.618,0.005,7,0.2,both,133,74,59,20.3,-73.61,90.23,-0.82,263.86,3,sol,4H,3y,296
0.382,0.618,2.0,0.002,5,0.2,both,85,45,40,12.9,-54.25,66.16,-0.82,457.54,5,sol,4H,3y,200
0.382,0.618,2.0,0.005,5,0.2,both,78,40,38,14.1,-56.15,68.31,-0.82,438.53,5,sol,4H,3y,200
0.382,0.786,1.618,0.005,5,0.1,both,57,34,23,14.0,-30.98,37.81,-0.82,690.16,8,sol,4H,3y,128
0.382,0.618,2.0,0.002,5,0.2,fvg_only,29,29,0,3.4,-22.85,27.84,-0.82,771.49,3,sol,4H,3y,296
0.382,0.786,2.0,0.005,5,0.2,both,55,32,23,12.7,-51.62,63.26,-0.82,483.77,8,sol,4H,3y,128
0.382,0.618,1.618,0.002,3,0.1,both,51,30,21,15.7,-16.47,20.11,-0.82,835.29,8,sol,4H,3y,128
0.5,0.786,2.0,0.005,3,0.1,fvg_only,20,20,0,5.0,-4.81,5.86,-0.82,951.92,3,sol,4H,3y,296
0.382,0.786,1.618,0.005,7,0.2,fvg_only,34,34,0,5.9,-36.2,44.18,-0.82,637.98,3,sol,4H,3y,296
0.382,0.786,1.618,0.002,5,0.2,both,58,35,23,13.8,-47.86,58.31,-0.82,521.4,8,sol,4H,3y,128
0.382,0.618,1.272,0.005,7,0.2,ob_only,42,19,23,23.8,-45.09,54.37,-0.83,549.15,8,sol,4H,3y,128
0.382,0.618,1.272,0.002,7,0.2,both,56,33,23,19.6,-39.38,47.42,-0.83,606.22,8,sol,4H,3y,128
0.382,0.618,1.272,0.005,3,0.1,both,55,33,22,18.2,-13.23,15.91,-0.83,867.73,8,sol,4H,3y,128
0.382,0.618,2.0,0.002,7,0.2,fvg_only,29,29,0,3.4,-30.66,36.78,-0.83,693.44,3,sol,4H,3y,296
0.382,0.786,1.618,0.005,3,0.2,both,57,34,23,14.0,-36.34,43.54,-0.83,636.63,8,sol,4H,3y,128
0.382,0.618,1.618,0.002,5,0.2,ob_only,74,33,41,17.6,-55.13,66.39,-0.83,448.73,5,sol,4H,3y,200
0.5,0.786,2.0,0.005,5,0.1,fvg_only,20,20,0,5.0,-7.96,9.59,-0.83,920.39,3,sol,4H,3y,296
0.5,0.786,2.0,0.005,3,0.2,fvg_only,20,20,0,5.0,-9.52,11.4,-0.83,904.79,3,sol,4H,3y,296
0.382,0.618,2.0,0.005,7,0.2,ob_only,68,30,38,16.2,-65.61,78.8,-0.83,343.93,5,sol,4H,3y,200
0.382,0.618,2.0,0.002,7,0.2,ob_only,38,17,21,18.4,-48.66,58.75,-0.83,513.37,8,sol,4H,3y,128
0.382,0.786,2.0,0.002,3,0.1,fvg_only,34,34,0,2.9,-9.07,10.92,-0.83,909.3,3,sol,4H,3y,296
0.382,0.618,2.0,0.002,7,0.2,ob_only,72,32,40,15.3,-63.42,76.75,-0.83,365.76,5,sol,4H,3y,200
0.382,0.618,1.618,0.002,3,0.2,both,89,48,41,14.6,-41.4,49.85,-0.83,586.01,5,sol,4H,3y,200
0.382,0.618,1.618,0.002,5,0.1,fvg_only,29,29,0,3.4,-12.62,14.99,-0.84,873.83,3,sol,4H,3y,296
0.382,0.618,1.618,0.002,3,0.2,fvg_only,29,29,0,3.4,-14.96,17.72,-0.84,850.35,3,sol,4H,3y,296
0.382,0.786,1.618,0.005,5,0.2,fvg_only,34,34,0,5.9,-20.38,24.37,-0.84,796.18,5,sol,4H,3y,200
0.382,0.618,2.0,0.005,7,0.2,ob_only,113,58,55,17.7,-74.2,87.86,-0.84,257.99,3,sol,4H,3y,296
0.382,0.618,1.618,0.002,3,0.1,fvg_only,29,29,0,3.4,-7.75,9.27,-0.84,922.51,3,sol,4H,3y,296
0.382,0.786,2.0,0.002,7,0.1,fvg_only,34,34,0,2.9,-20.02,23.72,-0.84,799.76,3,sol,4H,3y,296
0.382,0.786,2.0,0.002,3,0.2,fvg_only,34,34,0,2.9,-17.4,20.69,-0.84,825.98,3,sol,4H,3y,296
0.382,0.618,1.272,0.005,7,0.2,both,140,79,61,23.6,-75.57,89.9,-0.84,244.31,3,sol,4H,3y,296
0.382,0.786,2.0,0.005,7,0.2,both,151,81,70,14.6,-77.41,92.53,-0.84,225.86,3,sol,4H,3y,296
0.382,0.618,1.272,0.005,3,0.1,fvg_only,30,30,0,6.7,-5.7,6.75,-0.84,942.99,5,sol,4H,3y,200
0.382,0.786,1.618,0.002,7,0.2,both,95,54,41,15.8,-58.9,70.17,-0.84,410.95,5,sol,4H,3y,200
0.382,0.618,1.618,0.005,5,0.2,ob_only,38,17,21,21.1,-42.65,50.56,-0.84,573.45,8,sol,4H,3y,128
0.382,0.786,1.272,0.005,3,0.1,fvg_only,34,34,0,5.9,-9.78,11.63,-0.84,902.22,3,sol,4H,3y,296
0.5,0.786,2.0,0.005,7,0.1,fvg_only,20,20,0,5.0,-11.07,13.19,-0.84,889.32,3,sol,4H,3y,296
0.382,0.786,2.0,0.002,5,0.1,fvg_only,34,34,0,2.9,-14.7,17.55,-0.84,852.97,3,sol,4H,3y,296
0.382,0.618,2.0,0.005,3,0.1,fvg_only,29,29,0,3.4,-9.73,11.56,-0.84,902.74,3,sol,4H,3y,296
0.382,0.618,1.618,0.002,3,0.2,both,51,30,21,15.7,-31.29,37.04,-0.84,687.11,8,sol,4H,3y,128
0.382,0.618,1.618,0.002,7,0.2,ob_only,38,17,21,21.1,-49.89,59.27,-0.84,501.07,8,sol,4H,3y,128
0.5,0.786,1.618,0.005,5,0.1,ob_only,76,33,43,10.5,-42.45,50.74,-0.84,575.5,5,sol,4H,3y,200
0.5,0.786,1.618,0.005,5,0.1,both,82,40,42,9.8,-43.32,51.71,-0.84,566.83,5,sol,4H,3y,200
0.382,0.618,1.618,0.002,5,0.1,both,51,30,21,15.7,-26.54,31.74,-0.84,734.56,8,sol,4H,3y,128
0.5,0.786,1.618,0.002,7,0.2,both,141,71,70,15.6,-70.83,84.28,-0.84,291.68,3,sol,4H,3y,296
0.382,0.618,2.0,0.005,5,0.2,ob_only,38,17,21,18.4,-41.49,49.54,-0.84,585.05,8,sol,4H,3y,128
0.382,0.786,1.272,0.005,5,0.1,fvg_only,34,34,0,5.9,-15.83,18.65,-0.85,841.67,3,sol,4H,3y,296
0.382,0.786,1.618,0.005,7,0.2,both,156,83,73,17.9,-78.53,92.19,-0.85,214.68,3,sol,4H,3y,296
0.382,0.618,1.272,0.005,3,0.2,fvg_only,30,30,0,6.7,-11.21,13.12,-0.85,887.95,5,sol,4H,3y,200
0.382,0.618,1.272,0.005,5,0.1,fvg_only,30,30,0,6.7,-9.39,11.04,-0.85,906.07,5,sol,4H,3y,200
0.382,0.618,1.618,0.002,7,0.1,both,89,48,41,14.6,-46.98,55.58,-0.85,530.2,5,sol,4H,3y,200
0.382,0.618,2.0,0.002,5,0.1,both,49,28,21,14.3,-25.03,29.42,-0.85,749.67,8,sol,4H,3y,128
0.382,0.618,1.618,0.002,7,0.1,both,51,30,21,15.7,-35.83,42.02,-0.85,641.66,8,sol,4H,3y,128
0.382,0.786,2.0,0.002,5,0.2,fvg_only,34,34,0,2.9,-27.45,32.14,-0.85,725.5,3,sol,4H,3y,296
0.382,0.618,1.272,0.005,5,0.1,both,55,33,22,18.2,-22.03,25.97,-0.85,779.69,8,sol,4H,3y,128
0.382,0.786,1.272,0.005,5,0.2,both,64,39,25,17.2,-40.41,47.61,-0.85,595.95,8,sol,4H,3y,128
0.5,0.786,1.618,0.005,3,0.2,both,82,40,42,9.8,-49.65,58.38,-0.85,503.46,5,sol,4H,3y,200
0.5,0.786,1.618,0.005,3,0.2,ob_only,76,33,43,10.5,-48.73,57.38,-0.85,512.7,5,sol,4H,3y,200
0.382,0.786,1.618,0.005,7,0.1,both,57,34,23,14.0,-41.4,48.77,-0.85,586.02,8,sol,4H,3y,128
0.382,0.618,2.0,0.002,7,0.2,ob_only,116,60,56,15.5,-73.18,86.45,-0.85,268.22,3,sol,4H,3y,296
0.382,0.618,2.0,0.005,3,0.2,fvg_only,29,29,0,3.4,-18.6,21.84,-0.85,814.0,3,sol,4H,3y,296
0.5,0.786,2.0,0.005,5,0.2,fvg_only,20,20,0,5.0,-15.63,18.35,-0.85,843.67,3,sol,4H,3y,296
0.382,0.618,2.0,0.005,5,0.1,fvg_only,29,29,0,3.4,-15.73,18.55,-0.85,842.67,3,sol,4H,3y,296
0.382,0.786,1.272,0.005,3,0.2,fvg_only,34,34,0,5.9,-18.73,21.96,-0.85,812.72,3,sol,4H,3y,296
0.5,0.786,1.272,0.005,5,0.2,both,52,33,19,15.4,-37.13,43.84,-0.85,628.69,8,sol,4H,3y,128
0.382,0.618,1.618,0.002,7,0.1,fvg_only,29,29,0,3.4,-17.26,20.37,-0.85,827.43,3,sol,4H,3y,296
0.382,0.618,2.0,0.005,7,0.1,fvg_only,29,29,0,3.4,-21.38,25.01,-0.85,786.21,3,sol,4H,3y,296
0.382,0.786,1.618,0.002,3,0.1,fvg_only,34,34,0,2.9,-9.43,10.92,-0.86,905.74,3,sol,4H,3y,296
0.382,0.618,2.0,0.002,3,0.2,both,49,28,21,14.3,-29.66,34.33,-0.86,703.39,8,sol,4H,3y,128
0.382,0.618,1.618,0.002,5,0.2,fvg_only,29,29,0,3.4,-23.81,27.84,-0.86,761.89,3,sol,4H,3y,296
0.382,0.618,1.272,0.005,7,0.1,fvg_only,30,30,0,6.7,-13.0,15.15,-0.86,870.05,5,sol,4H,3y,200
0.382,0.618,2.0,0.005,5,0.2,fvg_only,29,29,0,3.4,-29.21,33.79,-0.86,707.85,3,sol,4H,3y,296
0.5,0.786,1.618,0.005,7,0.1,both,82,40,42,9.8,-55.36,64.17,-0.86,446.44,5,sol,4H,3y,200
0.5,0.786,1.618,0.005,7,0.1,ob_only,76,33,43,10.5,-54.4,63.16,-0.86,456.01,5,sol,4H,3y,200
0.382,0.618,1.272,0.005,7,0.1,both,55,33,22,18.2,-30.6,35.4,-0.86,693.97,8,sol,4H,3y,128
0.382,0.786,1.618,0.005,7,0.2,fvg_only,34,34,0,5.9,-27.78,32.45,-0.86,722.25,5,sol,4H,3y,200
0.382,0.786,1.272,0.005,7,0.1,fvg_only,34,34,0,5.9,-21.54,25.13,-0.86,784.62,3,sol,4H,3y,296
0.382,0.618,1.272,0.005,3,0.2,both,55,33,22,18.2,-26.36,30.77,-0.86,736.44,8,sol,4H,3y,128
0.382,0.786,2.0,0.002,7,0.2,fvg_only,34,34,0,2.9,-36.39,42.01,-0.87,636.1,3,sol,4H,3y,296
0.382,0.786,2.0,0.005,5,0.1,fvg_only,34,34,0,2.9,-18.88,21.59,-0.87,811.17,3,sol,4H,3y,296
0.5,0.786,1.618,0.005,7,0.2,both,138,68,70,18.1,-75.88,87.05,-0.87,241.21,3,sol,4H,3y,296
0.382,0.618,1.272,0.002,3,0.1,fvg_only,29,29,0,3.4,-8.08,9.27,-0.87,919.23,3,sol,4H,3y,296
0.5,0.786,2.0,0.005,7,0.2,fvg_only,20,20,0,5.0,-21.53,24.81,-0.87,784.74,3,sol,4H,3y,296
0.382,0.618,1.618,0.005,7,0.2,ob_only,38,17,21,21.1,-56.19,64.23,-0.87,438.1,8,sol,4H,3y,128
0.382,0.786,2.0,0.005,3,0.1,fvg_only,34,34,0,2.9,-11.76,13.56,-0.87,882.37,3,sol,4H,3y,296
0.382,0.786,1.618,0.002,7,0.1,fvg_only,34,34,0,2.9,-20.73,23.72,-0.87,792.66,3,sol,4H,3y,296
0.382,0.786,1.618,0.002,7,0.2,both,58,35,23,13.8,-61.96,71.04,-0.87,380.37,8,sol,4H,3y,128
0.382,0.618,1.618,0.002,7,0.2,fvg_only,29,29,0,3.4,-31.83,36.78,-0.87,681.66,3,sol,4H,3y,296
0.382,0.786,1.618,0.002,3,0.2,fvg_only,34,34,0,2.9,-18.03,20.69,-0.87,819.65,3,sol,4H,3y,296
0.382,0.618,1.618,0.005,3,0.1,both,50,30,20,14.0,-22.94,26.23,-0.87,770.59,8,sol,4H,3y,128
0.382,0.786,1.272,0.005,5,0.2,fvg_only,34,34,0,5.9,-29.47,33.95,-0.87,705.31,3,sol,4H,3y,296
0.382,0.786,1.618,0.002,5,0.1,fvg_only,34,34,0,2.9,-15.25,17.55,-0.87,847.48,3,sol,4H,3y,296
0.382,0.618,1.272,0.005,5,0.2,fvg_only,30,30,0,6.7,-18.23,21.02,-0.87,817.73,5,sol,4H,3y,200
0.382,0.786,2.0,0.005,7,0.2,both,55,32,23,12.7,-66.23,75.81,-0.87,337.71,8,sol,4H,3y,128
0.382,0.786,2.0,0.005,7,0.1,fvg_only,34,34,0,2.9,-25.47,28.91,-0.88,745.3,3,sol,4H,3y,296
0.382,0.618,1.272,0.002,7,0.1,fvg_only,29,29,0,3.4,-17.93,20.37,-0.88,820.71,3,sol,4H,3y,296
0.382,0.618,1.618,0.005,7,0.2,both,85,45,40,16.5,-72.42,82.38,-0.88,275.8,5,sol,4H,3y,200
0.382,0.786,2.0,0.005,3,0.2,fvg_only,34,34,0,2.9,-22.24,25.34,-0.88,777.59,3,sol,4H,3y,296
0.382,0.618,2.0,0.005,7,0.2,both,78,40,38,14.1,-71.56,81.11,-0.88,284.44,5,sol,4H,3y,200
0.382,0.618,2.0,0.005,7,0.2,fvg_only,29,29,0,3.4,-38.57,43.99,-0.88,614.3,3,sol,4H,3y,296
0.382,0.618,2.0,0.002,7,0.1,both,49,28,21,14.3,-34.13,38.95,-0.88,658.66,8,sol,4H,3y,128
0.382,0.618,1.618,0.002,7,0.2,ob_only,74,33,41,17.6,-70.04,79.33,-0.88,299.61,5,sol,4H,3y,200
0.382,0.618,1.618,0.002,5,0.2,both,51,30,21,15.7,-48.26,55.11,-0.88,517.44,8,sol,4H,3y,128
0.382,0.786,1.272,0.005,7,0.2,fvg_only,34,34,0,5.9,-38.96,44.18,-0.88,610.41,3,sol,4H,3y,296
0.382,0.786,1.618,0.002,5,0.2,fvg_only,34,34,0,2.9,-28.35,32.14,-0.88,716.47,3,sol,4H,3y,296
0.382,0.618,1.272,0.005,7,0.2,fvg_only,30,30,0,6.7,-24.88,28.3,-0.88,751.24,5,sol,4H,3y,200
0.382,0.618,1.272,0.002,3,0.2,fvg_only,29,29,0,3.4,-15.56,17.72,-0.88,844.4,3,sol,4H,3y,296
0.382,0.618,2.0,0.002,7,0.2,both,85,45,40,12.9,-69.73,79.55,-0.88,302.71,5,sol,4H,3y,200
0.5,0.786,1.272,0.005,3,0.1,fvg_only,18,18,0,5.6,-4.11,4.64,-0.88,958.91,8,sol,4H,3y,128
0.382,0.618,1.618,0.002,5,0.2,both,89,48,41,14.6,-61.43,69.47,-0.88,385.69,5,sol,4H,3y,200
0.382,0.618,1.272,0.002,5,0.1,fvg_only,29,29,0,3.4,-13.13,14.99,-0.88,868.71,3,sol,4H,3y,296
0.382,0.618,1.618,0.005,5,0.1,both,50,30,20,14.0,-35.75,40.2,-0.89,642.49,8,sol,4H,3y,128
0.382,0.786,1.618,0.002,7,0.2,fvg_only,34,34,0,2.9,-37.47,42.01,-0.89,625.29,3,sol,4H,3y,296
0.382,0.618,2.0,0.005,7,0.2,ob_only,38,17,21,18.4,-55.31,62.47,-0.89,446.93,8,sol,4H,3y,128
0.382,0.618,2.0,0.002,7,0.2,both,130,74,56,13.8,-80.53,90.93,-0.89,194.74,3,sol,4H,3y,296
0.5,0.786,1.618,0.005,5,0.2,ob_only,76,33,43,10.5,-68.22,76.35,-0.89,317.77,5,sol,4H,3y,200
0.382,0.618,1.272,0.002,7,0.2,fvg_only,29,29,0,3.4,-32.9,36.78,-0.89,670.99,3,sol,4H,3y,296
0.382,0.786,2.0,0.005,5,0.2,fvg_only,34,34,0,2.9,-34.43,38.67,-0.89,655.7,3,sol,4H,3y,296
0.382,0.618,1.272,0.005,5,0.2,both,55,33,22,18.2,-42.71,48.2,-0.89,572.86,8,sol,4H,3y,128
0.382,0.786,1.272,0.002,3,0.1,fvg_only,34,34,0,2.9,-9.75,10.92,-0.89,902.53,3,sol,4H,3y,296
0.382,0.786,1.618,0.005,5,0.2,both,57,34,23,14.0,-54.86,61.87,-0.89,451.43,8,sol,4H,3y,128
0.382,0.618,2.0,0.005,7,0.2,both,125,71,54,16.0,-81.75,92.04,-0.89,182.52,3,sol,4H,3y,296
0.382,0.618,1.272,0.002,5,0.2,fvg_only,29,29,0,3.4,-24.68,27.84,-0.89,753.19,3,sol,4H,3y,296
0.5,0.786,1.272,0.005,5,0.1,fvg_only,18,18,0,5.6,-6.82,7.63,-0.89,931.83,8,sol,4H,3y,128
0.382,0.786,1.272,0.002,3,0.2,fvg_only,34,34,0,2.9,-18.61,20.69,-0.9,813.92,3,sol,4H,3y,296
0.5,0.786,1.272,0.005,7,0.1,fvg_only,18,18,0,5.6,-9.49,10.54,-0.9,905.05,8,sol,4H,3y,128
0.382,0.786,1.272,0.002,5,0.1,fvg_only,34,34,0,2.9,-15.75,17.55,-0.9,842.51,3,sol,4H,3y,296
0.382,0.786,1.272,0.002,7,0.1,fvg_only,34,34,0,2.9,-21.38,23.72,-0.9,786.22,3,sol,4H,3y,296
0.382,0.786,1.272,0.005,7,0.2,both,64,39,25,17.2,-54.96,61.02,-0.9,450.35,8,sol,4H,3y,128
0.5,0.786,1.272,0.005,3,0.2,fvg_only,18,18,0,5.6,-8.16,9.1,-0.9,918.4,8,sol,4H,3y,128
0.382,0.786,2.0,0.005,7,0.2,fvg_only,34,34,0,2.9,-44.83,49.7,-0.9,551.68,3,sol,4H,3y,296
0.5,0.786,1.272,0.005,7,0.2,both,52,33,19,15.4,-49.95,55.75,-0.9,500.46,8,sol,4H,3y,128
0.5,0.786,1.618,0.005,5,0.2,both,82,40,42,9.8,-69.17,77.27,-0.9,308.31,5,sol,4H,3y,200
0.382,0.618,1.618,0.002,7,0.2,both,51,30,21,15.7,-62.03,68.74,-0.9,379.66,8,sol,4H,3y,128
0.382,0.618,1.618,0.005,3,0.2,both,50,30,20,14.0,-41.47,46.27,-0.9,585.25,8,sol,4H,3y,128
0.382,0.618,1.618,0.005,7,0.1,both,50,30,20,14.0,-46.77,51.8,-0.9,532.27,8,sol,4H,3y,128
0.382,0.618,2.0,0.002,5,0.2,both,49,28,21,14.3,-46.54,51.68,-0.9,534.61,8,sol,4H,3y,128
0.382,0.618,2.0,0.005,3,0.1,both,48,28,20,12.5,-22.59,24.98,-0.9,774.13,8,sol,4H,3y,128
0.5,0.786,2.0,0.002,3,0.1,ob_only,75,37,38,8.0,-28.47,31.38,-0.91,715.28,5,sol,4H,3y,200
0.382,0.618,1.272,0.005,7,0.2,both,55,33,22,18.2,-56.98,62.51,-0.91,430.24,8,sol,4H,3y,128
0.382,0.786,1.272,0.002,5,0.2,fvg_only,34,34,0,2.9,-29.17,32.14,-0.91,708.29,3,sol,4H,3y,296
0.5,0.786,1.272,0.005,5,0.2,fvg_only,18,18,0,5.6,-13.45,14.75,-0.91,865.5,8,sol,4H,3y,128
0.5,0.786,2.0,0.002,3,0.1,both,82,44,38,7.3,-29.6,32.47,-0.91,703.95,5,sol,4H,3y,200
0.382,0.786,1.272,0.005,3,0.1,fvg_only,34,34,0,5.9,-7.51,8.21,-0.91,924.91,5,sol,4H,3y,200
0.382,0.786,1.272,0.005,3,0.2,fvg_only,34,34,0,5.9,-14.59,15.82,-0.92,854.14,5,sol,4H,3y,200
0.5,0.786,2.0,0.005,3,0.1,both,76,38,38,6.6,-31.64,34.24,-0.92,683.56,5,sol,4H,3y,200
0.382,0.618,2.0,0.005,5,0.1,both,48,28,20,12.5,-35.34,38.61,-0.92,646.56,8,sol,4H,3y,128
0.5,0.786,1.618,0.005,3,0.1,fvg_only,20,20,0,5.0,-5.4,5.86,-0.92,946.04,3,sol,4H,3y,296
0.382,0.618,2.0,0.002,7,0.2,both,49,28,21,14.3,-60.58,65.68,-0.92,394.24,8,sol,4H,3y,128
0.382,0.618,1.618,0.002,7,0.2,both,89,48,41,14.6,-75.78,81.94,-0.92,242.24,5,sol,4H,3y,200
0.382,0.786,1.272,0.002,7,0.2,fvg_only,34,34,0,2.9,-38.45,42.01,-0.92,615.5,3,sol,4H,3y,296
0.382,0.786,1.272,0.005,7,0.1,fvg_only,34,34,0,5.9,-16.85,18.23,-0.92,831.49,5,sol,4H,3y,200
0.382,0.618,1.618,0.005,5,0.2,both,50,30,20,14.0,-60.34,65.48,-0.92,396.6,8,sol,4H,3y,128
0.382,0.786,1.272,0.005,5,0.1,fvg_only,34,34,0,5.9,-12.27,13.35,-0.92,877.26,5,sol,4H,3y,200
0.382,0.618,2.0,0.005,3,0.2,both,48,28,20,12.5,-41.07,44.61,-0.92,589.26,8,sol,4H,3y,128
0.5,0.786,2.0,0.002,5,0.1,ob_only,75,37,38,8.0,-43.2,46.92,-0.92,567.98,5,sol,4H,3y,200
0.5,0.786,2.0,0.005,3,0.1,ob_only,70,32,38,7.1,-30.46,33.1,-0.92,695.41,5,sol,4H,3y,200
0.382,0.786,1.618,0.005,7,0.2,both,57,34,23,14.0,-69.01,74.54,-0.93,309.93,8,sol,4H,3y,128
0.382,0.786,1.272,0.005,5,0.2,fvg_only,34,34,0,5.9,-23.37,25.09,-0.93,766.33,5,sol,4H,3y,200
0.5,0.786,1.618,0.002,3,0.1,ob_only,80,38,42,8.8,-30.82,32.96,-0.93,691.78,5,sol,4H,3y,200
0.5,0.786,1.618,0.005,7,0.1,fvg_only,20,20,0,5.0,-12.3,13.19,-0.93,877.03,3,sol,4H,3y,296
0.5,0.786,2.0,0.002,3,0.2,ob_only,75,37,38,8.0,-49.49,53.39,-0.93,505.06,5,sol,4H,3y,200
0.5,0.786,1.618,0.005,7,0.2,ob_only,76,33,43,10.5,-80.8,87.08,-0.93,192.03,5,sol,4H,3y,200
0.5,0.786,1.272,0.005,7,0.2,fvg_only,18,18,0,5.6,-18.6,20.09,-0.93,814.04,8,sol,4H,3y,128
0.5,0.786,2.0,0.002,5,0.1,both,82,44,38,7.3,-44.7,48.31,-0.93,553.05,5,sol,4H,3y,200
0.5,0.786,2.0,0.005,5,0.1,ob_only,70,32,38,7.1,-45.86,49.17,-0.93,541.44,5,sol,4H,3y,200
0.5,0.786,1.618,0.005,7,0.2,both,82,40,42,9.8,-81.59,87.78,-0.93,184.1,5,sol,4H,3y,200
0.5,0.786,2.0,0.002,3,0.2,both,82,44,38,7.3,-51.08,54.86,-0.93,489.17,5,sol,4H,3y,200
0.5,0.786,2.0,0.002,7,0.1,ob_only,75,37,38,8.0,-55.15,59.12,-0.93,448.5,5,sol,4H,3y,200
0.5,0.786,1.618,0.005,5,0.1,fvg_only,20,20,0,5.0,-8.89,9.59,-0.93,911.11,3,sol,4H,3y,296
0.5,0.786,1.618,0.005,3,0.2,fvg_only,20,20,0,5.0,-10.6,11.4,-0.93,893.97,3,sol,4H,3y,296
0.382,0.618,2.0,0.005,7,0.1,both,48,28,20,12.5,-46.39,50.11,-0.93,536.06,8,sol,4H,3y,128
0.5,0.786,2.0,0.005,3,0.2,ob_only,70,32,38,7.1,-52.34,55.77,-0.94,476.63,5,sol,4H,3y,200
0.5,0.786,1.618,0.005,5,0.2,fvg_only,20,20,0,5.0,-17.25,18.35,-0.94,827.51,3,sol,4H,3y,296
0.5,0.786,1.618,0.002,5,0.1,ob_only,80,38,42,8.8,-46.24,48.94,-0.94,537.57,5,sol,4H,3y,200
0.5,0.786,2.0,0.005,3,0.2,both,76,38,38,6.6,-53.95,57.27,-0.94,460.5,5,sol,4H,3y,200
0.382,0.786,1.272,0.005,7,0.2,fvg_only,34,34,0,5.9,-31.42,33.44,-0.94,685.76,5,sol,4H,3y,200
0.382,0.618,2.0,0.005,5,0.2,both,48,28,20,12.5,-60.08,63.91,-0.94,399.24,8,sol,4H,3y,128
0.5,0.786,2.0,0.005,7,0.1,ob_only,70,32,38,7.1,-58.11,61.57,-0.94,418.94,5,sol,4H,3y,200
0.5,0.786,2.0,0.002,7,0.1,both,82,44,38,7.3,-56.79,60.61,-0.94,432.07,5,sol,4H,3y,200
0.382,0.618,1.618,0.005,7,0.2,both,50,30,20,14.0,-73.79,78.32,-0.94,262.06,8,sol,4H,3y,128
0.5,0.786,1.618,0.002,3,0.1,both,87,46,41,8.0,-31.37,33.49,-0.94,686.32,5,sol,4H,3y,200
0.5,0.786,2.0,0.005,5,0.1,both,76,38,38,6.6,-47.39,50.6,-0.94,526.14,5,sol,4H,3y,200
0.5,0.786,1.618,0.005,7,0.2,fvg_only,20,20,0,5.0,-23.55,24.81,-0.95,764.5,3,sol,4H,3y,296
0.5,0.786,2.0,0.002,5,0.2,both,82,44,38,7.3,-70.47,74.02,-0.95,295.31,5,sol,4H,3y,200
0.5,0.786,1.618,0.002,7,0.1,ob_only,80,38,42,8.8,-58.44,61.27,-0.95,415.59,5,sol,4H,3y,200
0.5,0.786,2.0,0.005,7,0.1,both,76,38,38,6.6,-59.76,63.08,-0.95,402.43,5,sol,4H,3y,200
0.5,0.786,1.618,0.002,5,0.1,both,87,46,41,8.0,-46.95,49.61,-0.95,530.52,5,sol,4H,3y,200
0.5,0.786,1.618,0.002,3,0.2,both,87,46,41,8.0,-53.45,56.2,-0.95,465.54,5,sol,4H,3y,200
0.5,0.786,1.618,0.002,3,0.2,ob_only,80,38,42,8.8,-52.7,55.51,-0.95,472.96,5,sol,4H,3y,200
0.5,0.786,2.0,0.002,5,0.2,ob_only,75,37,38,8.0,-68.85,72.59,-0.95,311.51,5,sol,4H,3y,200
0.5,0.786,2.0,0.005,5,0.2,both,76,38,38,6.6,-73.38,76.37,-0.96,266.15,5,sol,4H,3y,200
0.5,0.786,2.0,0.005,5,0.2,ob_only,70,32,38,7.1,-71.81,74.97,-0.96,281.9,5,sol,4H,3y,200
0.5,0.786,2.0,0.002,7,0.2,ob_only,75,37,38,8.0,-81.19,84.16,-0.96,188.1,5,sol,4H,3y,200
0.382,0.618,2.0,0.005,7,0.2,both,48,28,20,12.5,-73.71,77.11,-0.96,262.93,8,sol,4H,3y,128
0.5,0.786,1.618,0.002,7,0.1,both,87,46,41,8.0,-59.2,61.98,-0.96,407.99,5,sol,4H,3y,200
0.5,0.786,2.0,0.005,7,0.2,ob_only,70,32,38,7.1,-83.71,86.11,-0.97,162.85,5,sol,4H,3y,200
0.5,0.786,1.618,0.002,5,0.2,ob_only,80,38,42,8.8,-72.02,74.63,-0.97,279.83,5,sol,4H,3y,200
0.5,0.786,2.0,0.002,7,0.2,both,82,44,38,7.3,-82.55,85.3,-0.97,174.53,5,sol,4H,3y,200
0.5,0.786,2.0,0.005,7,0.2,both,76,38,38,6.6,-84.98,87.19,-0.97,150.23,5,sol,4H,3y,200
0.5,0.786,1.618,0.002,5,0.2,both,87,46,41,8.0,-72.74,75.29,-0.97,272.57,5,sol,4H,3y,200
0.5,0.786,1.618,0.002,7,0.2,ob_only,80,38,42,8.8,-83.77,85.78,-0.98,162.3,5,sol,4H,3y,200
0.5,0.786,1.618,0.002,7,0.2,both,87,46,41,8.0,-84.35,86.29,-0.98,156.46,5,sol,4H,3y,200
0.382,0.618,1.618,0.002,3,0.2,fvg_only,31,31,0,0.0,-15.76,15.76,-1.0,842.37,5,sol,4H,3y,200
0.5,0.786,1.272,0.002,3,0.2,fvg_only,20,20,0,0.0,-12.37,12.37,-1.0,876.29,3,sol,4H,3y,296
0.382,0.618,2.0,0.002,3,0.1,fvg_only,31,31,0,0.0,-8.2,8.2,-1.0,917.95,5,sol,4H,3y,200
0.382,0.786,1.272,0.002,3,0.2,fvg_only,35,35,0,0.0,-18.39,18.39,-1.0,816.14,5,sol,4H,3y,200
0.382,0.786,2.0,0.002,3,0.1,fvg_only,35,35,0,0.0,-9.64,9.64,-1.0,903.58,5,sol,4H,3y,200
0.382,0.618,2.0,0.002,5,0.2,fvg_only,31,31,0,0.0,-24.92,24.92,-1.0,750.81,5,sol,4H,3y,200
0.382,0.786,1.272,0.002,5,0.1,fvg_only,35,35,0,0.0,-15.57,15.57,-1.0,844.34,5,sol,4H,3y,200
0.382,0.618,1.272,0.002,7,0.1,fvg_only,31,31,0,0.0,-18.15,18.15,-1.0,818.53,5,sol,4H,3y,200
0.382,0.618,2.0,0.005,3,0.1,fvg_only,30,30,0,3.3,-7.41,7.41,-1.0,925.87,5,sol,4H,3y,200
0.382,0.786,2.0,0.002,7,0.1,fvg_only,35,35,0,0.0,-21.12,21.12,-1.0,788.85,5,sol,4H,3y,200
0.382,0.618,1.272,0.002,7,0.2,fvg_only,31,31,0,0.0,-33.12,33.12,-1.0,668.81,5,sol,4H,3y,200
0.382,0.786,1.618,0.002,7,0.2,fvg_only,35,35,0,0.0,-37.9,37.9,-1.0,620.96,5,sol,4H,3y,200
0.382,0.786,1.272,0.002,3,0.1,fvg_only,35,35,0,0.0,-9.64,9.64,-1.0,903.58,5,sol,4H,3y,200
0.382,0.786,2.0,0.002,3,0.2,fvg_only,35,35,0,0.0,-18.39,18.39,-1.0,816.14,5,sol,4H,3y,200
0.382,0.618,2.0,0.002,7,0.1,fvg_only,31,31,0,0.0,-18.15,18.15,-1.0,818.53,5,sol,4H,3y,200
0.382,0.786,2.0,0.002,5,0.1,fvg_only,35,35,0,0.0,-15.57,15.57,-1.0,844.34,5,sol,4H,3y,200
0.382,0.618,1.618,0.002,3,0.1,fvg_only,31,31,0,0.0,-8.2,8.2,-1.0,917.95,5,sol,4H,3y,200
0.5,0.786,1.272,0.002,5,0.1,fvg_only,20,20,0,0.0,-10.41,10.41,-1.0,895.88,3,sol,4H,3y,296
0.5,0.786,2.0,0.002,7,0.2,fvg_only,20,20,0,0.0,-26.68,26.68,-1.0,733.21,3,sol,4H,3y,296
0.382,0.786,2.0,0.002,5,0.2,fvg_only,35,35,0,0.0,-28.79,28.79,-1.0,712.14,5,sol,4H,3y,200
0.382,0.618,1.618,0.002,5,0.1,fvg_only,31,31,0,0.0,-13.31,13.31,-1.0,866.88,5,sol,4H,3y,200
0.382,0.618,1.618,0.002,5,0.2,fvg_only,31,31,0,0.0,-24.92,24.92,-1.0,750.81,5,sol,4H,3y,200
0.382,0.786,1.272,0.002,5,0.2,fvg_only,35,35,0,0.0,-28.79,28.79,-1.0,712.14,5,sol,4H,3y,200
0.5,0.786,1.272,0.002,3,0.1,fvg_only,20,20,0,0.0,-6.37,6.37,-1.0,936.27,3,sol,4H,3y,296
0.382,0.618,2.0,0.002,3,0.2,fvg_only,31,31,0,0.0,-15.76,15.76,-1.0,842.37,5,sol,4H,3y,200
0.382,0.618,1.272,0.002,3,0.2,fvg_only,31,31,0,0.0,-15.76,15.76,-1.0,842.37,5,sol,4H,3y,200
0.382,0.618,2.0,0.005,5,0.2,fvg_only,30,30,0,3.3,-23.07,23.07,-1.0,769.31,5,sol,4H,3y,200
0.382,0.618,2.0,0.005,5,0.1,fvg_only,30,30,0,3.3,-12.12,12.12,-1.0,878.82,5,sol,4H,3y,200
0.382,0.618,2.0,0.005,7,0.1,fvg_only,30,30,0,3.3,-16.64,16.64,-1.0,833.64,5,sol,4H,3y,200
0.382,0.786,1.272,0.002,7,0.2,fvg_only,35,35,0,0.0,-37.9,37.9,-1.0,620.96,5,sol,4H,3y,200
0.382,0.618,1.618,0.002,7,0.2,fvg_only,31,31,0,0.0,-33.12,33.12,-1.0,668.81,5,sol,4H,3y,200
0.382,0.618,1.272,0.002,5,0.1,fvg_only,31,31,0,0.0,-13.31,13.31,-1.0,866.88,5,sol,4H,3y,200
0.382,0.618,2.0,0.005,3,0.2,fvg_only,30,30,0,3.3,-14.4,14.4,-1.0,856.0,5,sol,4H,3y,200
0.382,0.618,2.0,0.005,7,0.2,fvg_only,30,30,0,3.3,-31.02,31.02,-1.0,689.78,5,sol,4H,3y,200
0.382,0.786,1.272,0.002,7,0.1,fvg_only,35,35,0,0.0,-21.12,21.12,-1.0,788.85,5,sol,4H,3y,200
0.382,0.618,1.618,0.002,7,0.1,fvg_only,31,31,0,0.0,-18.15,18.15,-1.0,818.53,5,sol,4H,3y,200
0.382,0.618,1.272,0.002,3,0.1,fvg_only,31,31,0,0.0,-8.2,8.2,-1.0,917.95,5,sol,4H,3y,200
0.382,0.786,1.618,0.002,3,0.1,fvg_only,35,35,0,0.0,-9.64,9.64,-1.0,903.58,5,sol,4H,3y,200
0.382,0.786,1.618,0.002,3,0.2,fvg_only,35,35,0,0.0,-18.39,18.39,-1.0,816.14,5,sol,4H,3y,200
0.382,0.618,1.272,0.002,5,0.2,fvg_only,31,31,0,0.0,-24.92,24.92,-1.0,750.81,5,sol,4H,3y,200
0.382,0.786,1.618,0.002,5,0.1,fvg_only,35,35,0,0.0,-15.57,15.57,-1.0,844.34,5,sol,4H,3y,200
0.382,0.618,2.0,0.002,5,0.1,fvg_only,31,31,0,0.0,-13.31,13.31,-1.0,866.88,5,sol,4H,3y,200
0.382,0.786,1.618,0.002,5,0.2,fvg_only,35,35,0,0.0,-28.79,28.79,-1.0,712.14,5,sol,4H,3y,200
0.382,0.786,1.618,0.002,7,0.1,fvg_only,35,35,0,0.0,-21.12,21.12,-1.0,788.85,5,sol,4H,3y,200
0.382,0.618,2.0,0.002,7,0.2,fvg_only,31,31,0,0.0,-33.12,33.12,-1.0,668.81,5,sol,4H,3y,200
0.5,0.786,2.0,0.002,7,0.1,fvg_only,20,20,0,0.0,-14.29,14.29,-1.0,857.1,3,sol,4H,3y,296
0.5,0.786,1.272,0.005,5,0.2,fvg_only,20,20,0,5.0,-18.71,18.71,-1.0,812.88,3,sol,4H,3y,296
0.5,0.786,2.0,0.002,5,0.2,fvg_only,20,20,0,0.0,-19.82,19.82,-1.0,801.82,3,sol,4H,3y,296
0.5,0.786,1.618,0.002,3,0.1,fvg_only,20,20,0,0.0,-6.37,6.37,-1.0,936.27,3,sol,4H,3y,296
0.5,0.786,1.618,0.002,7,0.2,fvg_only,20,20,0,0.0,-26.68,26.68,-1.0,733.21,3,sol,4H,3y,296
0.5,0.786,2.0,0.002,7,0.1,fvg_only,21,21,0,0.0,-12.34,12.34,-1.0,876.56,5,sol,4H,3y,200
0.5,0.786,2.0,0.002,5,0.2,fvg_only,21,21,0,0.0,-17.18,17.18,-1.0,828.17,5,sol,4H,3y,200
0.5,0.786,1.618,0.002,7,0.1,fvg_only,20,20,0,0.0,-14.29,14.29,-1.0,857.1,3,sol,4H,3y,296
0.5,0.786,2.0,0.002,5,0.1,fvg_only,21,21,0,0.0,-8.97,8.97,-1.0,910.29,5,sol,4H,3y,200
0.5,0.786,2.0,0.002,3,0.2,fvg_only,21,21,0,0.0,-10.67,10.67,-1.0,893.28,5,sol,4H,3y,200
0.5,0.786,2.0,0.002,3,0.1,fvg_only,21,21,0,0.0,-5.48,5.48,-1.0,945.23,5,sol,4H,3y,200
0.5,0.786,1.618,0.002,5,0.2,fvg_only,20,20,0,0.0,-19.82,19.82,-1.0,801.82,3,sol,4H,3y,296
0.5,0.786,1.618,0.005,7,0.2,fvg_only,21,21,0,0.0,-29.78,29.78,-1.0,702.22,5,sol,4H,3y,200
0.5,0.786,1.618,0.005,7,0.1,fvg_only,21,21,0,0.0,-16.13,16.13,-1.0,838.72,5,sol,4H,3y,200
0.5,0.786,1.618,0.005,5,0.2,fvg_only,21,21,0,0.0,-22.26,22.26,-1.0,777.4,5,sol,4H,3y,200
0.5,0.786,1.618,0.002,5,0.1,fvg_only,20,20,0,0.0,-10.41,10.41,-1.0,895.88,3,sol,4H,3y,296
0.5,0.786,1.618,0.005,5,0.1,fvg_only,21,21,0,0.0,-11.79,11.79,-1.0,882.1,5,sol,4H,3y,200
0.5,0.786,1.618,0.005,3,0.2,fvg_only,21,21,0,0.0,-13.99,13.99,-1.0,860.15,5,sol,4H,3y,200
0.5,0.786,1.618,0.002,3,0.2,fvg_only,20,20,0,0.0,-12.37,12.37,-1.0,876.29,3,sol,4H,3y,296
0.382,0.786,1.618,0.002,3,0.1,fvg_only,27,27,0,3.7,-5.71,5.71,-1.0,942.91,8,sol,4H,3y,128
0.5,0.786,1.618,0.005,3,0.1,fvg_only,21,21,0,0.0,-7.24,7.24,-1.0,927.59,5,sol,4H,3y,200
0.382,0.786,1.618,0.002,3,0.2,fvg_only,27,27,0,3.7,-11.27,11.27,-1.0,887.29,8,sol,4H,3y,128
0.5,0.786,1.618,0.002,7,0.2,fvg_only,21,21,0,0.0,-23.25,23.25,-1.0,767.52,5,sol,4H,3y,200
0.382,0.786,1.618,0.002,5,0.1,fvg_only,27,27,0,3.7,-9.43,9.43,-1.0,905.66,8,sol,4H,3y,128
0.5,0.786,1.618,0.002,7,0.1,fvg_only,21,21,0,0.0,-12.34,12.34,-1.0,876.56,5,sol,4H,3y,200
0.5,0.786,2.0,0.002,7,0.2,fvg_only,21,21,0,0.0,-23.25,23.25,-1.0,767.52,5,sol,4H,3y,200
0.382,0.618,2.0,0.005,7,0.2,fvg_only,27,27,0,3.7,-31.73,31.73,-1.0,682.72,8,sol,4H,3y,128
0.382,0.618,2.0,0.005,7,0.1,fvg_only,27,27,0,3.7,-16.76,16.76,-1.0,832.44,8,sol,4H,3y,128
0.5,0.786,2.0,0.005,5,0.2,fvg_only,21,21,0,0.0,-22.26,22.26,-1.0,777.4,5,sol,4H,3y,200
0.382,0.618,1.618,0.002,5,0.2,fvg_only,27,27,0,3.7,-19.19,19.19,-1.0,808.07,8,sol,4H,3y,128
0.382,0.618,1.618,0.002,5,0.1,fvg_only,27,27,0,3.7,-9.86,9.86,-1.0,901.41,8,sol,4H,3y,128
0.382,0.618,1.618,0.002,7,0.2,fvg_only,27,27,0,3.7,-26.24,26.24,-1.0,737.64,8,sol,4H,3y,128
0.382,0.618,1.618,0.002,3,0.2,fvg_only,27,27,0,3.7,-11.77,11.77,-1.0,882.3,8,sol,4H,3y,128
0.382,0.618,1.618,0.002,3,0.1,fvg_only,27,27,0,3.7,-5.97,5.97,-1.0,940.26,8,sol,4H,3y,128
0.5,0.786,2.0,0.005,7,0.2,fvg_only,21,21,0,0.0,-29.78,29.78,-1.0,702.22,5,sol,4H,3y,200
0.382,0.618,2.0,0.002,3,0.1,fvg_only,27,27,0,3.7,-5.15,5.15,-1.0,948.5,8,sol,4H,3y,128
0.5,0.786,2.0,0.005,7,0.1,fvg_only,21,21,0,0.0,-16.13,16.13,-1.0,838.72,5,sol,4H,3y,200
0.382,0.618,2.0,0.002,3,0.2,fvg_only,27,27,0,3.7,-10.28,10.28,-1.0,897.2,8,sol,4H,3y,128
0.382,0.618,2.0,0.002,5,0.1,fvg_only,27,27,0,3.7,-8.57,8.57,-1.0,914.25,8,sol,4H,3y,128
0.5,0.786,2.0,0.005,3,0.1,fvg_only,21,21,0,0.0,-7.24,7.24,-1.0,927.59,5,sol,4H,3y,200
0.382,0.618,2.0,0.002,5,0.2,fvg_only,27,27,0,3.7,-17.02,17.02,-1.0,829.8,8,sol,4H,3y,128
0.5,0.786,2.0,0.005,5,0.1,fvg_only,21,21,0,0.0,-11.79,11.79,-1.0,882.1,5,sol,4H,3y,200
0.382,0.618,2.0,0.002,7,0.1,fvg_only,27,27,0,3.7,-11.98,11.98,-1.0,880.22,8,sol,4H,3y,128
0.382,0.618,2.0,0.002,7,0.2,fvg_only,27,27,0,3.7,-23.58,23.58,-1.0,764.2,8,sol,4H,3y,128
0.382,0.618,2.0,0.005,3,0.1,fvg_only,27,27,0,3.7,-7.38,7.38,-1.0,926.21,8,sol,4H,3y,128
0.5,0.786,2.0,0.005,3,0.2,fvg_only,21,21,0,0.0,-13.99,13.99,-1.0,860.15,5,sol,4H,3y,200
0.382,0.618,2.0,0.005,3,0.2,fvg_only,27,27,0,3.7,-14.46,14.46,-1.0,855.36,8,sol,4H,3y,128
0.382,0.618,2.0,0.005,5,0.1,fvg_only,27,27,0,3.7,-12.14,12.14,-1.0,878.63,8,sol,4H,3y,128
0.382,0.618,2.0,0.005,5,0.2,fvg_only,27,27,0,3.7,-23.41,23.41,-1.0,765.95,8,sol,4H,3y,128
0.382,0.786,1.618,0.002,5,0.2,fvg_only,27,27,0,3.7,-18.42,18.42,-1.0,815.76,8,sol,4H,3y,128
0.382,0.786,1.618,0.002,7,0.1,fvg_only,27,27,0,3.7,-13.09,13.09,-1.0,869.12,8,sol,4H,3y,128
0.382,0.786,2.0,0.002,7,0.2,fvg_only,35,35,0,0.0,-37.9,37.9,-1.0,620.96,5,sol,4H,3y,200
0.5,0.786,1.618,0.002,5,0.2,fvg_only,21,21,0,0.0,-17.18,17.18,-1.0,828.17,5,sol,4H,3y,200
0.5,0.786,1.272,0.002,3,0.1,fvg_only,21,21,0,0.0,-5.48,5.48,-1.0,945.23,5,sol,4H,3y,200
0.5,0.786,1.272,0.005,3,0.2,fvg_only,20,20,0,5.0,-11.58,11.58,-1.0,884.16,3,sol,4H,3y,296
0.382,0.786,2.0,0.005,3,0.1,fvg_only,27,27,0,3.7,-7.12,7.12,-1.0,928.81,8,sol,4H,3y,128
0.382,0.786,2.0,0.005,7,0.2,fvg_only,34,34,0,2.9,-37.03,37.03,-1.0,629.65,5,sol,4H,3y,200
0.382,0.786,2.0,0.005,3,0.2,fvg_only,27,27,0,3.7,-13.98,13.98,-1.0,860.19,8,sol,4H,3y,128
0.5,0.786,1.272,0.005,3,0.1,fvg_only,20,20,0,5.0,-5.93,5.93,-1.0,940.72,3,sol,4H,3y,296
0.382,0.786,2.0,0.005,5,0.1,fvg_only,27,27,0,3.7,-11.72,11.72,-1.0,882.76,8,sol,4H,3y,128
0.382,0.786,2.0,0.005,7,0.1,fvg_only,34,34,0,2.9,-20.33,20.33,-1.0,796.7,5,sol,4H,3y,200
0.5,0.786,2.0,0.002,3,0.1,fvg_only,20,20,0,0.0,-6.37,6.37,-1.0,936.27,3,sol,4H,3y,296
0.382,0.786,2.0,0.005,5,0.2,fvg_only,27,27,0,3.7,-22.68,22.68,-1.0,773.23,8,sol,4H,3y,128
0.382,0.786,2.0,0.005,5,0.2,fvg_only,34,34,0,2.9,-27.9,27.9,-1.0,720.96,5,sol,4H,3y,200
0.5,0.786,1.272,0.002,7,0.2,fvg_only,20,20,0,0.0,-26.68,26.68,-1.0,733.21,3,sol,4H,3y,296
0.382,0.786,2.0,0.005,7,0.1,fvg_only,27,27,0,3.7,-16.21,16.21,-1.0,837.95,8,sol,4H,3y,128
0.382,0.786,2.0,0.005,5,0.1,fvg_only,34,34,0,2.9,-14.91,14.91,-1.0,850.87,5,sol,4H,3y,200
0.382,0.786,2.0,0.005,7,0.2,fvg_only,27,27,0,3.7,-30.81,30.81,-1.0,691.89,8,sol,4H,3y,128
0.5,0.786,2.0,0.002,3,0.2,fvg_only,20,20,0,0.0,-12.37,12.37,-1.0,876.29,3,sol,4H,3y,296
0.382,0.786,2.0,0.005,3,0.2,fvg_only,34,34,0,2.9,-17.66,17.66,-1.0,823.41,5,sol,4H,3y,200
0.5,0.786,1.272,0.002,7,0.1,fvg_only,20,20,0,0.0,-14.29,14.29,-1.0,857.1,3,sol,4H,3y,296
0.382,0.786,2.0,0.005,3,0.1,fvg_only,34,34,0,2.9,-9.19,9.19,-1.0,908.12,5,sol,4H,3y,200
0.5,0.786,1.272,0.002,5,0.2,fvg_only,20,20,0,0.0,-19.82,19.82,-1.0,801.82,3,sol,4H,3y,296
0.5,0.786,2.0,0.002,5,0.1,fvg_only,20,20,0,0.0,-10.41,10.41,-1.0,895.88,3,sol,4H,3y,296
0.382,0.786,2.0,0.002,7,0.2,fvg_only,27,27,0,3.7,-22.55,22.55,-1.0,774.45,8,sol,4H,3y,128
0.5,0.786,1.272,0.002,3,0.2,fvg_only,21,21,0,0.0,-10.67,10.67,-1.0,893.28,5,sol,4H,3y,200
0.5,0.786,1.272,0.002,5,0.1,fvg_only,21,21,0,0.0,-8.97,8.97,-1.0,910.29,5,sol,4H,3y,200
0.382,0.786,2.0,0.002,3,0.1,fvg_only,27,27,0,3.7,-4.88,4.88,-1.0,951.17,8,sol,4H,3y,128
0.382,0.786,1.618,0.002,7,0.2,fvg_only,27,27,0,3.7,-25.25,25.25,-1.0,747.54,8,sol,4H,3y,128
0.5,0.786,1.272,0.005,7,0.2,fvg_only,20,20,0,5.0,-25.38,25.38,-1.0,746.18,3,sol,4H,3y,296
0.5,0.786,1.618,0.002,5,0.1,fvg_only,21,21,0,0.0,-8.97,8.97,-1.0,910.29,5,sol,4H,3y,200
0.5,0.786,1.618,0.002,3,0.2,fvg_only,21,21,0,0.0,-10.67,10.67,-1.0,893.28,5,sol,4H,3y,200
0.5,0.786,1.618,0.002,3,0.1,fvg_only,21,21,0,0.0,-5.48,5.48,-1.0,945.23,5,sol,4H,3y,200
0.5,0.786,1.272,0.005,7,0.2,fvg_only,21,21,0,0.0,-29.78,29.78,-1.0,702.22,5,sol,4H,3y,200
0.5,0.786,1.272,0.005,7,0.1,fvg_only,21,21,0,0.0,-16.13,16.13,-1.0,838.72,5,sol,4H,3y,200
0.5,0.786,1.272,0.005,5,0.2,fvg_only,21,21,0,0.0,-22.26,22.26,-1.0,777.4,5,sol,4H,3y,200
0.5,0.786,1.272,0.005,3,0.2,fvg_only,21,21,0,0.0,-13.99,13.99,-1.0,860.15,5,sol,4H,3y,200
0.5,0.786,1.272,0.005,7,0.1,fvg_only,20,20,0,5.0,-13.41,13.41,-1.0,865.9,3,sol,4H,3y,296
0.382,0.786,2.0,0.002,7,0.1,fvg_only,27,27,0,3.7,-11.4,11.4,-1.0,886.04,8,sol,4H,3y,128
0.5,0.786,1.272,0.005,3,0.1,fvg_only,21,21,0,0.0,-7.24,7.24,-1.0,927.59,5,sol,4H,3y,200
0.382,0.786,2.0,0.002,3,0.2,fvg_only,27,27,0,3.7,-9.77,9.77,-1.0,902.28,8,sol,4H,3y,128
0.5,0.786,1.272,0.002,7,0.2,fvg_only,21,21,0,0.0,-23.25,23.25,-1.0,767.52,5,sol,4H,3y,200
0.382,0.618,1.618,0.002,7,0.1,fvg_only,27,27,0,3.7,-13.66,13.66,-1.0,863.4,8,sol,4H,3y,128
0.382,0.786,2.0,0.002,5,0.1,fvg_only,27,27,0,3.7,-8.14,8.14,-1.0,918.56,8,sol,4H,3y,128
0.5,0.786,1.272,0.002,7,0.1,fvg_only,21,21,0,0.0,-12.34,12.34,-1.0,876.56,5,sol,4H,3y,200
0.382,0.786,2.0,0.002,5,0.2,fvg_only,27,27,0,3.7,-16.23,16.23,-1.0,837.69,8,sol,4H,3y,128
0.5,0.786,1.272,0.002,5,0.2,fvg_only,21,21,0,0.0,-17.18,17.18,-1.0,828.17,5,sol,4H,3y,200
0.5,0.786,1.272,0.005,5,0.1,fvg_only,20,20,0,5.0,-9.73,9.73,-1.0,902.71,3,sol,4H,3y,296
0.5,0.786,1.272,0.005,5,0.1,fvg_only,21,21,0,0.0,-11.79,11.79,-1.0,882.1,5,sol,4H,3y,200
