retrace_min,retrace_max,tp_ext,sl_buf,leverage,pos_ratio,signal_type,trades,win_rate,return_pct,max_drawdown,calmar,final_balance,swing_window,coin,timeframe,n_bos,n_zones
0.5,0.786,1.272,0.002,7,0.2,ob_only,108,31.5,123.93,19.91,6.22,2239.3,3,btc,4H,202,304
0.5,0.786,1.272,0.005,7,0.2,ob_only,108,37.0,126.2,20.78,6.07,2261.99,3,btc,4H,202,304
0.5,0.786,1.272,0.002,5,0.2,ob_only,108,31.5,81.96,14.59,5.62,1819.58,3,btc,4H,202,304
0.5,0.786,1.272,0.005,5,0.2,ob_only,108,37.0,83.65,15.19,5.51,1836.54,3,btc,4H,202,304
0.5,0.786,1.272,0.002,7,0.1,ob_only,108,31.5,53.96,10.41,5.19,1539.59,3,btc,4H,202,304
0.5,0.786,1.272,0.005,7,0.1,ob_only,108,37.0,55.13,10.82,5.09,1551.31,3,btc,4H,202,304
0.5,0.786,1.272,0.002,3,0.2,ob_only,108,31.5,45.29,8.98,5.05,1452.86,3,btc,4H,202,304
0.5,0.786,1.618,0.002,7,0.2,ob_only,104,25.0,94.04,18.87,4.98,1940.36,3,btc,4H,202,304
0.5,0.786,1.272,0.005,3,0.2,ob_only,108,37.0,46.28,9.33,4.96,1462.79,3,btc,4H,202,304
0.5,0.786,1.272,0.002,5,0.1,ob_only,108,31.5,36.94,7.53,4.91,1369.41,3,btc,4H,202,304
0.5,0.786,1.618,0.005,7,0.2,ob_only,103,30.1,93.36,19.3,4.84,1933.58,3,btc,4H,202,304
0.5,0.786,1.272,0.005,5,0.1,ob_only,108,37.0,37.76,7.82,4.83,1377.56,3,btc,4H,202,304
0.5,0.786,1.618,0.002,5,0.2,ob_only,104,25.0,65.17,13.79,4.73,1651.66,3,btc,4H,202,304
0.382,0.618,1.618,0.005,7,0.2,fvg_only,34,23.5,73.29,15.75,4.65,1732.87,5,btc,4H,139,237
0.382,0.786,1.618,0.005,7,0.2,fvg_only,35,22.9,73.03,15.75,4.64,1730.27,5,btc,4H,139,237
0.5,0.786,1.272,0.002,3,0.1,ob_only,108,31.5,21.22,4.57,4.64,1212.18,3,btc,4H,202,304
0.5,0.786,1.618,0.005,5,0.2,ob_only,103,30.1,65.16,14.14,4.61,1651.64,3,btc,4H,202,304
0.5,0.786,1.272,0.005,3,0.1,ob_only,108,37.0,21.69,4.75,4.57,1216.89,3,btc,4H,202,304
0.5,0.786,1.618,0.005,7,0.2,fvg_only,22,22.7,54.33,12.0,4.53,1543.27,3,btc,4H,202,304
0.5,0.786,1.618,0.002,7,0.1,ob_only,104,25.0,44.34,9.81,4.52,1443.43,3,btc,4H,202,304
0.5,0.786,1.618,0.002,3,0.2,ob_only,104,25.0,37.61,8.46,4.45,1376.12,3,btc,4H,202,304
0.382,0.618,1.618,0.005,5,0.2,fvg_only,34,23.5,50.56,11.44,4.42,1505.61,5,btc,4H,139,237
0.5,0.786,1.618,0.005,5,0.2,fvg_only,22,22.7,38.41,8.7,4.41,1384.14,3,btc,4H,202,304
0.5,0.786,1.618,0.005,7,0.1,ob_only,103,30.1,44.53,10.09,4.41,1445.32,3,btc,4H,202,304
0.382,0.786,1.618,0.005,5,0.2,fvg_only,35,22.9,50.4,11.44,4.41,1503.97,5,btc,4H,139,237
0.5,0.786,1.618,0.002,5,0.1,ob_only,104,25.0,31.0,7.09,4.37,1310.0,3,btc,4H,202,304
0.5,0.786,1.618,0.005,3,0.2,ob_only,103,30.1,37.82,8.7,4.35,1378.18,3,btc,4H,202,304
0.5,0.786,1.618,0.005,7,0.1,fvg_only,22,22.7,26.65,6.16,4.32,1266.51,3,btc,4H,202,304
0.5,0.786,1.618,0.005,3,0.2,fvg_only,22,22.7,22.77,5.3,4.29,1227.7,3,btc,4H,202,304
0.5,0.786,1.618,0.005,5,0.1,ob_only,103,30.1,31.2,7.3,4.28,1312.05,3,btc,4H,202,304
0.5,0.786,1.618,0.005,5,0.1,fvg_only,22,22.7,18.91,4.44,4.26,1189.12,3,btc,4H,202,304
0.382,0.618,1.618,0.005,7,0.1,fvg_only,34,23.5,34.4,8.11,4.24,1344.0,5,btc,4H,139,237
0.382,0.786,1.618,0.005,7,0.1,fvg_only,35,22.9,34.3,8.11,4.23,1342.96,5,btc,4H,139,237
0.5,0.786,1.618,0.002,3,0.1,ob_only,104,25.0,18.17,4.3,4.23,1181.67,3,btc,4H,202,304
0.5,0.786,1.618,0.005,3,0.1,fvg_only,22,22.7,11.27,2.68,4.2,1112.67,3,btc,4H,202,304
0.382,0.618,1.618,0.005,3,0.2,fvg_only,34,23.5,29.19,6.98,4.18,1291.94,5,btc,4H,139,237
0.382,0.786,1.618,0.005,3,0.2,fvg_only,35,22.9,29.11,6.98,4.17,1291.08,5,btc,4H,139,237
0.382,0.618,1.618,0.005,5,0.1,fvg_only,34,23.5,24.08,5.84,4.13,1240.82,5,btc,4H,139,237
0.5,0.786,1.618,0.005,3,0.1,ob_only,103,30.1,18.32,4.44,4.13,1183.23,3,btc,4H,202,304
0.382,0.786,1.618,0.005,5,0.1,fvg_only,35,22.9,24.01,5.84,4.11,1240.13,5,btc,4H,139,237
0.382,0.618,1.618,0.005,3,0.1,fvg_only,34,23.5,14.15,3.53,4.01,1141.49,5,btc,4H,139,237
0.382,0.786,1.618,0.005,3,0.1,fvg_only,35,22.9,14.11,3.53,4.0,1141.1,5,btc,4H,139,237
0.5,0.786,1.618,0.002,7,0.2,fvg_only,26,11.5,38.63,9.75,3.96,1386.31,8,btc,4H,86,186
0.5,0.786,1.618,0.002,5,0.2,fvg_only,26,11.5,27.89,7.06,3.95,1278.9,8,btc,4H,86,186
0.5,0.786,1.618,0.002,7,0.1,fvg_only,26,11.5,19.65,4.99,3.94,1196.55,8,btc,4H,86,186
0.5,0.786,1.618,0.002,5,0.1,fvg_only,26,11.5,14.09,3.59,3.93,1140.94,8,btc,4H,86,186
0.5,0.786,1.618,0.002,3,0.2,fvg_only,26,11.5,16.88,4.29,3.93,1168.81,8,btc,4H,86,186
0.5,0.786,1.618,0.002,3,0.1,fvg_only,26,11.5,8.48,2.17,3.91,1084.85,8,btc,4H,86,186
0.5,0.786,1.272,0.005,7,0.2,fvg_only,26,19.2,41.37,10.67,3.88,1413.75,8,btc,4H,86,186
0.5,0.786,1.272,0.005,5,0.2,fvg_only,26,19.2,29.42,7.73,3.81,1294.23,8,btc,4H,86,186
0.5,0.786,1.272,0.005,7,0.1,fvg_only,26,19.2,20.5,5.47,3.75,1204.97,8,btc,4H,86,186
0.5,0.786,1.272,0.005,3,0.2,fvg_only,26,19.2,17.54,4.71,3.73,1175.35,8,btc,4H,86,186
0.5,0.786,1.272,0.005,5,0.1,fvg_only,26,19.2,14.58,3.94,3.71,1145.83,8,btc,4H,86,186
0.382,0.786,1.618,0.002,7,0.2,fvg_only,35,17.1,60.89,16.51,3.69,1608.88,5,btc,4H,139,237
0.5,0.786,1.272,0.005,3,0.1,fvg_only,26,19.2,8.71,2.38,3.66,1087.1,8,btc,4H,86,186
0.382,0.618,1.618,0.002,7,0.2,fvg_only,34,17.6,60.45,16.73,3.61,1604.52,5,btc,4H,139,237
0.382,0.786,1.618,0.002,5,0.2,fvg_only,35,17.1,42.54,12.02,3.54,1425.4,5,btc,4H,139,237
0.382,0.618,1.618,0.002,5,0.2,fvg_only,34,17.6,42.27,12.19,3.47,1422.66,5,btc,4H,139,237
0.382,0.786,1.618,0.002,7,0.1,fvg_only,35,17.1,29.23,8.53,3.42,1292.27,5,btc,4H,139,237
0.382,0.786,1.618,0.002,3,0.2,fvg_only,35,17.1,24.89,7.35,3.39,1248.87,5,btc,4H,139,237
0.382,0.618,1.618,0.002,7,0.1,fvg_only,34,17.6,29.06,8.66,3.36,1290.55,5,btc,4H,139,237
0.382,0.786,1.618,0.002,5,0.1,fvg_only,35,17.1,20.6,6.15,3.35,1205.98,5,btc,4H,139,237
0.382,0.618,1.618,0.002,3,0.2,fvg_only,34,17.6,24.74,7.46,3.32,1247.44,5,btc,4H,139,237
0.5,0.786,1.618,0.005,7,0.2,fvg_only,26,15.4,40.25,12.2,3.3,1402.49,8,btc,4H,86,186
0.382,0.618,1.618,0.002,5,0.1,fvg_only,34,17.6,20.48,6.24,3.28,1204.84,5,btc,4H,139,237
0.5,0.786,1.618,0.005,5,0.2,fvg_only,26,15.4,29.1,8.86,3.28,1291.04,8,btc,4H,86,186
0.5,0.786,1.618,0.005,7,0.1,fvg_only,26,15.4,20.52,6.28,3.27,1205.24,8,btc,4H,86,186
0.382,0.786,1.618,0.002,3,0.1,fvg_only,35,17.1,12.18,3.73,3.27,1121.84,5,btc,4H,139,237
0.5,0.786,1.618,0.005,3,0.2,fvg_only,26,15.4,17.63,5.41,3.26,1176.29,8,btc,4H,86,186
0.5,0.786,1.618,0.005,5,0.1,fvg_only,26,15.4,14.72,4.52,3.25,1147.19,8,btc,4H,86,186
0.5,0.786,1.618,0.005,3,0.1,fvg_only,26,15.4,8.86,2.74,3.24,1088.61,8,btc,4H,86,186
0.382,0.618,1.618,0.002,3,0.1,fvg_only,34,17.6,12.12,3.78,3.2,1121.21,5,btc,4H,139,237
0.5,0.786,1.272,0.005,7,0.2,both,40,35.0,57.18,18.98,3.01,1571.77,8,btc,4H,86,186
0.5,0.786,1.272,0.005,5,0.2,both,40,35.0,40.81,13.87,2.94,1408.11,8,btc,4H,86,186
0.5,0.786,1.272,0.005,7,0.1,both,40,35.0,28.42,9.88,2.88,1284.15,8,btc,4H,86,186
0.5,0.786,1.272,0.005,3,0.2,both,40,35.0,24.29,8.51,2.85,1242.91,8,btc,4H,86,186
0.5,0.786,1.272,0.005,5,0.1,both,40,35.0,20.18,7.14,2.83,1201.8,8,btc,4H,86,186
0.382,0.786,1.618,0.005,3,0.2,fvg_only,36,19.4,19.13,6.84,2.8,1191.28,8,btc,4H,86,186
0.382,0.786,1.618,0.005,5,0.1,fvg_only,36,19.4,15.98,5.71,2.8,1159.78,8,btc,4H,86,186
0.5,0.786,1.272,0.002,7,0.2,both,115,27.8,76.66,27.42,2.8,1766.62,3,btc,4H,202,304
0.382,0.786,1.618,0.005,3,0.1,fvg_only,36,19.4,9.62,3.44,2.79,1096.23,8,btc,4H,86,186
0.382,0.786,1.618,0.005,5,0.2,fvg_only,36,19.4,31.48,11.29,2.79,1314.84,8,btc,4H,86,186
0.382,0.786,1.618,0.005,7,0.1,fvg_only,36,19.4,22.26,7.96,2.79,1222.57,8,btc,4H,86,186
0.5,0.786,1.272,0.005,3,0.1,both,40,35.0,12.02,4.33,2.78,1120.17,8,btc,4H,86,186
0.382,0.786,1.618,0.005,7,0.2,fvg_only,36,19.4,43.32,15.65,2.77,1433.15,8,btc,4H,86,186
0.5,0.786,1.272,0.005,7,0.2,fvg_only,23,21.7,33.29,12.0,2.77,1332.85,3,btc,4H,202,304
0.5,0.786,1.272,0.005,5,0.2,fvg_only,23,21.7,24.03,8.7,2.76,1240.31,3,btc,4H,202,304
0.5,0.786,1.272,0.005,7,0.1,fvg_only,23,21.7,16.94,6.16,2.75,1169.39,3,btc,4H,202,304
0.5,0.786,1.272,0.005,5,0.1,fvg_only,23,21.7,12.15,4.44,2.74,1121.49,3,btc,4H,202,304
0.5,0.786,1.272,0.005,3,0.2,fvg_only,23,21.7,14.55,5.3,2.74,1145.5,3,btc,4H,202,304
0.5,0.786,1.272,0.005,3,0.1,fvg_only,23,21.7,7.32,2.68,2.73,1073.17,3,btc,4H,202,304
0.5,0.786,1.272,0.005,7,0.2,both,114,33.3,74.7,27.89,2.68,1746.96,3,btc,4H,202,304
0.5,0.786,1.272,0.002,5,0.2,both,115,27.8,53.48,20.27,2.64,1534.82,3,btc,4H,202,304
0.5,0.786,1.272,0.002,3,0.1,fvg_only,26,11.5,5.6,2.17,2.58,1055.96,8,btc,4H,86,186
0.5,0.786,1.272,0.002,3,0.2,fvg_only,26,11.5,11.01,4.29,2.57,1110.13,8,btc,4H,86,186
0.5,0.786,1.272,0.002,5,0.1,fvg_only,26,11.5,9.23,3.59,2.57,1092.28,8,btc,4H,86,186
0.5,0.786,1.272,0.002,7,0.1,fvg_only,26,11.5,12.78,4.99,2.56,1127.78,8,btc,4H,86,186
0.5,0.786,1.272,0.005,5,0.2,both,114,33.3,52.59,20.59,2.55,1525.88,3,btc,4H,202,304
0.5,0.786,1.272,0.002,5,0.2,fvg_only,26,11.5,17.94,7.06,2.54,1179.42,8,btc,4H,86,186
0.382,0.618,1.272,0.005,7,0.2,fvg_only,34,23.5,42.0,16.75,2.51,1419.99,5,btc,4H,139,237
0.5,0.786,1.272,0.002,7,0.1,both,115,27.8,36.6,14.55,2.51,1366.05,3,btc,4H,202,304
0.5,0.786,1.272,0.002,7,0.2,fvg_only,26,11.5,24.51,9.75,2.51,1245.14,8,btc,4H,86,186
0.382,0.786,1.272,0.005,7,0.2,fvg_only,35,22.9,41.79,16.82,2.48,1417.86,5,btc,4H,139,237
0.5,0.786,1.272,0.002,3,0.2,both,115,27.8,31.11,12.58,2.47,1311.13,3,btc,4H,202,304
0.5,0.786,1.272,0.002,3,0.1,ob_only,34,32.4,9.16,3.71,2.47,1091.61,8,btc,4H,86,186
0.5,0.786,1.272,0.002,3,0.2,ob_only,34,32.4,18.2,7.4,2.46,1181.98,8,btc,4H,86,186
0.5,0.786,1.272,0.002,5,0.1,ob_only,34,32.4,15.21,6.17,2.46,1152.05,8,btc,4H,86,186
0.5,0.786,1.272,0.002,7,0.1,ob_only,34,32.4,21.17,8.62,2.45,1211.66,8,btc,4H,86,186
0.382,0.618,1.272,0.005,5,0.2,fvg_only,34,23.5,29.88,12.2,2.45,1298.83,5,btc,4H,139,237
0.5,0.786,1.272,0.005,7,0.1,both,114,33.3,36.2,14.76,2.45,1362.01,3,btc,4H,202,304
0.5,0.786,1.272,0.002,5,0.2,ob_only,34,32.4,29.89,12.27,2.44,1298.87,8,btc,4H,86,186
0.5,0.786,1.272,0.002,5,0.1,both,115,27.8,25.7,10.57,2.43,1257.0,3,btc,4H,202,304
0.382,0.786,1.272,0.005,5,0.2,fvg_only,35,22.9,29.74,12.23,2.43,1297.41,5,btc,4H,139,237
0.5,0.786,1.272,0.005,3,0.2,both,114,33.3,30.82,12.76,2.42,1308.24,3,btc,4H,202,304
0.5,0.786,1.272,0.002,7,0.2,ob_only,34,32.4,40.96,17.06,2.4,1409.57,8,btc,4H,86,186
0.382,0.618,1.272,0.005,7,0.1,fvg_only,34,23.5,20.81,8.67,2.4,1208.14,5,btc,4H,139,237
0.382,0.786,1.272,0.005,7,0.1,fvg_only,35,22.9,20.72,8.67,2.39,1207.21,5,btc,4H,139,237
0.5,0.786,1.272,0.005,5,0.1,both,114,33.3,25.5,10.71,2.38,1255.02,3,btc,4H,202,304
0.382,0.618,1.272,0.005,3,0.2,fvg_only,34,23.5,17.8,7.47,2.38,1178.04,5,btc,4H,139,237
0.382,0.786,1.272,0.005,3,0.2,fvg_only,35,22.9,17.73,7.47,2.37,1177.26,5,btc,4H,139,237
0.382,0.618,1.272,0.005,5,0.1,fvg_only,34,23.5,14.8,6.25,2.37,1148.04,5,btc,4H,139,237
0.382,0.786,1.272,0.005,5,0.1,fvg_only,35,22.9,14.74,6.25,2.36,1147.4,5,btc,4H,139,237
0.5,0.786,1.272,0.002,3,0.1,both,115,27.8,15.13,6.45,2.35,1151.3,3,btc,4H,202,304
0.382,0.618,1.272,0.005,3,0.1,fvg_only,34,23.5,8.84,3.79,2.33,1088.37,5,btc,4H,139,237
0.382,0.786,1.272,0.005,3,0.1,fvg_only,35,22.9,8.8,3.79,2.32,1088.01,5,btc,4H,139,237
0.5,0.786,1.272,0.005,3,0.1,both,114,33.3,15.06,6.53,2.31,1150.59,3,btc,4H,202,304
0.382,0.618,1.618,0.005,3,0.1,fvg_only,36,19.4,8.91,3.99,2.23,1089.13,8,btc,4H,86,186
0.382,0.618,1.618,0.005,5,0.1,fvg_only,36,19.4,14.72,6.61,2.23,1147.23,8,btc,4H,86,186
0.382,0.618,1.618,0.005,3,0.2,fvg_only,36,19.4,17.58,7.91,2.22,1175.79,8,btc,4H,86,186
0.382,0.618,1.618,0.005,7,0.1,fvg_only,36,19.4,20.4,9.19,2.22,1204.0,8,btc,4H,86,186
0.5,0.786,2.0,0.002,5,0.1,ob_only,99,22.2,14.49,6.6,2.2,1144.88,3,btc,4H,202,304
0.5,0.786,2.0,0.002,3,0.1,ob_only,99,22.2,8.81,4.0,2.2,1088.05,3,btc,4H,202,304
0.382,0.618,1.618,0.005,5,0.2,fvg_only,36,19.4,28.62,12.99,2.2,1286.22,8,btc,4H,86,186
0.5,0.786,2.0,0.002,3,0.2,ob_only,99,22.2,17.26,7.88,2.19,1172.56,3,btc,4H,202,304
0.5,0.786,2.0,0.002,7,0.1,ob_only,99,22.2,19.97,9.16,2.18,1199.69,3,btc,4H,202,304
0.382,0.618,1.618,0.005,7,0.2,fvg_only,36,19.4,38.93,17.92,2.17,1389.3,8,btc,4H,86,186
0.5,0.786,1.618,0.005,5,0.1,both,108,27.8,21.94,10.17,2.16,1219.42,3,btc,4H,202,304
0.5,0.786,1.618,0.005,5,0.2,both,108,27.8,42.88,19.85,2.16,1428.81,3,btc,4H,202,304
0.5,0.786,1.618,0.005,7,0.1,both,108,27.8,30.51,14.11,2.16,1305.07,3,btc,4H,202,304
0.5,0.786,1.618,0.005,3,0.2,both,108,27.8,26.25,12.15,2.16,1262.49,3,btc,4H,202,304
0.5,0.786,1.618,0.002,7,0.2,both,109,22.9,61.2,28.5,2.15,1612.02,3,btc,4H,202,304
0.5,0.786,2.0,0.002,5,0.2,ob_only,99,22.2,27.72,12.9,2.15,1277.18,3,btc,4H,202,304
0.5,0.786,1.618,0.005,3,0.1,both,108,27.8,13.22,6.16,2.15,1132.16,3,btc,4H,202,304
0.5,0.786,1.618,0.005,7,0.2,both,108,27.8,58.1,27.17,2.14,1581.01,3,btc,4H,202,304
0.5,0.786,1.618,0.002,5,0.2,both,109,22.9,44.51,20.9,2.13,1445.11,3,btc,4H,202,304
0.5,0.786,1.618,0.002,7,0.1,both,109,22.9,31.37,14.89,2.11,1313.71,3,btc,4H,202,304
0.5,0.786,1.618,0.002,3,0.2,both,109,22.9,26.92,12.84,2.1,1269.17,3,btc,4H,202,304
0.5,0.786,1.618,0.002,5,0.1,both,109,22.9,22.44,10.76,2.09,1224.4,3,btc,4H,202,304
0.5,0.786,2.0,0.002,7,0.2,ob_only,99,22.2,36.96,17.73,2.08,1369.6,3,btc,4H,202,304
0.382,0.786,1.272,0.002,7,0.2,fvg_only,35,17.1,36.47,17.51,2.08,1364.74,5,btc,4H,139,237
0.5,0.786,1.618,0.002,3,0.1,both,109,22.9,13.45,6.52,2.06,1134.5,3,btc,4H,202,304
0.382,0.618,1.272,0.002,7,0.2,fvg_only,34,17.6,36.1,17.73,2.04,1361.03,5,btc,4H,139,237
0.382,0.786,1.272,0.002,5,0.2,fvg_only,35,17.1,26.1,12.78,2.04,1261.02,5,btc,4H,139,237
0.382,0.786,1.272,0.002,7,0.1,fvg_only,35,17.1,18.27,9.1,2.01,1182.66,5,btc,4H,139,237
0.382,0.786,1.272,0.002,3,0.2,fvg_only,35,17.1,15.65,7.84,2.0,1156.5,5,btc,4H,139,237
0.382,0.618,1.272,0.002,5,0.2,fvg_only,34,17.6,25.86,12.95,2.0,1258.6,5,btc,4H,139,237
0.382,0.786,1.272,0.002,5,0.1,fvg_only,35,17.1,13.03,6.57,1.98,1130.34,5,btc,4H,139,237
0.5,0.786,2.0,0.002,7,0.2,fvg_only,24,12.5,26.37,13.39,1.97,1263.71,5,btc,4H,139,237
0.5,0.786,1.272,0.005,5,0.1,ob_only,34,35.3,14.02,7.14,1.96,1140.2,8,btc,4H,86,186
0.382,0.786,1.272,0.002,3,0.1,fvg_only,35,17.1,7.81,3.98,1.96,1078.08,5,btc,4H,139,237
0.382,0.618,1.272,0.002,7,0.1,fvg_only,34,17.6,18.11,9.22,1.96,1181.09,5,btc,4H,139,237
0.5,0.786,1.272,0.005,7,0.1,ob_only,34,35.3,19.39,9.88,1.96,1193.89,8,btc,4H,86,186
0.5,0.786,1.272,0.005,3,0.2,ob_only,34,35.3,16.73,8.51,1.96,1167.25,8,btc,4H,86,186
0.5,0.786,1.272,0.005,3,0.1,ob_only,34,35.3,8.5,4.33,1.96,1084.99,8,btc,4H,86,186
0.382,0.618,1.272,0.002,3,0.2,fvg_only,34,17.6,15.52,7.94,1.95,1155.18,5,btc,4H,139,237
0.5,0.786,1.272,0.005,5,0.2,ob_only,34,35.3,27.09,13.87,1.95,1270.92,8,btc,4H,86,186
0.5,0.786,2.0,0.002,5,0.2,fvg_only,24,12.5,18.97,9.74,1.95,1189.68,5,btc,4H,139,237
0.382,0.618,1.272,0.002,5,0.1,fvg_only,34,17.6,12.93,6.66,1.94,1129.27,5,btc,4H,139,237
0.5,0.786,2.0,0.002,7,0.1,fvg_only,24,12.5,13.33,6.92,1.93,1133.32,5,btc,4H,139,237
0.5,0.786,1.272,0.005,7,0.2,ob_only,34,35.3,36.56,18.98,1.93,1365.64,8,btc,4H,86,186
0.5,0.786,2.0,0.002,3,0.2,fvg_only,24,12.5,11.44,5.96,1.92,1114.41,5,btc,4H,139,237
0.382,0.618,1.272,0.002,3,0.1,fvg_only,34,17.6,7.75,4.04,1.92,1077.47,5,btc,4H,139,237
0.5,0.786,1.272,0.002,3,0.1,both,40,27.5,7.81,4.08,1.91,1078.12,8,btc,4H,86,186
0.5,0.786,2.0,0.002,5,0.1,fvg_only,24,12.5,9.54,4.99,1.91,1095.44,5,btc,4H,139,237
0.5,0.786,2.0,0.002,3,0.1,fvg_only,24,12.5,5.74,3.02,1.9,1057.36,5,btc,4H,139,237
0.5,0.786,1.272,0.002,5,0.1,both,40,27.5,12.84,6.77,1.9,1128.4,8,btc,4H,86,186
0.5,0.786,1.272,0.002,3,0.2,both,40,27.5,15.29,8.11,1.89,1152.9,8,btc,4H,86,186
0.5,0.786,1.272,0.002,7,0.1,both,40,27.5,17.69,9.44,1.87,1176.94,8,btc,4H,86,186
0.5,0.786,1.272,0.002,5,0.2,both,40,27.5,24.6,13.39,1.84,1245.95,8,btc,4H,86,186
0.382,0.786,1.272,0.005,5,0.1,fvg_only,36,22.2,11.87,6.46,1.84,1118.72,8,btc,4H,86,186
0.382,0.786,1.272,0.005,7,0.1,fvg_only,36,22.2,16.48,8.96,1.84,1164.75,8,btc,4H,86,186
0.382,0.786,1.272,0.005,3,0.2,fvg_only,36,22.2,14.19,7.72,1.84,1141.86,8,btc,4H,86,186
0.382,0.786,1.272,0.005,3,0.1,fvg_only,36,22.2,7.18,3.91,1.84,1071.79,8,btc,4H,86,186
0.382,0.786,1.272,0.005,5,0.2,fvg_only,36,22.2,23.18,12.64,1.83,1231.8,8,btc,4H,86,186
0.382,0.786,1.272,0.005,7,0.2,fvg_only,36,22.2,31.68,17.39,1.82,1316.82,8,btc,4H,86,186
0.5,0.786,1.272,0.002,7,0.2,both,40,27.5,32.97,18.55,1.78,1329.68,8,btc,4H,86,186
0.382,0.786,1.618,0.005,3,0.1,ob_only,112,29.5,11.18,6.72,1.66,1111.79,3,btc,4H,202,304
0.382,0.786,1.618,0.005,5,0.1,ob_only,112,29.5,18.13,11.2,1.62,1181.27,3,btc,4H,202,304
0.382,0.786,1.618,0.005,3,0.2,ob_only,112,29.5,21.41,13.42,1.6,1214.14,3,btc,4H,202,304
0.5,0.786,1.618,0.005,5,0.2,both,40,27.5,34.36,21.95,1.57,1343.55,8,btc,4H,86,186
0.5,0.786,2.0,0.005,3,0.1,ob_only,98,26.5,7.55,4.81,1.57,1075.53,3,btc,4H,202,304
0.382,0.786,1.618,0.005,7,0.1,ob_only,112,29.5,24.56,15.64,1.57,1245.63,3,btc,4H,202,304
0.5,0.786,1.618,0.005,7,0.1,both,40,27.5,24.63,15.81,1.56,1246.3,8,btc,4H,86,186
0.5,0.786,1.618,0.005,7,0.2,both,40,27.5,46.17,29.57,1.56,1461.68,8,btc,4H,86,186
0.5,0.786,1.618,0.005,3,0.2,both,40,27.5,21.25,13.68,1.55,1212.53,8,btc,4H,86,186
0.5,0.786,1.618,0.005,5,0.1,both,40,27.5,17.82,11.51,1.55,1178.18,8,btc,4H,86,186
0.5,0.786,2.0,0.005,5,0.1,ob_only,98,26.5,12.24,7.97,1.54,1122.35,3,btc,4H,202,304
0.5,0.786,1.618,0.005,3,0.1,both,40,27.5,10.8,7.04,1.53,1108.0,8,btc,4H,86,186
0.382,0.786,1.618,0.002,3,0.1,ob_only,113,24.8,10.67,6.96,1.53,1106.67,3,btc,4H,202,304
0.5,0.786,2.0,0.005,3,0.2,ob_only,98,26.5,14.45,9.53,1.52,1144.53,3,btc,4H,202,304
0.5,0.786,1.618,0.005,7,0.1,ob_only,34,29.4,22.9,15.21,1.51,1229.0,8,btc,4H,86,186
0.5,0.786,1.618,0.002,7,0.2,ob_only,34,26.5,46.3,30.61,1.51,1462.96,8,btc,4H,86,186
0.5,0.786,1.618,0.005,5,0.1,ob_only,34,29.4,16.61,11.06,1.5,1166.14,8,btc,4H,86,186
0.5,0.786,1.618,0.005,3,0.2,ob_only,34,29.4,19.79,13.15,1.5,1197.88,8,btc,4H,86,186
0.5,0.786,1.618,0.005,3,0.1,ob_only,34,29.4,10.1,6.76,1.5,1101.01,8,btc,4H,86,186
0.5,0.786,2.0,0.005,7,0.1,ob_only,98,26.5,16.58,11.07,1.5,1165.81,3,btc,4H,202,304
0.382,0.786,1.618,0.002,5,0.1,ob_only,113,24.8,17.31,11.55,1.5,1173.12,3,btc,4H,202,304
0.5,0.786,1.618,0.005,5,0.2,ob_only,34,29.4,31.81,21.15,1.5,1318.08,8,btc,4H,86,186
0.5,0.786,1.618,0.002,5,0.2,ob_only,34,26.5,34.15,22.83,1.5,1341.52,8,btc,4H,86,186
0.382,0.786,1.618,0.005,5,0.2,ob_only,112,29.5,33.08,22.22,1.49,1330.75,3,btc,4H,202,304
0.382,0.786,1.272,0.005,3,0.1,ob_only,118,34.7,8.86,5.95,1.49,1088.6,3,btc,4H,202,304
0.5,0.786,1.618,0.005,7,0.2,ob_only,34,29.4,42.52,28.56,1.49,1425.17,8,btc,4H,86,186
0.5,0.786,1.618,0.002,7,0.1,ob_only,34,26.5,24.36,16.51,1.48,1243.56,8,btc,4H,86,186
0.382,0.786,1.618,0.002,3,0.2,ob_only,113,24.8,20.47,13.83,1.48,1204.65,3,btc,4H,202,304
0.5,0.786,1.618,0.002,3,0.2,ob_only,34,26.5,20.98,14.31,1.47,1209.84,8,btc,4H,86,186
0.382,0.786,1.272,0.005,5,0.1,ob_only,118,34.7,14.33,9.73,1.47,1143.3,3,btc,4H,202,304
0.382,0.786,1.272,0.005,3,0.2,ob_only,118,34.7,16.91,11.58,1.46,1169.11,3,btc,4H,202,304
0.382,0.618,1.272,0.005,3,0.1,fvg_only,36,22.2,6.48,4.45,1.46,1064.85,8,btc,4H,86,186
0.382,0.786,1.618,0.002,7,0.1,ob_only,113,24.8,23.49,16.09,1.46,1234.93,3,btc,4H,202,304
0.5,0.786,1.618,0.002,5,0.1,ob_only,34,26.5,17.57,12.06,1.46,1175.68,8,btc,4H,86,186
0.382,0.618,1.272,0.005,5,0.1,fvg_only,36,22.2,10.66,7.35,1.45,1106.61,8,btc,4H,86,186
0.382,0.786,1.272,0.005,7,0.1,ob_only,118,34.7,19.38,13.39,1.45,1193.79,3,btc,4H,202,304
0.382,0.618,1.272,0.005,3,0.2,fvg_only,36,22.2,12.7,8.77,1.45,1127.01,8,btc,4H,86,186
0.382,0.618,1.272,0.005,7,0.1,fvg_only,36,22.2,14.71,10.18,1.44,1147.06,8,btc,4H,86,186
0.5,0.786,1.618,0.002,3,0.1,ob_only,34,26.5,10.62,7.39,1.44,1106.23,8,btc,4H,86,186
0.382,0.618,1.272,0.005,5,0.2,fvg_only,36,22.2,20.5,14.31,1.43,1204.99,8,btc,4H,86,186
0.5,0.786,2.0,0.005,5,0.2,ob_only,98,26.5,22.38,15.64,1.43,1223.83,3,btc,4H,202,304
0.382,0.618,1.272,0.005,7,0.2,fvg_only,36,22.2,27.65,19.62,1.41,1276.52,8,btc,4H,86,186
0.382,0.786,1.618,0.002,5,0.2,ob_only,113,24.8,31.75,22.74,1.4,1317.45,3,btc,4H,202,304
0.382,0.786,1.272,0.005,5,0.2,ob_only,118,34.7,26.04,18.63,1.4,1260.38,3,btc,4H,202,304
0.382,0.786,1.618,0.005,7,0.2,ob_only,112,29.5,41.93,30.71,1.37,1419.33,3,btc,4H,202,304
0.382,0.786,1.272,0.002,3,0.1,ob_only,118,29.7,8.46,6.24,1.35,1084.59,3,btc,4H,202,304
0.382,0.786,1.272,0.002,5,0.1,ob_only,118,29.7,13.7,10.21,1.34,1137.02,3,btc,4H,202,304
0.382,0.786,1.272,0.002,3,0.2,ob_only,118,29.7,16.19,12.14,1.33,1161.85,3,btc,4H,202,304
0.382,0.786,1.272,0.002,3,0.1,fvg_only,36,13.9,4.17,3.14,1.33,1041.73,8,btc,4H,86,186
0.5,0.786,2.0,0.005,7,0.2,ob_only,98,26.5,28.6,21.54,1.33,1285.97,3,btc,4H,202,304
0.382,0.786,1.272,0.002,7,0.1,ob_only,118,29.7,18.57,14.03,1.32,1185.68,3,btc,4H,202,304
0.382,0.786,1.272,0.005,7,0.2,ob_only,118,34.7,32.97,25.18,1.31,1329.68,3,btc,4H,202,304
0.382,0.786,1.618,0.002,7,0.2,ob_only,113,24.8,40.55,31.27,1.3,1405.45,3,btc,4H,202,304
0.382,0.786,1.272,0.002,5,0.1,fvg_only,36,13.9,6.74,5.18,1.3,1067.44,8,btc,4H,86,186
0.382,0.786,1.272,0.002,3,0.2,fvg_only,36,13.9,7.97,6.18,1.29,1079.65,8,btc,4H,86,186
0.382,0.786,1.272,0.002,5,0.2,ob_only,118,29.7,25.06,19.48,1.29,1250.6,3,btc,4H,202,304
0.382,0.786,1.272,0.002,7,0.1,fvg_only,36,13.9,9.14,7.18,1.27,1091.43,8,btc,4H,86,186
0.5,0.786,1.618,0.002,7,0.1,fvg_only,24,12.5,8.7,6.92,1.26,1087.03,5,btc,4H,139,237
0.5,0.786,1.618,0.002,5,0.2,fvg_only,24,12.5,12.27,9.74,1.26,1122.71,5,btc,4H,139,237
0.5,0.786,1.618,0.002,5,0.1,fvg_only,24,12.5,6.27,4.99,1.26,1062.68,5,btc,4H,139,237
0.5,0.786,1.618,0.002,3,0.2,fvg_only,24,12.5,7.49,5.96,1.26,1074.91,5,btc,4H,139,237
0.5,0.786,1.618,0.002,7,0.2,fvg_only,24,12.5,16.86,13.39,1.26,1168.58,5,btc,4H,139,237
0.5,0.786,1.618,0.002,3,0.1,fvg_only,24,12.5,3.79,3.02,1.25,1037.91,5,btc,4H,139,237
0.382,0.786,1.618,0.002,3,0.1,fvg_only,36,11.1,5.31,4.25,1.25,1053.06,8,btc,4H,86,186
0.382,0.786,1.272,0.002,5,0.2,fvg_only,36,13.9,12.41,10.12,1.23,1124.14,8,btc,4H,86,186
0.382,0.786,1.272,0.002,7,0.2,ob_only,118,29.7,32.0,26.27,1.22,1320.05,3,btc,4H,202,304
0.382,0.786,1.618,0.002,5,0.1,fvg_only,36,11.1,8.54,6.99,1.22,1085.45,8,btc,4H,86,186
0.5,0.786,1.618,0.002,7,0.1,both,40,22.5,20.8,17.26,1.21,1208.0,8,btc,4H,86,186
0.382,0.786,1.618,0.002,3,0.2,fvg_only,36,11.1,10.07,8.34,1.21,1100.74,8,btc,4H,86,186
0.5,0.786,1.618,0.002,5,0.1,both,40,22.5,15.16,12.62,1.2,1151.6,8,btc,4H,86,186
0.5,0.786,1.618,0.002,3,0.2,both,40,22.5,18.01,14.97,1.2,1180.15,8,btc,4H,86,186
0.5,0.786,1.618,0.002,5,0.2,both,40,22.5,28.7,23.82,1.2,1286.97,8,btc,4H,86,186
0.382,0.786,1.618,0.002,7,0.1,fvg_only,36,11.1,11.54,9.66,1.19,1115.43,8,btc,4H,86,186
0.5,0.786,1.618,0.002,3,0.1,both,40,22.5,9.26,7.75,1.19,1092.59,8,btc,4H,86,186
0.5,0.786,1.618,0.002,7,0.2,both,40,22.5,38.02,31.85,1.19,1380.19,8,btc,4H,86,186
0.382,0.786,1.272,0.002,7,0.2,fvg_only,36,13.9,16.16,13.9,1.16,1161.6,8,btc,4H,86,186
0.382,0.786,1.618,0.002,5,0.2,fvg_only,36,11.1,15.58,13.53,1.15,1155.84,8,btc,4H,86,186
0.5,0.786,1.618,0.005,7,0.2,fvg_only,24,16.7,19.23,16.81,1.14,1192.28,5,btc,4H,139,237
0.5,0.786,1.618,0.005,5,0.2,fvg_only,24,16.7,14.02,12.29,1.14,1140.21,5,btc,4H,139,237
0.5,0.786,1.618,0.005,7,0.1,fvg_only,24,16.7,9.95,8.76,1.14,1099.54,5,btc,4H,139,237
0.5,0.786,1.618,0.005,3,0.1,fvg_only,24,16.7,4.34,3.84,1.13,1043.38,5,btc,4H,139,237
0.5,0.786,1.618,0.005,3,0.2,fvg_only,24,16.7,8.57,7.55,1.13,1085.7,5,btc,4H,139,237
0.5,0.786,1.618,0.005,5,0.1,fvg_only,24,16.7,7.17,6.33,1.13,1071.72,5,btc,4H,139,237
0.382,0.786,1.618,0.002,7,0.2,fvg_only,36,11.1,20.12,18.46,1.09,1201.21,8,btc,4H,86,186
0.5,0.786,2.0,0.005,3,0.1,fvg_only,22,18.2,2.92,2.68,1.09,1029.2,3,btc,4H,202,304
0.382,0.618,1.618,0.002,3,0.1,fvg_only,36,11.1,4.62,4.33,1.07,1046.22,8,btc,4H,86,186
0.382,0.618,1.272,0.005,3,0.1,ob_only,110,36.4,6.39,5.96,1.07,1063.85,3,btc,4H,202,304
0.5,0.786,2.0,0.005,3,0.2,fvg_only,22,18.2,5.65,5.3,1.07,1056.52,3,btc,4H,202,304
0.5,0.786,2.0,0.005,5,0.1,fvg_only,22,18.2,4.76,4.44,1.07,1047.63,3,btc,4H,202,304
0.5,0.786,2.0,0.005,7,0.1,fvg_only,22,18.2,6.52,6.16,1.06,1065.21,3,btc,4H,202,304
0.382,0.618,1.618,0.002,5,0.1,fvg_only,36,11.1,7.37,7.12,1.04,1073.68,8,btc,4H,86,186
0.382,0.618,1.618,0.002,3,0.1,ob_only,107,25.2,8.74,8.53,1.03,1087.39,3,btc,4H,202,304
0.382,0.618,1.272,0.005,5,0.1,ob_only,110,36.4,10.05,9.75,1.03,1100.46,3,btc,4H,202,304
0.5,0.786,2.0,0.005,5,0.2,fvg_only,22,18.2,9.0,8.7,1.03,1089.96,3,btc,4H,202,304
0.382,0.618,1.618,0.002,3,0.2,fvg_only,36,11.1,8.64,8.49,1.02,1086.41,8,btc,4H,86,186
0.382,0.618,1.272,0.005,3,0.2,ob_only,110,36.4,11.68,11.6,1.01,1116.82,3,btc,4H,202,304
0.5,0.786,2.0,0.005,7,0.2,fvg_only,22,18.2,11.99,12.0,1.0,1119.9,3,btc,4H,202,304
0.382,0.618,1.618,0.002,7,0.1,fvg_only,36,11.1,9.85,9.83,1.0,1098.47,8,btc,4H,86,186
0.382,0.618,1.618,0.002,5,0.1,ob_only,107,25.2,13.9,14.03,0.99,1139.04,3,btc,4H,202,304
0.382,0.618,1.272,0.002,3,0.1,fvg_only,36,13.9,3.5,3.58,0.98,1034.97,8,btc,4H,86,186
0.382,0.618,1.272,0.002,3,0.1,ob_only,111,31.5,6.53,6.64,0.98,1065.29,3,btc,4H,202,304
0.382,0.786,1.618,0.005,3,0.1,both,123,27.6,8.46,8.64,0.98,1084.61,3,btc,4H,202,304
0.382,0.618,1.272,0.005,7,0.1,ob_only,110,36.4,13.18,13.41,0.98,1131.84,3,btc,4H,202,304
0.382,0.618,1.618,0.002,3,0.2,ob_only,107,25.2,16.27,16.72,0.97,1162.66,3,btc,4H,202,304
0.382,0.618,1.618,0.002,5,0.2,fvg_only,36,11.1,13.07,13.77,0.95,1130.68,8,btc,4H,86,186
0.382,0.618,1.618,0.002,7,0.1,ob_only,107,25.2,18.47,19.37,0.95,1184.71,3,btc,4H,202,304
0.382,0.618,1.272,0.002,5,0.1,ob_only,111,31.5,10.35,10.85,0.95,1103.53,3,btc,4H,202,304
0.382,0.786,1.618,0.005,5,0.1,both,123,27.6,13.33,14.23,0.94,1133.35,3,btc,4H,202,304
0.382,0.618,1.272,0.002,3,0.2,ob_only,111,31.5,12.09,12.88,0.94,1120.91,3,btc,4H,202,304
0.382,0.618,1.272,0.002,5,0.1,fvg_only,36,13.9,5.59,5.93,0.94,1055.87,8,btc,4H,86,186
0.382,0.618,1.272,0.002,3,0.2,fvg_only,36,13.9,6.56,7.09,0.92,1065.6,8,btc,4H,86,186
0.382,0.618,1.618,0.005,3,0.1,ob_only,106,29.2,7.56,8.25,0.92,1075.58,3,btc,4H,202,304
0.382,0.618,1.272,0.002,7,0.1,ob_only,111,31.5,13.71,14.88,0.92,1137.1,3,btc,4H,202,304
0.382,0.786,2.0,0.002,3,0.1,fvg_only,35,11.4,4.64,5.11,0.91,1046.42,5,btc,4H,139,237
0.382,0.786,1.618,0.005,3,0.2,both,123,27.6,15.52,16.97,0.91,1155.16,3,btc,4H,202,304
0.382,0.618,1.272,0.002,7,0.1,fvg_only,36,13.9,7.48,8.25,0.91,1074.84,8,btc,4H,86,186
0.382,0.618,1.272,0.005,5,0.2,ob_only,110,36.4,16.84,18.66,0.9,1168.43,3,btc,4H,202,304
0.382,0.786,2.0,0.002,7,0.1,fvg_only,35,11.4,10.39,11.55,0.9,1103.9,5,btc,4H,139,237
0.382,0.786,2.0,0.002,5,0.1,fvg_only,35,11.4,7.58,8.38,0.9,1075.82,5,btc,4H,139,237
0.382,0.786,2.0,0.002,3,0.2,fvg_only,35,11.4,9.0,9.98,0.9,1090.03,5,btc,4H,139,237
0.382,0.786,2.0,0.002,5,0.2,fvg_only,35,11.4,14.34,16.11,0.89,1143.39,5,btc,4H,139,237
0.382,0.618,2.0,0.002,3,0.1,fvg_only,34,11.8,4.58,5.16,0.89,1045.83,5,btc,4H,139,237
0.382,0.786,1.618,0.005,7,0.1,both,123,27.6,17.52,19.67,0.89,1175.18,3,btc,4H,202,304
0.382,0.618,1.618,0.002,5,0.2,ob_only,107,25.2,24.09,27.06,0.89,1240.93,3,btc,4H,202,304
0.382,0.618,2.0,0.002,3,0.2,fvg_only,34,11.8,8.88,10.08,0.88,1088.79,5,btc,4H,139,237
0.382,0.618,1.618,0.002,7,0.2,fvg_only,36,11.1,16.45,18.77,0.88,1164.5,8,btc,4H,86,186
0.382,0.618,2.0,0.002,7,0.1,fvg_only,34,11.8,10.24,11.67,0.88,1102.43,5,btc,4H,139,237
0.382,0.618,2.0,0.002,5,0.1,fvg_only,34,11.8,7.48,8.47,0.88,1074.8,5,btc,4H,139,237
0.382,0.618,2.0,0.002,5,0.2,fvg_only,34,11.8,14.12,16.28,0.87,1141.2,5,btc,4H,139,237
0.382,0.786,2.0,0.002,7,0.2,fvg_only,35,11.4,19.09,21.86,0.87,1190.88,5,btc,4H,139,237
0.382,0.618,1.618,0.005,3,0.1,fvg_only,34,11.8,4.12,4.8,0.86,1041.21,3,btc,4H,202,304
0.382,0.786,1.618,0.005,3,0.1,fvg_only,35,11.4,4.14,4.8,0.86,1041.36,3,btc,4H,202,304
0.382,0.618,1.272,0.002,5,0.2,fvg_only,36,13.9,9.97,11.65,0.86,1099.68,8,btc,4H,86,186
0.382,0.618,1.272,0.002,5,0.2,ob_only,111,31.5,17.81,20.63,0.86,1178.07,3,btc,4H,202,304
0.382,0.618,1.618,0.005,5,0.1,ob_only,106,29.2,11.78,13.63,0.86,1117.84,3,btc,4H,202,304
0.382,0.618,2.0,0.002,7,0.2,fvg_only,34,11.8,18.77,22.08,0.85,1187.65,5,btc,4H,139,237
0.382,0.618,1.618,0.005,3,0.2,ob_only,106,29.2,13.63,16.27,0.84,1136.33,3,btc,4H,202,304
0.5,0.786,2.0,0.005,3,0.1,fvg_only,24,12.5,3.76,4.49,0.84,1037.6,5,btc,4H,139,237
0.5,0.786,2.0,0.005,5,0.1,fvg_only,24,12.5,6.15,7.38,0.83,1061.48,5,btc,4H,139,237
0.5,0.786,2.0,0.005,3,0.2,fvg_only,24,12.5,7.3,8.79,0.83,1073.04,5,btc,4H,139,237
0.5,0.786,2.0,0.005,7,0.1,fvg_only,24,12.5,8.44,10.19,0.83,1084.36,5,btc,4H,139,237
0.382,0.618,1.618,0.005,5,0.1,fvg_only,34,11.8,6.47,7.89,0.82,1064.71,3,btc,4H,202,304
0.382,0.618,2.0,0.005,3,0.1,fvg_only,34,14.7,4.12,5.0,0.82,1041.21,5,btc,4H,139,237
0.382,0.786,2.0,0.005,3,0.1,fvg_only,35,14.3,4.09,5.0,0.82,1040.85,5,btc,4H,139,237
0.382,0.786,1.618,0.005,5,0.1,fvg_only,35,11.4,6.5,7.89,0.82,1064.97,3,btc,4H,202,304
0.5,0.786,2.0,0.005,5,0.2,fvg_only,24,12.5,11.68,14.25,0.82,1116.76,5,btc,4H,139,237
0.382,0.786,1.618,0.005,3,0.2,fvg_only,35,11.4,7.56,9.39,0.81,1075.62,3,btc,4H,202,304
0.382,0.786,1.618,0.002,3,0.1,both,124,22.6,7.58,9.36,0.81,1075.82,3,btc,4H,202,304
0.5,0.786,2.0,0.005,7,0.2,fvg_only,24,12.5,15.63,19.4,0.81,1156.27,5,btc,4H,139,237
0.382,0.618,2.0,0.005,5,0.1,fvg_only,34,14.7,6.66,8.21,0.81,1066.6,5,btc,4H,139,237
0.382,0.786,1.618,0.005,5,0.2,both,123,27.6,22.39,27.51,0.81,1223.9,3,btc,4H,202,304
0.382,0.618,1.618,0.005,7,0.1,ob_only,106,29.2,15.3,18.87,0.81,1152.98,3,btc,4H,202,304
0.382,0.618,1.618,0.002,7,0.2,ob_only,107,25.2,29.12,36.63,0.8,1291.24,3,btc,4H,202,304
0.382,0.618,2.0,0.005,7,0.1,fvg_only,34,14.7,9.03,11.32,0.8,1090.25,5,btc,4H,139,237
0.382,0.786,2.0,0.005,5,0.1,fvg_only,35,14.3,6.6,8.21,0.8,1066.0,5,btc,4H,139,237
0.382,0.618,2.0,0.005,3,0.2,fvg_only,34,14.7,7.86,9.78,0.8,1078.65,5,btc,4H,139,237
0.382,0.618,1.618,0.005,3,0.2,fvg_only,34,11.8,7.53,9.39,0.8,1075.31,3,btc,4H,202,304
0.382,0.786,2.0,0.005,3,0.2,fvg_only,35,14.3,7.79,9.78,0.8,1077.93,5,btc,4H,139,237
0.382,0.786,1.618,0.005,7,0.1,fvg_only,35,11.4,8.55,10.88,0.79,1085.51,3,btc,4H,202,304
0.382,0.786,2.0,0.005,7,0.1,fvg_only,35,14.3,8.94,11.32,0.79,1089.41,5,btc,4H,139,237
0.382,0.618,1.618,0.005,7,0.1,fvg_only,34,11.8,8.51,10.88,0.78,1085.14,3,btc,4H,202,304
0.382,0.618,1.272,0.002,7,0.2,fvg_only,36,13.9,12.61,16.08,0.78,1126.1,8,btc,4H,86,186
0.382,0.618,1.272,0.005,7,0.2,ob_only,110,36.4,19.66,25.23,0.78,1196.65,3,btc,4H,202,304
0.382,0.786,1.618,0.002,5,0.1,both,124,22.6,11.9,15.33,0.78,1118.98,3,btc,4H,202,304
0.382,0.618,2.0,0.005,5,0.2,fvg_only,34,14.7,12.23,15.81,0.77,1122.33,5,btc,4H,139,237
0.382,0.618,1.272,0.002,7,0.2,ob_only,111,31.5,21.41,27.75,0.77,1214.12,3,btc,4H,202,304
0.5,0.786,2.0,0.002,3,0.1,both,104,20.2,3.83,5.0,0.77,1038.29,3,btc,4H,202,304
0.382,0.786,2.0,0.005,5,0.2,fvg_only,35,14.3,12.11,15.81,0.77,1121.1,5,btc,4H,139,237
0.382,0.786,1.618,0.002,3,0.2,both,124,22.6,13.82,18.23,0.76,1138.17,3,btc,4H,202,304
0.382,0.786,1.618,0.002,7,0.1,both,124,22.6,15.57,21.07,0.74,1155.7,3,btc,4H,202,304
0.382,0.618,2.0,0.005,7,0.2,fvg_only,34,14.7,15.85,21.48,0.74,1158.51,5,btc,4H,139,237
0.382,0.786,1.618,0.005,5,0.2,fvg_only,35,11.4,11.08,15.2,0.73,1110.82,3,btc,4H,202,304
0.5,0.786,2.0,0.005,3,0.1,ob_only,33,27.3,4.69,6.43,0.73,1046.95,8,btc,4H,86,186
0.382,0.618,1.618,0.005,5,0.2,fvg_only,34,11.8,11.03,15.2,0.73,1110.26,3,btc,4H,202,304
0.382,0.786,2.0,0.005,7,0.2,fvg_only,35,14.3,15.68,21.48,0.73,1156.77,5,btc,4H,139,237
0.382,0.618,1.618,0.005,5,0.2,ob_only,106,29.2,19.16,26.46,0.72,1191.58,3,btc,4H,202,304
0.5,0.786,2.0,0.002,5,0.1,both,104,20.2,5.95,8.31,0.72,1059.49,3,btc,4H,202,304
0.5,0.786,2.0,0.005,5,0.1,ob_only,33,27.3,7.38,10.55,0.7,1073.77,8,btc,4H,86,186
0.382,0.786,1.618,0.005,7,0.2,both,123,27.6,26.11,37.28,0.7,1261.13,3,btc,4H,202,304
0.5,0.786,2.0,0.002,3,0.2,both,104,20.2,6.87,9.98,0.69,1068.74,3,btc,4H,202,304
0.5,0.786,1.272,0.002,3,0.1,fvg_only,24,12.5,2.05,3.02,0.68,1020.49,5,btc,4H,139,237
0.382,0.786,1.618,0.002,5,0.2,both,124,22.6,19.79,29.24,0.68,1197.95,3,btc,4H,202,304
0.5,0.786,2.0,0.005,3,0.2,ob_only,33,27.3,8.58,12.56,0.68,1085.78,8,btc,4H,86,186
0.5,0.786,1.272,0.002,5,0.1,fvg_only,24,12.5,3.36,4.99,0.67,1033.58,5,btc,4H,139,237
0.5,0.786,1.272,0.002,3,0.2,fvg_only,24,12.5,4.0,5.96,0.67,1039.95,5,btc,4H,139,237
0.5,0.786,1.272,0.002,7,0.1,fvg_only,24,12.5,4.62,6.92,0.67,1046.2,5,btc,4H,139,237
0.5,0.786,2.0,0.005,7,0.1,ob_only,33,27.3,9.68,14.54,0.67,1096.82,8,btc,4H,86,186
0.5,0.786,2.0,0.002,7,0.1,both,104,20.2,7.71,11.66,0.66,1077.07,3,btc,4H,202,304
0.5,0.786,1.272,0.002,5,0.2,fvg_only,24,12.5,6.43,9.74,0.66,1064.25,5,btc,4H,139,237
0.382,0.786,1.618,0.005,7,0.2,fvg_only,35,11.4,13.48,20.67,0.65,1134.82,3,btc,4H,202,304
0.5,0.786,2.0,0.002,3,0.1,ob_only,33,24.2,4.82,7.39,0.65,1048.25,8,btc,4H,86,186
0.5,0.786,1.272,0.002,7,0.2,fvg_only,24,12.5,8.66,13.39,0.65,1086.64,5,btc,4H,139,237
0.382,0.618,1.618,0.005,7,0.2,fvg_only,34,11.8,13.4,20.67,0.65,1133.97,3,btc,4H,202,304
0.5,0.786,2.0,0.002,5,0.1,ob_only,33,24.2,7.64,12.06,0.63,1076.36,8,btc,4H,86,186
0.382,0.618,1.618,0.002,3,0.1,both,117,23.1,6.45,10.26,0.63,1064.48,3,btc,4H,202,304
0.5,0.786,2.0,0.002,3,0.2,ob_only,33,24.2,8.91,14.31,0.62,1089.14,8,btc,4H,86,186
0.5,0.786,2.0,0.002,7,0.1,ob_only,33,24.2,10.11,16.51,0.61,1101.06,8,btc,4H,86,186
0.5,0.786,2.0,0.005,5,0.2,ob_only,33,27.3,12.41,20.27,0.61,1124.1,8,btc,4H,86,186
0.382,0.618,1.618,0.005,3,0.1,both,116,27.6,5.67,9.51,0.6,1056.69,3,btc,4H,202,304
0.382,0.618,1.618,0.005,7,0.2,ob_only,106,29.2,21.58,35.99,0.6,1215.79,3,btc,4H,202,304
0.382,0.618,1.618,0.002,5,0.1,both,117,23.1,9.93,16.73,0.59,1099.28,3,btc,4H,202,304
0.5,0.786,2.0,0.002,5,0.2,ob_only,33,24.2,13.15,22.83,0.58,1131.47,8,btc,4H,86,186
0.382,0.786,1.618,0.002,7,0.2,both,124,22.6,22.94,39.27,0.58,1229.42,3,btc,4H,202,304
0.5,0.786,2.0,0.002,5,0.2,both,104,20.2,9.64,16.68,0.58,1096.44,3,btc,4H,202,304
0.382,0.618,1.618,0.002,3,0.2,both,117,23.1,11.41,19.86,0.57,1114.08,3,btc,4H,202,304
0.382,0.618,1.272,0.005,3,0.1,both,121,33.9,3.48,6.13,0.57,1034.78,3,btc,4H,202,304
0.382,0.786,1.618,0.005,3,0.1,both,49,28.6,5.69,10.41,0.55,1056.86,8,btc,4H,86,186
0.5,0.786,1.272,0.005,3,0.1,fvg_only,24,16.7,2.11,3.84,0.55,1021.14,5,btc,4H,139,237
0.382,0.618,1.618,0.002,7,0.1,both,117,23.1,12.71,22.91,0.55,1127.12,3,btc,4H,202,304
0.382,0.618,1.618,0.005,5,0.1,both,116,27.6,8.52,15.6,0.55,1085.19,3,btc,4H,202,304
0.5,0.786,1.272,0.005,7,0.1,fvg_only,24,16.7,4.72,8.76,0.54,1047.16,5,btc,4H,139,237
0.5,0.786,1.272,0.005,3,0.2,fvg_only,24,16.7,4.09,7.55,0.54,1040.89,5,btc,4H,139,237
0.5,0.786,1.272,0.005,5,0.1,fvg_only,24,16.7,3.45,6.33,0.54,1034.47,5,btc,4H,139,237
0.382,0.618,1.618,0.002,3,0.1,ob_only,37,29.7,5.77,10.71,0.54,1057.71,8,btc,4H,86,186
0.5,0.786,1.272,0.005,5,0.2,fvg_only,24,16.7,6.5,12.29,0.53,1065.01,5,btc,4H,139,237
0.5,0.786,2.0,0.005,7,0.2,ob_only,33,27.3,14.65,27.47,0.53,1146.5,8,btc,4H,86,186
0.382,0.786,1.272,0.005,3,0.1,both,131,31.3,3.63,6.99,0.52,1036.27,3,btc,4H,202,304
0.382,0.786,1.618,0.005,5,0.1,both,49,28.6,8.71,16.87,0.52,1087.09,8,btc,4H,86,186
0.382,0.618,1.618,0.002,3,0.1,both,46,26.1,5.79,11.12,0.52,1057.89,8,btc,4H,86,186
0.5,0.786,2.0,0.002,7,0.2,ob_only,33,24.2,15.93,30.61,0.52,1159.25,8,btc,4H,86,186
0.382,0.618,1.618,0.005,3,0.2,both,116,27.6,9.65,18.56,0.52,1096.54,3,btc,4H,202,304
0.5,0.786,2.0,0.002,3,0.1,fvg_only,24,8.3,1.46,2.85,0.51,1014.64,3,btc,4H,202,304
0.5,0.786,1.272,0.005,7,0.2,fvg_only,24,16.7,8.65,16.81,0.51,1086.52,5,btc,4H,139,237
0.382,0.618,1.618,0.002,5,0.1,ob_only,37,29.7,8.91,17.32,0.51,1089.13,8,btc,4H,86,186
0.382,0.618,1.618,0.002,3,0.2,ob_only,37,29.7,10.26,20.47,0.5,1102.62,8,btc,4H,86,186
0.5,0.786,2.0,0.002,3,0.1,both,37,21.6,3.84,7.75,0.5,1038.4,8,btc,4H,86,186
0.382,0.618,1.272,0.005,5,0.1,both,121,33.9,5.07,10.04,0.5,1050.66,3,btc,4H,202,304
0.382,0.786,1.618,0.005,3,0.2,both,49,28.6,9.98,19.96,0.5,1099.78,8,btc,4H,86,186
0.382,0.618,1.618,0.002,5,0.1,both,46,26.1,8.93,17.95,0.5,1089.26,8,btc,4H,86,186
0.382,0.618,1.618,0.005,7,0.1,both,116,27.6,10.59,21.46,0.49,1105.94,3,btc,4H,202,304
0.5,0.786,2.0,0.002,5,0.1,fvg_only,24,8.3,2.32,4.7,0.49,1023.16,3,btc,4H,202,304
0.382,0.618,1.618,0.002,7,0.1,ob_only,37,29.7,11.46,23.52,0.49,1114.59,8,btc,4H,86,186
0.382,0.618,1.272,0.002,3,0.1,both,123,28.5,3.37,6.95,0.49,1033.7,3,btc,4H,202,304
0.382,0.618,1.618,0.002,5,0.2,both,117,23.1,15.55,31.59,0.49,1155.46,3,btc,4H,202,304
0.382,0.618,1.618,0.002,3,0.2,both,46,26.1,10.27,21.2,0.48,1102.66,8,btc,4H,86,186
0.5,0.786,2.0,0.005,3,0.1,both,37,24.3,3.34,6.96,0.48,1033.39,8,btc,4H,86,186
0.382,0.618,1.618,0.005,3,0.1,ob_only,37,32.4,5.27,11.0,0.48,1052.71,8,btc,4H,86,186
0.382,0.786,1.618,0.005,7,0.1,both,49,28.6,11.08,22.96,0.48,1110.83,8,btc,4H,86,186
0.5,0.786,2.0,0.002,3,0.2,fvg_only,24,8.3,2.71,5.62,0.48,1027.05,3,btc,4H,202,304
0.5,0.786,2.0,0.002,5,0.1,both,37,21.6,5.95,12.62,0.47,1059.53,8,btc,4H,86,186
0.382,0.618,1.272,0.005,3,0.2,both,121,33.9,5.64,11.94,0.47,1056.37,3,btc,4H,202,304
0.382,0.618,1.618,0.002,7,0.1,both,46,26.1,11.45,24.34,0.47,1114.51,8,btc,4H,86,186
0.5,0.786,2.0,0.002,7,0.2,both,104,20.2,10.9,23.3,0.47,1109.0,3,btc,4H,202,304
0.382,0.618,1.272,0.005,3,0.1,fvg_only,35,17.1,2.15,4.6,0.47,1021.51,3,btc,4H,202,304
0.5,0.786,2.0,0.002,7,0.1,fvg_only,24,8.3,3.07,6.52,0.47,1030.7,3,btc,4H,202,304
0.382,0.786,1.272,0.005,3,0.1,fvg_only,36,16.7,2.16,4.6,0.47,1021.65,3,btc,4H,202,304
0.382,0.786,1.272,0.005,5,0.1,both,131,31.3,5.3,11.55,0.46,1053.02,3,btc,4H,202,304
0.5,0.786,2.0,0.002,3,0.2,both,37,21.6,6.87,14.97,0.46,1068.72,8,btc,4H,86,186
0.382,0.618,1.272,0.002,3,0.1,ob_only,37,35.1,4.71,10.23,0.46,1047.13,8,btc,4H,86,186
0.382,0.786,1.272,0.002,3,0.1,both,132,25.8,3.4,7.36,0.46,1034.05,3,btc,4H,202,304
0.5,0.786,2.0,0.002,7,0.1,both,37,21.6,7.7,17.26,0.45,1077.0,8,btc,4H,86,186
0.382,0.618,1.618,0.005,5,0.1,ob_only,37,32.4,8.02,17.89,0.45,1080.18,8,btc,4H,86,186
0.5,0.786,2.0,0.002,3,0.1,fvg_only,24,8.3,0.97,2.17,0.45,1009.71,8,btc,4H,86,186
0.5,0.786,2.0,0.002,5,0.2,fvg_only,24,8.3,4.02,9.2,0.44,1040.23,3,btc,4H,202,304
0.382,0.786,2.0,0.002,3,0.1,ob_only,106,21.7,2.73,6.24,0.44,1027.31,3,btc,4H,202,304
0.382,0.618,1.618,0.002,5,0.2,ob_only,37,29.7,14.13,32.11,0.44,1141.25,8,btc,4H,86,186
0.382,0.786,1.272,0.005,5,0.1,fvg_only,36,16.7,3.32,7.57,0.44,1033.17,3,btc,4H,202,304
0.382,0.618,1.272,0.002,5,0.1,both,123,28.5,4.94,11.33,0.44,1049.43,3,btc,4H,202,304
0.382,0.618,1.272,0.002,5,0.1,ob_only,37,35.1,7.32,16.56,0.44,1073.15,8,btc,4H,86,186
0.382,0.618,1.272,0.005,5,0.1,fvg_only,35,17.1,3.29,7.57,0.44,1032.92,3,btc,4H,202,304
0.382,0.618,1.272,0.005,7,0.1,both,121,33.9,6.06,13.8,0.44,1060.58,3,btc,4H,202,304
0.5,0.786,2.0,0.005,5,0.1,both,37,24.3,5.07,11.39,0.44,1050.66,8,btc,4H,86,186
0.5,0.786,2.0,0.005,3,0.2,both,37,24.3,5.78,13.55,0.43,1057.77,8,btc,4H,86,186
0.382,0.618,1.272,0.002,3,0.2,ob_only,37,35.1,8.45,19.58,0.43,1084.46,8,btc,4H,86,186
0.382,0.786,1.618,0.005,5,0.2,both,49,28.6,13.39,31.44,0.43,1133.91,8,btc,4H,86,186
0.382,0.786,1.272,0.005,3,0.2,both,131,31.3,5.91,13.8,0.43,1059.12,3,btc,4H,202,304
0.382,0.786,1.618,0.002,3,0.1,both,49,24.5,4.69,11.01,0.43,1046.87,8,btc,4H,86,186
0.382,0.618,1.618,0.005,3,0.2,ob_only,37,32.4,9.15,21.19,0.43,1091.52,8,btc,4H,86,186
0.382,0.618,1.618,0.005,3,0.1,both,46,28.3,4.54,10.6,0.43,1045.35,8,btc,4H,86,186
0.382,0.618,1.618,0.002,5,0.2,both,46,26.1,14.06,33.14,0.42,1140.55,8,btc,4H,86,186
0.382,0.786,1.272,0.005,3,0.2,fvg_only,36,16.7,3.81,9.02,0.42,1038.08,3,btc,4H,202,304
0.5,0.786,2.0,0.005,3,0.1,both,103,24.3,2.29,5.49,0.42,1022.88,3,btc,4H,202,304
0.382,0.618,1.272,0.002,7,0.1,ob_only,37,35.1,9.46,22.52,0.42,1094.6,8,btc,4H,86,186
0.5,0.786,2.0,0.002,5,0.1,fvg_only,24,8.3,1.5,3.59,0.42,1014.97,8,btc,4H,86,186
0.382,0.618,1.272,0.005,3,0.2,fvg_only,35,17.1,3.78,9.02,0.42,1037.78,3,btc,4H,202,304
0.382,0.786,1.272,0.005,7,0.1,fvg_only,36,16.7,4.24,10.44,0.41,1042.45,3,btc,4H,202,304
0.5,0.786,2.0,0.005,7,0.1,both,37,24.3,6.39,15.66,0.41,1063.87,8,btc,4H,86,186
0.382,0.786,1.272,0.002,5,0.1,both,132,25.8,5.0,12.14,0.41,1050.0,3,btc,4H,202,304
0.382,0.618,1.618,0.005,7,0.1,ob_only,37,32.4,10.12,24.41,0.41,1101.24,8,btc,4H,86,186
0.382,0.618,1.618,0.005,5,0.2,both,116,27.6,12.24,29.81,0.41,1122.35,3,btc,4H,202,304
0.382,0.618,1.272,0.002,3,0.2,both,123,28.5,5.52,13.49,0.41,1055.24,3,btc,4H,202,304
0.382,0.618,1.272,0.005,7,0.1,fvg_only,35,17.1,4.21,10.44,0.4,1042.09,3,btc,4H,202,304
0.5,0.786,2.0,0.002,3,0.2,fvg_only,24,8.3,1.72,4.29,0.4,1017.25,8,btc,4H,86,186
0.5,0.786,2.0,0.002,5,0.2,both,37,21.6,9.62,23.82,0.4,1096.23,8,btc,4H,86,186
0.382,0.618,1.618,0.002,7,0.2,both,117,23.1,16.81,42.09,0.4,1168.08,3,btc,4H,202,304
0.382,0.786,1.618,0.002,5,0.1,both,49,24.5,7.07,17.77,0.4,1070.69,8,btc,4H,86,186
0.382,0.786,1.272,0.005,7,0.1,both,131,31.3,6.37,16.03,0.4,1063.7,3,btc,4H,202,304
0.382,0.618,1.618,0.005,5,0.1,both,46,28.3,6.74,17.16,0.39,1067.43,8,btc,4H,86,186
0.5,0.786,2.0,0.002,7,0.1,fvg_only,24,8.3,1.93,4.99,0.39,1019.29,8,btc,4H,86,186
0.382,0.786,1.618,0.002,3,0.1,ob_only,39,28.2,4.12,10.44,0.39,1041.19,8,btc,4H,86,186
0.5,0.786,2.0,0.002,7,0.2,fvg_only,24,8.3,4.97,12.66,0.39,1049.7,3,btc,4H,202,304
0.382,0.786,1.272,0.002,3,0.2,both,132,25.8,5.59,14.48,0.39,1055.93,3,btc,4H,202,304
0.382,0.786,1.618,0.002,3,0.2,both,49,24.5,8.03,20.99,0.38,1080.31,8,btc,4H,86,186
0.382,0.618,1.272,0.002,7,0.1,both,123,28.5,5.97,15.67,0.38,1059.69,3,btc,4H,202,304
0.382,0.786,2.0,0.002,5,0.1,ob_only,106,21.7,3.88,10.21,0.38,1038.85,3,btc,4H,202,304
0.382,0.618,1.272,0.005,3,0.1,ob_only,37,37.8,4.08,10.6,0.38,1040.77,8,btc,4H,86,186
0.382,0.618,1.272,0.002,5,0.2,ob_only,37,35.1,11.79,30.79,0.38,1117.86,8,btc,4H,86,186
0.382,0.786,1.618,0.002,7,0.1,both,49,24.5,8.84,24.1,0.37,1088.39,8,btc,4H,86,186
0.382,0.618,1.618,0.005,3,0.2,both,46,28.3,7.6,20.3,0.37,1075.95,8,btc,4H,86,186
0.382,0.786,1.272,0.002,7,0.1,both,132,25.8,6.05,16.79,0.36,1060.49,3,btc,4H,202,304
0.382,0.618,1.272,0.005,5,0.1,ob_only,37,37.8,6.2,17.14,0.36,1061.99,8,btc,4H,86,186
0.382,0.786,1.272,0.005,5,0.2,fvg_only,36,16.7,5.24,14.61,0.36,1052.38,3,btc,4H,202,304
0.382,0.786,1.618,0.002,5,0.1,ob_only,39,28.2,6.12,16.9,0.36,1061.17,8,btc,4H,86,186
0.382,0.618,1.618,0.002,7,0.2,ob_only,37,29.7,15.5,42.48,0.36,1155.02,8,btc,4H,86,186
0.382,0.618,1.618,0.005,5,0.2,ob_only,37,32.4,12.05,33.54,0.36,1120.54,8,btc,4H,86,186
0.5,0.786,2.0,0.005,5,0.1,both,103,24.3,3.28,9.0,0.36,1032.8,3,btc,4H,202,304
0.382,0.618,1.272,0.005,5,0.2,fvg_only,35,17.1,5.18,14.61,0.35,1051.85,3,btc,4H,202,304
0.382,0.618,1.618,0.002,7,0.2,both,46,26.1,15.29,43.54,0.35,1152.92,8,btc,4H,86,186
0.382,0.618,1.618,0.005,7,0.1,both,46,28.3,8.28,23.35,0.35,1082.79,8,btc,4H,86,186
0.382,0.786,2.0,0.002,3,0.2,ob_only,106,21.7,4.26,12.14,0.35,1042.59,3,btc,4H,202,304
0.382,0.618,1.272,0.005,3,0.2,ob_only,37,37.8,7.07,20.25,0.35,1070.75,8,btc,4H,86,186
0.5,0.786,2.0,0.005,5,0.2,both,37,24.3,7.61,21.76,0.35,1076.05,8,btc,4H,86,186
0.5,0.786,2.0,0.005,3,0.2,both,103,24.3,3.61,10.71,0.34,1036.14,3,btc,4H,202,304
0.382,0.786,1.618,0.002,3,0.2,ob_only,39,28.2,6.89,19.98,0.34,1068.88,8,btc,4H,86,186
0.382,0.786,1.272,0.002,3,0.1,ob_only,39,33.3,3.39,10.04,0.34,1033.89,8,btc,4H,86,186
0.5,0.786,2.0,0.002,7,0.2,both,37,21.6,10.89,31.85,0.34,1108.89,8,btc,4H,86,186
0.382,0.786,1.618,0.005,7,0.2,both,49,28.6,14.11,41.59,0.34,1141.13,8,btc,4H,86,186
0.382,0.618,1.272,0.005,7,0.1,ob_only,37,37.8,7.82,23.27,0.34,1078.25,8,btc,4H,86,186
0.5,0.786,2.0,0.002,5,0.2,fvg_only,24,8.3,2.4,7.06,0.34,1024.04,8,btc,4H,86,186
0.382,0.618,1.272,0.005,5,0.2,both,121,33.9,6.43,19.47,0.33,1064.35,3,btc,4H,202,304
0.382,0.786,1.618,0.002,7,0.1,ob_only,39,28.2,7.51,22.97,0.33,1075.07,8,btc,4H,86,186
0.382,0.618,1.272,0.002,7,0.2,ob_only,37,35.1,13.18,40.67,0.32,1131.79,8,btc,4H,86,186
0.382,0.786,2.0,0.002,7,0.1,ob_only,106,21.7,4.5,14.03,0.32,1044.98,3,btc,4H,202,304
0.382,0.786,1.618,0.005,3,0.1,ob_only,39,30.8,3.44,10.7,0.32,1034.41,8,btc,4H,86,186
0.5,0.786,2.0,0.005,7,0.1,both,103,24.3,3.84,12.39,0.31,1038.41,3,btc,4H,202,304
0.382,0.786,1.272,0.002,5,0.1,ob_only,39,33.3,5.08,16.27,0.31,1050.79,8,btc,4H,86,186
0.382,0.786,1.618,0.002,5,0.2,both,49,24.5,10.34,32.83,0.31,1103.4,8,btc,4H,86,186
0.382,0.786,1.272,0.005,5,0.2,both,131,31.3,6.84,22.54,0.3,1068.36,3,btc,4H,202,304
0.382,0.786,1.272,0.002,3,0.2,ob_only,39,33.3,5.75,19.24,0.3,1057.49,8,btc,4H,86,186
0.382,0.618,1.272,0.005,5,0.2,ob_only,37,37.8,9.31,31.77,0.29,1093.07,8,btc,4H,86,186
0.382,0.786,1.272,0.005,7,0.2,fvg_only,36,16.7,5.86,19.93,0.29,1058.63,3,btc,4H,202,304
0.382,0.618,1.272,0.005,7,0.2,fvg_only,35,17.1,5.78,19.93,0.29,1057.85,3,btc,4H,202,304
0.382,0.618,1.618,0.005,5,0.2,both,46,28.3,9.32,31.94,0.29,1093.19,8,btc,4H,86,186
0.382,0.618,1.272,0.002,5,0.2,both,123,28.5,6.49,22.05,0.29,1064.9,3,btc,4H,202,304
0.382,0.618,1.618,0.005,7,0.2,both,116,27.6,11.74,40.07,0.29,1117.37,3,btc,4H,202,304
0.382,0.786,1.618,0.005,5,0.1,ob_only,39,30.8,4.93,17.43,0.28,1049.29,8,btc,4H,86,186
0.382,0.786,1.272,0.002,5,0.2,both,132,25.8,6.6,23.52,0.28,1066.02,3,btc,4H,202,304
0.382,0.618,1.618,0.005,7,0.2,ob_only,37,32.4,12.35,44.48,0.28,1123.45,8,btc,4H,86,186
0.382,0.786,1.272,0.002,7,0.1,ob_only,39,33.3,6.3,22.13,0.28,1063.01,8,btc,4H,86,186
0.5,0.786,2.0,0.002,7,0.2,fvg_only,24,8.3,2.73,9.75,0.28,1027.27,8,btc,4H,86,186
0.382,0.786,1.618,0.002,5,0.2,ob_only,39,28.2,8.46,31.4,0.27,1084.58,8,btc,4H,86,186
0.5,0.786,2.0,0.005,7,0.2,both,37,24.3,7.83,29.36,0.27,1078.28,8,btc,4H,86,186
0.382,0.786,1.618,0.005,3,0.2,ob_only,39,30.8,5.43,20.67,0.26,1054.31,8,btc,4H,86,186
0.382,0.786,1.272,0.005,3,0.1,ob_only,39,35.9,2.58,10.41,0.25,1025.76,8,btc,4H,86,186
0.382,0.618,1.272,0.002,3,0.1,both,46,30.4,2.43,10.23,0.24,1024.27,8,btc,4H,86,186
0.382,0.786,2.0,0.005,3,0.1,fvg_only,34,14.7,1.04,4.26,0.24,1010.41,8,btc,4H,86,186
0.382,0.786,1.618,0.005,7,0.1,ob_only,39,30.8,5.77,23.83,0.24,1057.72,8,btc,4H,86,186
0.382,0.786,1.618,0.002,7,0.2,both,49,24.5,10.22,43.17,0.24,1102.21,8,btc,4H,86,186
0.382,0.786,1.272,0.002,5,0.2,ob_only,39,33.3,7.25,30.3,0.24,1072.52,8,btc,4H,86,186
0.382,0.618,1.272,0.005,7,0.2,ob_only,37,37.8,9.49,41.89,0.23,1094.91,8,btc,4H,86,186
0.382,0.786,2.0,0.002,5,0.2,ob_only,106,21.7,4.41,19.48,0.23,1044.12,3,btc,4H,202,304
0.5,0.786,2.0,0.005,5,0.2,both,103,24.3,3.88,17.28,0.22,1038.8,3,btc,4H,202,304
0.382,0.786,1.272,0.005,5,0.1,ob_only,39,35.9,3.67,16.85,0.22,1036.74,8,btc,4H,86,186
0.382,0.786,1.618,0.005,3,0.1,ob_only,69,29.0,2.18,10.02,0.22,1021.78,5,btc,4H,139,237
0.382,0.618,1.272,0.002,5,0.1,both,46,30.4,3.44,16.56,0.21,1034.42,8,btc,4H,86,186
0.382,0.786,2.0,0.005,5,0.1,fvg_only,34,14.7,1.48,7.06,0.21,1014.85,8,btc,4H,86,186
0.382,0.786,1.272,0.005,3,0.2,ob_only,39,35.9,4.04,19.92,0.2,1040.36,8,btc,4H,86,186
0.382,0.618,1.618,0.005,7,0.2,both,46,28.3,8.41,42.2,0.2,1084.07,8,btc,4H,86,186
0.382,0.786,1.618,0.002,7,0.2,ob_only,39,28.2,7.68,41.46,0.19,1076.81,8,btc,4H,86,186
0.382,0.786,1.272,0.005,7,0.1,ob_only,39,35.9,4.27,22.9,0.19,1042.73,8,btc,4H,86,186
0.382,0.786,2.0,0.005,3,0.2,fvg_only,34,14.7,1.63,8.45,0.19,1016.32,8,btc,4H,86,186
0.382,0.618,1.272,0.002,3,0.2,both,46,30.4,3.77,19.58,0.19,1037.67,8,btc,4H,86,186
0.382,0.786,1.272,0.005,3,0.1,both,49,32.7,2.02,10.41,0.19,1020.23,8,btc,4H,86,186
0.382,0.786,2.0,0.005,7,0.1,fvg_only,34,14.7,1.73,9.84,0.18,1017.31,8,btc,4H,86,186
0.382,0.618,1.618,0.002,3,0.1,ob_only,65,26.2,1.96,10.79,0.18,1019.62,5,btc,4H,139,237
0.382,0.618,1.272,0.002,7,0.2,both,123,28.5,5.35,30.19,0.18,1053.5,3,btc,4H,202,304
0.382,0.618,1.272,0.005,7,0.2,both,121,33.9,4.93,26.97,0.18,1049.31,3,btc,4H,202,304
0.382,0.786,1.618,0.002,3,0.1,ob_only,70,24.3,1.92,10.8,0.18,1019.23,5,btc,4H,139,237
0.382,0.786,1.272,0.005,7,0.2,both,131,31.3,5.4,30.83,0.18,1054.03,3,btc,4H,202,304
0.382,0.786,1.618,0.005,5,0.2,ob_only,39,30.8,5.85,32.81,0.18,1058.5,8,btc,4H,86,186
0.382,0.618,1.272,0.002,7,0.1,both,46,30.4,3.97,22.52,0.18,1039.71,8,btc,4H,86,186
0.382,0.786,1.272,0.002,3,0.1,both,49,28.6,1.66,10.04,0.17,1016.64,8,btc,4H,86,186
0.382,0.786,1.272,0.002,7,0.2,both,132,25.8,5.5,32.0,0.17,1055.01,3,btc,4H,202,304
0.382,0.786,1.618,0.005,5,0.1,ob_only,69,29.0,2.87,16.41,0.17,1028.71,5,btc,4H,139,237
0.382,0.786,1.272,0.002,7,0.2,ob_only,39,33.3,6.89,40.08,0.17,1068.91,8,btc,4H,86,186
0.382,0.786,1.272,0.005,5,0.1,both,49,32.7,2.73,16.93,0.16,1027.33,8,btc,4H,86,186
0.382,0.618,1.618,0.002,3,0.1,both,75,24.0,2.03,12.42,0.16,1020.35,5,btc,4H,139,237
0.382,0.618,1.618,0.002,5,0.1,ob_only,65,26.2,2.57,17.58,0.15,1025.74,5,btc,4H,139,237
0.382,0.786,1.618,0.005,3,0.1,both,80,27.5,1.68,11.14,0.15,1016.81,5,btc,4H,139,237
0.382,0.786,1.618,0.005,3,0.2,ob_only,69,29.0,2.99,19.52,0.15,1029.92,5,btc,4H,139,237
0.382,0.786,1.618,0.002,5,0.1,ob_only,70,24.3,2.49,17.59,0.14,1024.9,5,btc,4H,139,237
0.382,0.786,2.0,0.005,3,0.1,ob_only,105,24.8,0.88,6.41,0.14,1008.83,3,btc,4H,202,304
0.382,0.786,1.272,0.005,5,0.2,ob_only,39,35.9,4.24,31.29,0.14,1042.45,8,btc,4H,86,186
0.382,0.786,1.272,0.005,3,0.2,both,49,32.7,2.9,20.08,0.14,1028.95,8,btc,4H,86,186
0.382,0.618,1.272,0.002,5,0.2,both,46,30.4,3.87,30.79,0.13,1038.66,8,btc,4H,86,186
0.382,0.618,1.618,0.002,3,0.2,ob_only,65,26.2,2.67,20.85,0.13,1026.74,5,btc,4H,139,237
0.382,0.618,1.618,0.002,5,0.1,both,75,24.0,2.65,20.08,0.13,1026.47,5,btc,4H,139,237
0.382,0.786,1.272,0.002,5,0.1,both,49,28.6,2.18,16.27,0.13,1021.78,8,btc,4H,86,186
0.382,0.786,1.618,0.005,7,0.1,ob_only,69,29.0,2.97,22.56,0.13,1029.65,5,btc,4H,139,237
0.382,0.786,1.272,0.005,7,0.1,both,49,32.7,2.93,23.15,0.13,1029.32,8,btc,4H,86,186
0.382,0.786,2.0,0.005,5,0.2,fvg_only,34,14.7,1.74,13.94,0.12,1017.39,8,btc,4H,86,186
0.382,0.786,1.618,0.002,3,0.2,ob_only,70,24.3,2.56,20.85,0.12,1025.62,5,btc,4H,139,237
0.382,0.618,1.618,0.002,3,0.2,both,75,24.0,2.73,23.72,0.12,1027.33,5,btc,4H,139,237
0.382,0.786,1.272,0.002,3,0.2,both,49,28.6,2.26,19.24,0.12,1022.59,8,btc,4H,86,186
0.5,0.786,2.0,0.005,7,0.2,both,103,24.3,2.48,23.42,0.11,1024.84,3,btc,4H,202,304
0.382,0.618,1.618,0.002,7,0.1,ob_only,65,26.2,2.64,24.03,0.11,1026.4,5,btc,4H,139,237
0.382,0.786,1.618,0.005,5,0.1,both,80,27.5,1.99,18.11,0.11,1019.89,5,btc,4H,139,237
0.382,0.786,1.272,0.002,7,0.1,both,49,28.6,2.22,22.13,0.1,1022.24,8,btc,4H,86,186
0.382,0.618,1.272,0.005,3,0.1,both,46,32.6,1.08,10.6,0.1,1010.78,8,btc,4H,86,186
0.382,0.618,1.618,0.002,7,0.1,both,75,24.0,2.68,27.24,0.1,1026.75,5,btc,4H,139,237
0.382,0.786,1.618,0.002,7,0.1,ob_only,70,24.3,2.5,24.04,0.1,1024.97,5,btc,4H,139,237
0.382,0.786,2.0,0.002,3,0.1,both,46,23.9,1.08,10.69,0.1,1010.76,8,btc,4H,86,186
0.382,0.786,2.0,0.002,7,0.2,ob_only,106,21.7,2.49,26.27,0.09,1024.93,3,btc,4H,202,304
0.382,0.786,1.618,0.005,7,0.2,ob_only,39,30.8,3.86,43.63,0.09,1038.57,8,btc,4H,86,186
0.382,0.786,1.618,0.005,3,0.2,both,80,27.5,1.9,21.47,0.09,1019.05,5,btc,4H,139,237
0.382,0.618,2.0,0.005,3,0.1,fvg_only,34,14.7,0.39,4.8,0.08,1003.87,8,btc,4H,86,186
0.382,0.618,1.272,0.005,5,0.1,both,46,32.6,1.15,17.19,0.07,1011.48,8,btc,4H,86,186
0.382,0.786,1.272,0.005,5,0.2,both,49,32.7,2.29,31.88,0.07,1022.93,8,btc,4H,86,186
0.382,0.786,2.0,0.005,5,0.1,ob_only,105,24.8,0.72,10.52,0.07,1007.2,3,btc,4H,202,304
0.382,0.786,1.618,0.005,7,0.1,both,80,27.5,1.66,24.73,0.07,1016.64,5,btc,4H,139,237
0.382,0.786,1.272,0.005,7,0.2,ob_only,39,35.9,2.54,41.31,0.06,1025.38,8,btc,4H,86,186
0.382,0.786,1.618,0.005,5,0.2,ob_only,69,29.0,2.02,31.3,0.06,1020.23,5,btc,4H,139,237
0.382,0.786,2.0,0.005,7,0.2,fvg_only,34,14.7,1.1,19.27,0.06,1011.05,8,btc,4H,86,186
0.382,0.618,1.618,0.005,3,0.1,ob_only,65,29.2,0.75,11.94,0.06,1007.47,5,btc,4H,139,237
0.382,0.786,2.0,0.002,5,0.1,both,46,23.9,1.08,17.29,0.06,1010.8,8,btc,4H,86,186
0.5,0.786,1.618,0.002,3,0.1,fvg_only,24,8.3,0.18,2.85,0.06,1001.83,3,btc,4H,202,304
0.5,0.786,2.0,0.005,3,0.1,ob_only,64,23.4,0.36,7.65,0.05,1003.61,5,btc,4H,139,237
0.382,0.786,1.272,0.002,5,0.2,both,49,28.6,1.44,30.3,0.05,1014.37,8,btc,4H,86,186
0.382,0.618,2.0,0.005,5,0.1,fvg_only,34,14.7,0.39,7.95,0.05,1003.86,8,btc,4H,86,186
0.5,0.786,1.618,0.002,5,0.1,fvg_only,24,8.3,0.21,4.7,0.05,1002.14,3,btc,4H,202,304
0.382,0.618,1.618,0.002,5,0.2,ob_only,65,26.2,1.75,33.07,0.05,1017.53,5,btc,4H,139,237
0.382,0.786,1.618,0.002,5,0.2,ob_only,70,24.3,1.5,33.07,0.05,1014.99,5,btc,4H,139,237
0.382,0.618,1.272,0.005,3,0.2,both,46,32.6,0.99,20.37,0.05,1009.92,8,btc,4H,86,186
0.382,0.618,1.272,0.002,7,0.2,both,46,30.4,2.11,40.67,0.05,1021.11,8,btc,4H,86,186
0.382,0.786,2.0,0.002,3,0.2,both,46,23.9,0.87,20.43,0.04,1008.72,8,btc,4H,86,186
0.382,0.618,1.618,0.002,5,0.2,both,75,24.0,1.66,37.09,0.04,1016.63,5,btc,4H,139,237
0.5,0.786,1.618,0.002,3,0.2,fvg_only,24,8.3,0.2,5.62,0.04,1002.03,3,btc,4H,202,304
0.382,0.618,1.618,0.005,5,0.1,ob_only,65,29.2,0.5,19.33,0.03,1005.02,5,btc,4H,139,237
0.382,0.618,1.272,0.005,7,0.1,both,46,32.6,0.71,23.48,0.03,1007.12,8,btc,4H,86,186
0.382,0.786,2.0,0.005,3,0.2,ob_only,105,24.8,0.42,12.53,0.03,1004.18,3,btc,4H,202,304
0.5,0.786,1.618,0.002,7,0.1,fvg_only,24,8.3,0.17,6.52,0.03,1001.74,3,btc,4H,202,304
0.382,0.618,2.0,0.005,3,0.2,fvg_only,34,14.7,0.31,9.5,0.03,1003.1,8,btc,4H,86,186
0.382,0.618,2.0,0.005,7,0.1,fvg_only,34,14.7,0.19,11.04,0.02,1001.86,8,btc,4H,86,186
0.382,0.786,2.0,0.002,7,0.1,both,46,23.9,0.53,23.48,0.02,1005.27,8,btc,4H,86,186
0.5,0.786,2.0,0.005,5,0.1,ob_only,64,23.4,0.09,12.55,0.01,1000.9,5,btc,4H,139,237
0.382,0.618,1.618,0.005,3,0.2,ob_only,65,29.2,0.16,22.86,0.01,1001.64,5,btc,4H,139,237
0.382,0.786,2.0,0.005,3,0.1,both,46,26.1,0.14,10.41,0.01,1001.35,8,btc,4H,86,186
0.382,0.786,2.0,0.002,3,0.1,ob_only,38,26.3,0.1,10.12,0.01,1001.04,8,btc,4H,86,186
0.382,0.618,1.618,0.005,3,0.1,both,75,26.7,0.01,13.93,0.0,1000.09,5,btc,4H,139,237
0.382,0.786,2.0,0.005,7,0.1,ob_only,105,24.8,-0.03,14.51,-0.0,999.72,3,btc,4H,202,304
0.5,0.786,1.618,0.002,5,0.2,fvg_only,24,8.3,-0.01,9.2,-0.0,999.87,3,btc,4H,202,304
0.382,0.786,1.618,0.005,5,0.2,both,80,27.5,0.04,33.97,0.0,1000.44,5,btc,4H,139,237
0.382,0.618,2.0,0.002,3,0.1,ob_only,101,21.8,0.01,6.64,0.0,1000.09,3,btc,4H,202,304
0.382,0.618,1.618,0.005,7,0.1,ob_only,65,29.2,-0.31,26.27,-0.01,996.88,5,btc,4H,139,237
0.5,0.786,2.0,0.005,3,0.2,ob_only,64,23.4,-0.2,14.94,-0.01,998.04,5,btc,4H,139,237
0.382,0.786,1.272,0.005,7,0.2,both,49,32.7,-0.22,42.43,-0.01,997.82,8,btc,4H,86,186
0.382,0.786,2.0,0.005,3,0.1,ob_only,38,28.9,-0.2,10.41,-0.02,997.97,8,btc,4H,86,186
0.382,0.786,2.0,0.002,3,0.1,both,117,19.7,-0.14,6.68,-0.02,998.65,3,btc,4H,202,304
0.382,0.618,2.0,0.005,5,0.2,fvg_only,34,14.7,-0.48,15.58,-0.03,995.25,8,btc,4H,86,186
0.382,0.786,1.618,0.005,7,0.2,ob_only,69,29.0,-1.12,41.98,-0.03,988.84,5,btc,4H,139,237
0.382,0.786,1.272,0.002,7,0.2,both,49,28.6,-1.12,40.08,-0.03,988.83,8,btc,4H,86,186
0.382,0.786,1.272,0.002,3,0.1,ob_only,71,26.8,-0.27,9.5,-0.03,997.35,5,btc,4H,139,237
0.382,0.618,1.618,0.002,7,0.2,both,75,24.0,-1.5,48.62,-0.03,984.95,5,btc,4H,139,237
0.5,0.786,2.0,0.005,7,0.1,ob_only,64,23.4,-0.58,17.29,-0.03,994.22,5,btc,4H,139,237
0.382,0.618,1.272,0.005,5,0.2,both,46,32.6,-0.85,32.29,-0.03,991.46,8,btc,4H,86,186
0.382,0.786,2.0,0.005,5,0.1,both,46,26.1,-0.53,16.85,-0.03,994.71,8,btc,4H,86,186
0.382,0.618,1.618,0.002,7,0.2,ob_only,65,26.2,-1.14,43.95,-0.03,988.62,5,btc,4H,139,237
0.382,0.618,1.618,0.005,5,0.1,both,75,26.7,-0.77,22.34,-0.03,992.27,5,btc,4H,139,237
0.382,0.786,2.0,0.002,5,0.1,ob_only,38,26.3,-0.49,16.41,-0.03,995.15,8,btc,4H,86,186
0.382,0.786,2.0,0.002,5,0.2,both,46,23.9,-1.29,32.06,-0.04,987.06,8,btc,4H,86,186
0.5,0.786,1.618,0.002,7,0.2,fvg_only,24,8.3,-0.49,12.66,-0.04,995.1,3,btc,4H,202,304
0.382,0.786,1.618,0.002,7,0.2,ob_only,70,24.3,-1.57,43.94,-0.04,984.3,5,btc,4H,139,237
0.382,0.786,2.0,0.005,3,0.2,both,46,26.1,-1.08,19.92,-0.05,989.22,8,btc,4H,86,186
0.382,0.786,2.0,0.002,3,0.2,ob_only,38,26.3,-0.97,19.42,-0.05,990.3,8,btc,4H,86,186
0.382,0.618,1.618,0.005,3,0.2,both,75,26.7,-1.39,26.31,-0.05,986.12,5,btc,4H,139,237
0.382,0.786,1.272,0.002,5,0.1,ob_only,71,26.8,-0.99,15.52,-0.06,990.08,5,btc,4H,139,237
0.382,0.618,2.0,0.002,5,0.1,ob_only,101,21.8,-0.67,10.85,-0.06,993.27,3,btc,4H,202,304
0.382,0.786,2.0,0.005,5,0.1,ob_only,38,28.9,-1.04,16.85,-0.06,989.64,8,btc,4H,86,186
0.382,0.618,1.618,0.005,7,0.1,both,75,26.7,-2.15,30.11,-0.07,978.54,5,btc,4H,139,237
0.382,0.618,1.618,0.005,5,0.2,ob_only,65,29.2,-2.53,35.86,-0.07,974.69,5,btc,4H,139,237
0.382,0.786,2.0,0.002,7,0.1,ob_only,38,26.3,-1.58,22.34,-0.07,984.24,8,btc,4H,86,186
0.382,0.786,2.0,0.002,5,0.1,both,117,19.7,-0.91,10.91,-0.08,990.88,3,btc,4H,202,304
0.382,0.786,1.272,0.002,3,0.2,ob_only,71,26.8,-1.51,18.44,-0.08,984.86,5,btc,4H,139,237
0.382,0.786,2.0,0.005,7,0.1,both,46,26.1,-1.77,22.9,-0.08,982.33,8,btc,4H,86,186
0.382,0.618,2.0,0.002,3,0.1,both,44,22.7,-0.94,11.28,-0.08,990.57,8,btc,4H,86,186
0.382,0.786,2.0,0.005,3,0.2,ob_only,38,28.9,-1.65,19.92,-0.08,983.47,8,btc,4H,86,186
0.382,0.618,2.0,0.005,7,0.2,fvg_only,34,14.7,-1.99,21.44,-0.09,980.11,8,btc,4H,86,186
0.382,0.618,2.0,0.002,3,0.2,ob_only,101,21.8,-1.21,12.88,-0.09,987.88,3,btc,4H,202,304
0.382,0.786,1.618,0.005,7,0.2,both,80,27.5,-4.04,45.04,-0.09,959.58,5,btc,4H,139,237
0.5,0.786,2.0,0.005,5,0.2,ob_only,64,23.4,-2.28,24.27,-0.09,977.17,5,btc,4H,139,237
0.382,0.786,2.0,0.005,7,0.1,ob_only,38,28.9,-2.4,22.9,-0.1,976.03,8,btc,4H,86,186
0.382,0.786,1.272,0.002,7,0.1,ob_only,71,26.8,-2.14,21.3,-0.1,978.63,5,btc,4H,139,237
0.382,0.786,2.0,0.005,5,0.2,ob_only,105,24.8,-2.19,20.42,-0.11,978.1,3,btc,4H,202,304
0.382,0.618,1.272,0.005,7,0.2,both,46,32.6,-4.51,42.91,-0.11,954.89,8,btc,4H,86,186
0.382,0.618,2.0,0.002,3,0.1,ob_only,36,25.0,-1.18,10.87,-0.11,988.24,8,btc,4H,86,186
0.382,0.786,2.0,0.002,3,0.2,both,117,19.7,-1.5,12.96,-0.12,985.02,3,btc,4H,202,304
0.382,0.618,2.0,0.002,5,0.1,both,44,22.7,-2.26,18.2,-0.12,977.38,8,btc,4H,86,186
0.382,0.618,2.0,0.005,3,0.1,ob_only,36,27.8,-1.39,10.6,-0.13,986.1,8,btc,4H,86,186
0.382,0.618,1.618,0.005,5,0.2,both,75,26.7,-5.22,40.59,-0.13,947.79,5,btc,4H,139,237
0.382,0.786,2.0,0.002,7,0.2,both,46,23.9,-5.41,42.27,-0.13,945.87,8,btc,4H,86,186
0.382,0.618,2.0,0.002,7,0.1,ob_only,101,21.8,-1.88,14.88,-0.13,981.22,3,btc,4H,202,304
0.382,0.786,2.0,0.002,5,0.2,ob_only,38,26.3,-4.09,30.62,-0.13,959.1,8,btc,4H,86,186
0.382,0.786,1.272,0.005,3,0.1,ob_only,71,31.0,-1.28,10.2,-0.13,987.16,5,btc,4H,139,237
0.382,0.786,1.618,0.002,3,0.1,both,83,20.5,-1.81,13.43,-0.13,981.91,5,btc,4H,139,237
0.382,0.618,1.272,0.002,3,0.1,ob_only,66,28.8,-1.43,10.49,-0.14,985.65,5,btc,4H,139,237
0.5,0.786,1.272,0.005,3,0.1,ob_only,67,28.4,-0.82,5.93,-0.14,991.76,5,btc,4H,139,237
0.382,0.786,2.0,0.002,7,0.1,both,117,19.7,-2.21,14.96,-0.15,977.9,3,btc,4H,202,304
0.382,0.618,2.0,0.002,3,0.2,both,44,22.7,-3.12,21.49,-0.15,968.84,8,btc,4H,86,186
0.382,0.618,2.0,0.002,5,0.1,ob_only,36,25.0,-2.59,17.57,-0.15,974.06,8,btc,4H,86,186
0.382,0.786,2.0,0.005,5,0.2,both,46,26.1,-4.63,31.29,-0.15,953.72,8,btc,4H,86,186
0.382,0.618,1.618,0.005,7,0.2,ob_only,65,29.2,-7.15,47.17,-0.15,928.51,5,btc,4H,139,237
0.382,0.786,1.272,0.005,5,0.1,ob_only,71,31.0,-2.71,16.63,-0.16,972.9,5,btc,4H,139,237
0.382,0.786,1.272,0.002,5,0.2,ob_only,71,26.8,-4.59,29.48,-0.16,954.12,5,btc,4H,139,237
0.382,0.618,2.0,0.005,3,0.1,both,44,25.0,-1.77,10.6,-0.17,982.26,8,btc,4H,86,186
0.5,0.786,2.0,0.005,7,0.2,ob_only,64,23.4,-5.76,33.29,-0.17,942.45,5,btc,4H,139,237
0.382,0.618,2.0,0.002,7,0.1,both,44,22.7,-4.09,24.67,-0.17,959.06,8,btc,4H,86,186
0.382,0.786,2.0,0.005,5,0.2,ob_only,38,28.9,-5.35,31.29,-0.17,946.46,8,btc,4H,86,186
0.382,0.618,1.272,0.002,3,0.1,both,77,26.0,-2.08,12.26,-0.17,979.2,5,btc,4H,139,237
0.382,0.618,2.0,0.002,3,0.2,ob_only,36,25.0,-3.48,20.76,-0.17,965.2,8,btc,4H,86,186
0.382,0.618,2.0,0.005,5,0.1,ob_only,36,27.8,-2.99,17.14,-0.17,970.14,8,btc,4H,86,186
0.382,0.618,1.272,0.002,5,0.1,ob_only,66,28.8,-2.89,17.09,-0.17,971.08,5,btc,4H,139,237
0.382,0.786,1.618,0.002,5,0.1,both,83,20.5,-3.7,21.61,-0.17,963.01,5,btc,4H,139,237
0.382,0.618,2.0,0.005,3,0.1,ob_only,100,25.0,-1.29,7.59,-0.17,987.15,3,btc,4H,202,304
0.382,0.786,1.272,0.005,3,0.2,ob_only,71,31.0,-3.58,19.74,-0.18,964.15,5,btc,4H,139,237
0.5,0.786,1.272,0.005,5,0.1,ob_only,67,28.4,-1.74,9.88,-0.18,982.64,5,btc,4H,139,237
0.5,0.786,1.272,0.005,3,0.2,ob_only,67,28.4,-2.3,11.85,-0.19,977.04,5,btc,4H,139,237
0.382,0.786,1.618,0.002,3,0.2,both,83,20.5,-4.83,25.47,-0.19,951.7,5,btc,4H,139,237
0.382,0.618,2.0,0.002,7,0.1,ob_only,36,25.0,-4.48,23.85,-0.19,955.22,8,btc,4H,86,186
0.382,0.618,1.272,0.002,3,0.2,ob_only,66,28.8,-3.76,20.27,-0.19,962.39,5,btc,4H,139,237
0.382,0.786,1.272,0.005,7,0.1,ob_only,71,31.0,-4.56,22.77,-0.2,954.39,5,btc,4H,139,237
0.382,0.618,2.0,0.005,3,0.2,ob_only,36,27.8,-3.97,20.25,-0.2,960.29,8,btc,4H,86,186
0.382,0.618,1.272,0.002,7,0.1,ob_only,66,28.8,-4.72,23.37,-0.2,952.81,5,btc,4H,139,237
0.382,0.618,1.272,0.002,5,0.1,both,77,26.0,-3.98,19.81,-0.2,960.19,5,btc,4H,139,237
0.382,0.786,2.0,0.005,3,0.1,both,116,23.3,-1.39,6.69,-0.21,986.12,3,btc,4H,202,304
0.382,0.618,1.618,0.005,7,0.2,both,75,26.7,-10.95,52.56,-0.21,890.46,5,btc,4H,139,237
0.382,0.618,2.0,0.005,5,0.1,both,44,25.0,-3.67,17.14,-0.21,963.3,8,btc,4H,86,186
0.382,0.786,1.618,0.002,7,0.1,both,83,20.5,-6.08,29.19,-0.21,939.23,5,btc,4H,139,237
0.5,0.786,1.272,0.005,7,0.1,ob_only,67,28.4,-2.92,13.81,-0.21,970.76,5,btc,4H,139,237
0.382,0.618,1.272,0.002,3,0.2,both,77,26.0,-5.07,23.4,-0.22,949.27,5,btc,4H,139,237
0.382,0.786,2.0,0.002,7,0.2,ob_only,38,26.3,-8.89,40.54,-0.22,911.06,8,btc,4H,86,186
0.382,0.618,2.0,0.002,5,0.2,ob_only,101,21.8,-4.6,20.63,-0.22,954.01,3,btc,4H,202,304
0.382,0.618,2.0,0.005,7,0.1,ob_only,36,27.8,-5.07,23.27,-0.22,949.26,8,btc,4H,86,186
0.382,0.786,1.272,0.002,7,0.2,ob_only,71,26.8,-9.08,39.49,-0.23,909.22,5,btc,4H,139,237
0.382,0.618,1.272,0.002,7,0.1,both,77,26.0,-6.25,26.87,-0.23,937.46,5,btc,4H,139,237
0.382,0.618,2.0,0.005,5,0.1,ob_only,100,25.0,-2.87,12.46,-0.23,971.28,3,btc,4H,202,304
0.382,0.618,2.0,0.002,5,0.2,both,44,22.7,-7.71,33.57,-0.23,922.89,8,btc,4H,86,186
0.382,0.618,2.0,0.005,3,0.2,both,44,25.0,-4.81,20.25,-0.24,951.85,8,btc,4H,86,186
0.382,0.786,2.0,0.005,7,0.2,ob_only,105,24.8,-6.82,27.99,-0.24,931.76,3,btc,4H,202,304
0.382,0.786,2.0,0.002,5,0.2,both,117,19.7,-5.06,20.8,-0.24,949.36,3,btc,4H,202,304
0.382,0.786,2.0,0.005,7,0.2,both,46,26.1,-10.09,41.31,-0.24,899.12,8,btc,4H,86,186
0.5,0.786,1.272,0.002,3,0.1,ob_only,67,22.4,-1.4,5.79,-0.24,986.03,5,btc,4H,139,237
0.382,0.618,2.0,0.002,5,0.2,ob_only,36,25.0,-8.09,32.54,-0.25,919.07,8,btc,4H,86,186
0.382,0.618,1.272,0.002,5,0.2,ob_only,66,28.8,-8.09,32.19,-0.25,919.11,5,btc,4H,139,237
0.5,0.786,2.0,0.005,3,0.1,both,69,21.7,-2.8,11.16,-0.25,971.97,5,btc,4H,139,237
0.382,0.786,1.272,0.005,3,0.1,both,83,28.9,-2.91,11.8,-0.25,970.87,5,btc,4H,139,237
0.382,0.618,2.0,0.005,3,0.2,ob_only,100,25.0,-3.87,14.83,-0.26,961.3,3,btc,4H,202,304
0.382,0.786,1.272,0.005,5,0.2,ob_only,71,31.0,-8.06,31.41,-0.26,919.41,5,btc,4H,139,237
0.382,0.786,1.618,0.002,5,0.2,both,83,20.5,-10.44,39.49,-0.26,895.59,5,btc,4H,139,237
0.382,0.618,2.0,0.005,7,0.1,both,44,25.0,-6.08,23.27,-0.26,939.17,8,btc,4H,86,186
0.382,0.618,1.272,0.005,3,0.1,ob_only,66,31.8,-2.98,11.35,-0.26,970.21,5,btc,4H,139,237
0.382,0.786,2.0,0.005,7,0.2,ob_only,38,28.9,-10.79,41.31,-0.26,892.08,8,btc,4H,86,186
0.5,0.786,1.272,0.005,5,0.2,ob_only,67,28.4,-5.19,19.64,-0.26,948.05,5,btc,4H,139,237
0.5,0.786,1.272,0.002,5,0.1,ob_only,67,22.4,-2.64,9.63,-0.27,973.62,5,btc,4H,139,237
0.382,0.618,2.0,0.005,5,0.2,ob_only,36,27.8,-9.03,31.77,-0.28,909.68,8,btc,4H,86,186
0.382,0.786,2.0,0.005,5,0.1,both,116,23.3,-3.05,11.04,-0.28,969.51,3,btc,4H,202,304
0.382,0.618,1.272,0.002,5,0.2,both,77,26.0,-10.28,36.58,-0.28,897.16,5,btc,4H,139,237
0.382,0.786,1.272,0.005,5,0.1,both,83,28.9,-5.41,19.11,-0.28,945.92,5,btc,4H,139,237
0.5,0.786,2.0,0.005,5,0.1,both,69,21.7,-5.08,17.98,-0.28,949.23,5,btc,4H,139,237
0.5,0.786,1.272,0.002,3,0.2,ob_only,67,22.4,-3.35,11.55,-0.29,966.54,5,btc,4H,139,237
0.382,0.618,2.0,0.005,7,0.1,ob_only,100,25.0,-5.0,17.17,-0.29,950.03,3,btc,4H,202,304
0.5,0.786,1.618,0.005,3,0.1,ob_only,65,24.6,-2.96,10.27,-0.29,970.38,5,btc,4H,139,237
0.5,0.786,2.0,0.005,3,0.2,both,69,21.7,-6.32,21.21,-0.3,936.76,5,btc,4H,139,237
0.382,0.618,1.272,0.005,5,0.1,ob_only,66,31.8,-5.45,18.43,-0.3,945.5,5,btc,4H,139,237
0.382,0.786,1.272,0.005,3,0.2,both,83,28.9,-6.8,22.6,-0.3,931.95,5,btc,4H,139,237
0.382,0.618,2.0,0.002,3,0.1,both,111,19.8,-2.1,6.95,-0.3,979.01,3,btc,4H,202,304
0.5,0.786,2.0,0.005,3,0.1,fvg_only,24,8.3,-1.0,3.39,-0.3,989.97,8,btc,4H,86,186
0.5,0.786,2.0,0.005,7,0.1,both,69,21.7,-7.64,24.33,-0.31,923.62,5,btc,4H,139,237
0.382,0.786,2.0,0.005,3,0.2,both,116,23.3,-4.08,13.17,-0.31,959.15,3,btc,4H,202,304
0.382,0.618,1.272,0.005,3,0.1,both,76,28.9,-4.24,13.51,-0.31,957.58,5,btc,4H,139,237
0.382,0.618,1.272,0.005,3,0.2,ob_only,66,31.8,-6.82,21.83,-0.31,931.84,5,btc,4H,139,237
0.5,0.786,1.272,0.002,7,0.1,ob_only,67,22.4,-4.11,13.46,-0.31,958.89,5,btc,4H,139,237
0.5,0.786,2.0,0.002,3,0.1,ob_only,65,16.9,-2.85,9.2,-0.31,971.46,5,btc,4H,139,237
0.5,0.786,1.618,0.005,5,0.1,ob_only,65,24.6,-5.27,16.72,-0.32,947.28,5,btc,4H,139,237
0.5,0.786,2.0,0.005,5,0.1,fvg_only,24,8.3,-1.79,5.59,-0.32,982.06,8,btc,4H,86,186
0.382,0.786,1.272,0.005,7,0.1,both,83,28.9,-8.29,25.98,-0.32,917.07,5,btc,4H,139,237
0.382,0.618,2.0,0.002,7,0.2,both,44,22.7,-13.91,44.08,-0.32,860.89,8,btc,4H,86,186
0.382,0.618,1.272,0.002,7,0.2,ob_only,66,28.8,-13.59,42.83,-0.32,864.1,5,btc,4H,139,237
0.382,0.618,2.0,0.005,5,0.2,both,44,25.0,-10.56,31.83,-0.33,894.41,8,btc,4H,86,186
0.382,0.786,1.272,0.005,7,0.2,ob_only,71,31.0,-13.88,41.88,-0.33,861.23,5,btc,4H,139,237
0.382,0.618,2.0,0.002,7,0.2,ob_only,36,25.0,-14.16,42.86,-0.33,858.41,8,btc,4H,86,186
0.5,0.786,1.618,0.005,3,0.2,ob_only,65,24.6,-6.52,19.82,-0.33,934.81,5,btc,4H,139,237
0.382,0.618,1.272,0.005,7,0.1,ob_only,66,31.8,-8.26,25.13,-0.33,917.37,5,btc,4H,139,237
0.5,0.786,2.0,0.005,3,0.2,fvg_only,24,8.3,-2.23,6.68,-0.33,977.75,8,btc,4H,86,186
0.5,0.786,1.272,0.005,7,0.2,ob_only,67,28.4,-9.05,27.23,-0.33,909.49,5,btc,4H,139,237
0.5,0.786,1.272,0.005,3,0.1,both,75,26.7,-2.71,8.2,-0.33,972.94,5,btc,4H,139,237
0.5,0.786,1.618,0.005,7,0.1,ob_only,65,24.6,-7.82,22.84,-0.34,921.78,5,btc,4H,139,237
0.382,0.786,2.0,0.005,7,0.1,both,116,23.3,-5.25,15.29,-0.34,947.49,3,btc,4H,202,304
0.382,0.786,1.618,0.002,7,0.2,both,83,20.5,-17.45,51.34,-0.34,825.53,5,btc,4H,139,237
0.5,0.786,2.0,0.002,5,0.1,ob_only,65,16.9,-5.13,14.96,-0.34,948.71,5,btc,4H,139,237
0.5,0.786,1.272,0.002,3,0.1,fvg_only,24,8.3,-0.97,2.89,-0.34,990.3,3,btc,4H,202,304
0.382,0.786,1.272,0.002,3,0.1,both,85,22.4,-4.19,12.23,-0.34,958.1,5,btc,4H,139,237
0.382,0.618,1.272,0.002,7,0.2,both,77,26.0,-16.61,47.96,-0.35,833.89,5,btc,4H,139,237
0.382,0.618,1.272,0.005,5,0.1,both,76,28.9,-7.53,21.73,-0.35,924.74,5,btc,4H,139,237
0.5,0.786,2.0,0.005,7,0.1,fvg_only,24,8.3,-2.68,7.75,-0.35,973.22,8,btc,4H,86,186
0.5,0.786,1.272,0.002,5,0.2,ob_only,67,22.4,-6.72,19.12,-0.35,932.77,5,btc,4H,139,237
0.5,0.786,1.618,0.005,3,0.1,both,72,23.6,-4.2,12.04,-0.35,958.05,5,btc,4H,139,237
0.5,0.786,1.272,0.002,3,0.2,fvg_only,24,8.3,-2.04,5.76,-0.35,979.63,3,btc,4H,202,304
0.5,0.786,1.272,0.002,5,0.1,fvg_only,24,8.3,-1.67,4.8,-0.35,983.29,3,btc,4H,202,304
0.382,0.618,2.0,0.002,7,0.2,ob_only,101,21.8,-9.73,27.75,-0.35,902.73,3,btc,4H,202,304
0.382,0.786,2.0,0.002,7,0.2,both,117,19.7,-10.35,29.1,-0.36,896.5,3,btc,4H,202,304
0.5,0.786,1.272,0.005,5,0.1,both,75,26.7,-4.83,13.48,-0.36,951.72,5,btc,4H,139,237
0.5,0.786,2.0,0.005,5,0.2,both,69,21.7,-11.95,33.05,-0.36,880.53,5,btc,4H,139,237
0.5,0.786,1.272,0.002,7,0.1,fvg_only,24,8.3,-2.41,6.71,-0.36,975.86,3,btc,4H,202,304
0.382,0.618,1.272,0.005,3,0.2,both,76,28.9,-9.29,25.61,-0.36,907.15,5,btc,4H,139,237
0.382,0.618,2.0,0.002,5,0.1,both,111,19.8,-4.14,11.6,-0.36,958.57,3,btc,4H,202,304
0.5,0.786,2.0,0.002,3,0.2,ob_only,65,16.9,-6.37,17.73,-0.36,936.33,5,btc,4H,139,237
0.382,0.618,2.0,0.005,3,0.1,both,110,23.6,-2.83,7.96,-0.36,971.73,3,btc,4H,202,304
0.382,0.786,2.0,0.002,3,0.1,fvg_only,34,8.8,-1.53,4.25,-0.36,984.69,8,btc,4H,86,186
0.382,0.618,2.0,0.005,7,0.2,ob_only,36,27.8,-15.59,41.89,-0.37,844.06,8,btc,4H,86,186
0.382,0.786,1.272,0.002,5,0.1,both,85,22.4,-7.41,19.78,-0.37,925.87,5,btc,4H,139,237
0.5,0.786,1.618,0.005,5,0.1,both,72,23.6,-7.27,19.41,-0.37,927.27,5,btc,4H,139,237
0.5,0.786,1.272,0.005,3,0.2,both,75,26.7,-5.98,16.05,-0.37,940.24,5,btc,4H,139,237
0.382,0.786,1.272,0.005,5,0.2,both,83,28.9,-13.25,35.48,-0.37,867.51,5,btc,4H,139,237
0.5,0.786,1.272,0.002,5,0.2,fvg_only,24,8.3,-3.6,9.56,-0.38,963.99,3,btc,4H,202,304
0.5,0.786,2.0,0.005,5,0.2,fvg_only,24,8.3,-4.16,10.9,-0.38,958.38,8,btc,4H,86,186
0.382,0.618,1.272,0.005,5,0.2,ob_only,66,31.8,-13.03,34.47,-0.38,869.66,5,btc,4H,139,237
0.382,0.618,2.0,0.005,5,0.2,ob_only,100,25.0,-9.09,23.93,-0.38,909.12,3,btc,4H,202,304
0.382,0.618,2.0,0.002,3,0.2,both,111,19.8,-5.34,13.94,-0.38,946.58,3,btc,4H,202,304
0.382,0.618,1.272,0.005,7,0.1,both,76,28.9,-11.11,29.34,-0.38,888.86,5,btc,4H,139,237
0.5,0.786,1.618,0.005,5,0.2,ob_only,65,24.6,-12.04,31.41,-0.38,879.65,5,btc,4H,139,237
0.5,0.786,2.0,0.002,7,0.1,ob_only,65,16.9,-7.67,20.42,-0.38,923.34,5,btc,4H,139,237
0.382,0.786,2.0,0.002,5,0.1,fvg_only,34,8.8,-2.72,6.99,-0.39,972.84,8,btc,4H,86,186
0.5,0.786,1.618,0.005,3,0.2,both,72,23.6,-8.88,22.91,-0.39,911.16,5,btc,4H,139,237
0.5,0.786,1.272,0.005,7,0.1,both,75,26.7,-7.18,18.58,-0.39,928.21,5,btc,4H,139,237
0.382,0.786,1.272,0.002,3,0.2,both,85,22.4,-9.13,23.37,-0.39,908.65,5,btc,4H,139,237
0.5,0.786,1.618,0.005,7,0.1,both,72,23.6,-10.54,26.28,-0.4,894.62,5,btc,4H,139,237
0.382,0.786,2.0,0.002,3,0.2,fvg_only,34,8.8,-3.35,8.34,-0.4,966.45,8,btc,4H,86,186
0.5,0.786,1.272,0.002,7,0.2,fvg_only,24,8.3,-5.31,13.3,-0.4,946.89,3,btc,4H,202,304
0.382,0.618,2.0,0.005,5,0.1,both,110,23.6,-5.4,13.04,-0.41,946.0,3,btc,4H,202,304
0.382,0.618,2.0,0.002,7,0.1,both,111,19.8,-6.65,16.27,-0.41,933.49,3,btc,4H,202,304
0.5,0.786,1.272,0.002,7,0.2,ob_only,67,22.4,-10.88,26.49,-0.41,891.21,5,btc,4H,139,237
0.382,0.786,1.272,0.002,7,0.1,both,85,22.4,-10.92,26.85,-0.41,890.77,5,btc,4H,139,237
0.382,0.618,2.0,0.005,7,0.2,both,44,25.0,-17.83,42.11,-0.42,821.75,8,btc,4H,86,186
0.5,0.786,2.0,0.002,5,0.2,ob_only,65,16.9,-11.89,28.1,-0.42,881.09,5,btc,4H,139,237
0.5,0.786,2.0,0.005,7,0.2,both,69,21.7,-18.38,43.29,-0.42,816.16,5,btc,4H,139,237
0.382,0.786,2.0,0.002,7,0.1,fvg_only,34,8.8,-4.02,9.66,-0.42,959.77,8,btc,4H,86,186
0.5,0.786,1.272,0.005,5,0.2,both,75,26.7,-11.09,25.91,-0.43,889.12,5,btc,4H,139,237
0.382,0.618,1.272,0.005,5,0.2,both,76,28.9,-16.96,39.69,-0.43,830.43,5,btc,4H,139,237
0.5,0.786,2.0,0.005,7,0.2,fvg_only,24,8.3,-6.41,14.94,-0.43,935.91,8,btc,4H,86,186
0.382,0.786,2.0,0.005,5,0.2,both,116,23.3,-9.46,21.46,-0.44,905.4,3,btc,4H,202,304
0.5,0.786,1.618,0.005,5,0.2,both,72,23.6,-15.72,35.7,-0.44,842.78,5,btc,4H,139,237
0.5,0.786,1.618,0.005,7,0.2,ob_only,65,24.6,-18.24,41.74,-0.44,817.64,5,btc,4H,139,237
0.382,0.618,1.272,0.005,7,0.2,ob_only,66,31.8,-20.2,45.61,-0.44,797.97,5,btc,4H,139,237
0.382,0.618,2.0,0.005,3,0.2,both,110,23.6,-6.87,15.51,-0.44,931.29,3,btc,4H,202,304
0.382,0.786,1.272,0.005,7,0.2,both,83,28.9,-20.77,46.72,-0.44,792.28,5,btc,4H,139,237
0.382,0.786,1.272,0.002,5,0.2,both,85,22.4,-16.62,36.59,-0.45,833.81,5,btc,4H,139,237
0.382,0.786,2.0,0.002,5,0.2,fvg_only,34,8.8,-6.19,13.53,-0.46,938.1,8,btc,4H,86,186
0.5,0.786,1.618,0.002,3,0.1,ob_only,66,18.2,-5.01,10.85,-0.46,949.92,5,btc,4H,139,237
0.382,0.618,2.0,0.005,7,0.1,both,110,23.6,-8.46,17.93,-0.47,915.43,3,btc,4H,202,304
0.382,0.618,2.0,0.002,5,0.2,both,111,19.8,-11.17,23.21,-0.48,888.26,3,btc,4H,202,304
0.5,0.786,1.272,0.005,7,0.2,both,75,26.7,-16.89,35.03,-0.48,831.1,5,btc,4H,139,237
0.5,0.786,1.618,0.002,5,0.1,ob_only,66,18.2,-8.53,17.58,-0.48,914.72,5,btc,4H,139,237
0.382,0.618,1.272,0.005,7,0.2,both,76,28.9,-25.34,51.59,-0.49,746.61,5,btc,4H,139,237
0.5,0.786,1.618,0.005,7,0.2,both,72,23.6,-23.0,46.69,-0.49,769.95,5,btc,4H,139,237
0.5,0.786,2.0,0.002,7,0.2,ob_only,65,16.9,-18.14,37.4,-0.49,818.56,5,btc,4H,139,237
0.382,0.618,2.0,0.005,7,0.2,ob_only,100,25.0,-15.94,32.37,-0.49,840.58,3,btc,4H,202,304
0.382,0.618,2.0,0.002,3,0.1,fvg_only,34,8.8,-2.17,4.33,-0.5,978.3,8,btc,4H,86,186
0.5,0.786,1.618,0.002,3,0.2,ob_only,66,18.2,-10.33,20.8,-0.5,896.69,5,btc,4H,139,237
0.382,0.786,2.0,0.002,7,0.2,fvg_only,34,8.8,-9.42,18.46,-0.51,905.81,8,btc,4H,86,186
0.5,0.786,1.618,0.002,7,0.1,ob_only,66,18.2,-12.16,23.92,-0.51,878.42,5,btc,4H,139,237
0.382,0.786,1.272,0.002,7,0.2,both,85,22.4,-24.77,48.03,-0.52,752.26,5,btc,4H,139,237
0.382,0.618,2.0,0.002,5,0.1,fvg_only,34,8.8,-3.77,7.12,-0.53,962.29,8,btc,4H,86,186
0.5,0.786,1.618,0.002,5,0.2,ob_only,66,18.2,-17.75,32.71,-0.54,822.48,5,btc,4H,139,237
0.382,0.618,2.0,0.002,3,0.2,fvg_only,34,8.8,-4.61,8.49,-0.54,953.87,8,btc,4H,86,186
0.382,0.618,2.0,0.005,5,0.2,both,110,23.6,-13.81,24.93,-0.55,861.85,3,btc,4H,202,304
0.382,0.618,2.0,0.002,7,0.1,fvg_only,34,8.8,-5.48,9.83,-0.56,945.18,8,btc,4H,86,186
0.382,0.786,2.0,0.005,7,0.2,both,116,23.3,-16.47,29.31,-0.56,835.35,3,btc,4H,202,304
0.382,0.618,2.0,0.002,7,0.2,both,111,19.8,-18.34,32.21,-0.57,816.57,3,btc,4H,202,304
0.382,0.786,2.0,0.002,3,0.1,ob_only,67,19.4,-7.44,13.01,-0.57,925.63,5,btc,4H,139,237
0.382,0.786,2.0,0.005,3,0.1,ob_only,66,24.2,-6.61,11.64,-0.57,933.9,5,btc,4H,139,237
0.5,0.786,1.618,0.002,7,0.2,ob_only,66,18.2,-25.35,43.16,-0.59,746.5,5,btc,4H,139,237
0.382,0.786,2.0,0.005,5,0.1,ob_only,66,24.2,-11.32,18.83,-0.6,886.76,5,btc,4H,139,237
0.382,0.618,2.0,0.002,5,0.2,fvg_only,34,8.8,-8.23,13.77,-0.6,917.68,8,btc,4H,86,186
0.382,0.786,2.0,0.002,5,0.1,ob_only,67,19.4,-12.58,20.88,-0.6,874.21,5,btc,4H,139,237
0.5,0.786,2.0,0.002,3,0.1,both,74,13.5,-7.88,13.16,-0.6,921.18,5,btc,4H,139,237
0.382,0.618,2.0,0.002,3,0.1,both,70,18.6,-8.94,14.69,-0.61,910.56,5,btc,4H,139,237
0.382,0.786,2.0,0.005,3,0.1,both,75,22.7,-8.16,13.28,-0.61,918.37,5,btc,4H,139,237
0.5,0.786,2.0,0.002,5,0.1,both,74,13.5,-13.13,21.0,-0.62,868.75,5,btc,4H,139,237
0.382,0.786,2.0,0.002,3,0.2,ob_only,67,19.4,-15.18,24.59,-0.62,848.17,5,btc,4H,139,237
0.382,0.786,2.0,0.005,3,0.2,ob_only,66,24.2,-13.75,22.26,-0.62,862.5,5,btc,4H,139,237
0.382,0.786,2.0,0.005,7,0.1,ob_only,66,24.2,-16.21,25.58,-0.63,837.89,5,btc,4H,139,237
0.382,0.786,2.0,0.002,7,0.1,ob_only,67,19.4,-17.8,28.16,-0.63,822.0,5,btc,4H,139,237
0.5,0.786,1.272,0.002,3,0.1,both,77,18.2,-5.69,8.9,-0.64,943.11,5,btc,4H,139,237
0.382,0.618,2.0,0.002,5,0.1,both,70,18.6,-14.94,23.42,-0.64,850.61,5,btc,4H,139,237
0.5,0.786,2.0,0.002,3,0.2,both,74,13.5,-15.73,24.67,-0.64,842.71,5,btc,4H,139,237
0.382,0.618,2.0,0.002,7,0.2,fvg_only,34,8.8,-12.19,18.77,-0.65,878.12,8,btc,4H,86,186
0.5,0.786,2.0,0.002,7,0.1,both,74,13.5,-18.32,28.18,-0.65,816.84,5,btc,4H,139,237
0.382,0.618,2.0,0.002,3,0.2,both,70,18.6,-17.92,27.49,-0.65,820.77,5,btc,4H,139,237
0.5,0.786,1.618,0.002,3,0.1,both,75,14.7,-9.38,14.49,-0.65,906.25,5,btc,4H,139,237
0.382,0.786,2.0,0.005,5,0.1,both,75,22.7,-13.79,21.33,-0.65,862.11,5,btc,4H,139,237
0.382,0.786,2.0,0.005,3,0.2,both,75,22.7,-16.63,25.12,-0.66,833.69,5,btc,4H,139,237
0.382,0.618,2.0,0.005,7,0.2,both,110,23.6,-22.05,33.62,-0.66,779.47,3,btc,4H,202,304
0.5,0.786,1.272,0.002,5,0.1,both,77,18.2,-9.58,14.54,-0.66,904.19,5,btc,4H,139,237
0.382,0.786,2.0,0.002,5,0.2,ob_only,67,19.4,-25.66,38.03,-0.67,743.37,5,btc,4H,139,237
0.382,0.618,2.0,0.002,7,0.1,both,70,18.6,-20.89,31.38,-0.67,791.1,5,btc,4H,139,237
0.5,0.786,1.618,0.002,5,0.1,both,75,14.7,-15.4,23.08,-0.67,845.99,5,btc,4H,139,237
0.5,0.786,1.272,0.002,3,0.2,both,77,18.2,-11.55,17.27,-0.67,884.52,5,btc,4H,139,237
0.5,0.786,1.272,0.002,7,0.1,both,77,18.2,-13.52,19.94,-0.68,864.75,5,btc,4H,139,237
0.5,0.786,2.0,0.002,5,0.2,both,74,13.5,-25.93,37.87,-0.68,740.66,5,btc,4H,139,237
0.382,0.786,2.0,0.005,7,0.1,both,75,22.7,-19.48,28.77,-0.68,805.2,5,btc,4H,139,237
0.382,0.786,2.0,0.005,5,0.2,ob_only,66,24.2,-23.73,34.89,-0.68,762.67,5,btc,4H,139,237
0.5,0.786,1.618,0.002,3,0.2,both,75,14.7,-18.34,27.08,-0.68,816.62,5,btc,4H,139,237
0.5,0.786,1.618,0.002,7,0.1,both,75,14.7,-21.22,30.89,-0.69,787.78,5,btc,4H,139,237
0.382,0.618,2.0,0.005,3,0.1,both,70,21.4,-10.28,14.66,-0.7,897.16,5,btc,4H,139,237
0.382,0.618,2.0,0.002,5,0.2,both,70,18.6,-29.63,41.98,-0.71,703.74,5,btc,4H,139,237
0.5,0.786,1.272,0.002,5,0.2,both,77,18.2,-19.48,27.59,-0.71,805.16,5,btc,4H,139,237
0.382,0.786,2.0,0.005,5,0.2,both,75,22.7,-28.0,38.87,-0.72,719.99,5,btc,4H,139,237
0.5,0.786,2.0,0.002,7,0.2,both,74,13.5,-35.64,49.17,-0.72,643.6,5,btc,4H,139,237
0.382,0.618,2.0,0.002,3,0.1,ob_only,60,20.0,-9.58,13.28,-0.72,904.19,5,btc,4H,139,237
0.5,0.786,1.618,0.002,5,0.2,both,75,14.7,-29.54,41.28,-0.72,704.65,5,btc,4H,139,237
0.382,0.786,2.0,0.002,3,0.1,both,80,16.2,-10.84,15.16,-0.72,891.62,5,btc,4H,139,237
0.382,0.618,2.0,0.005,5,0.1,both,70,21.4,-17.06,23.53,-0.73,829.38,5,btc,4H,139,237
0.382,0.786,2.0,0.002,7,0.2,ob_only,67,19.4,-35.96,49.4,-0.73,640.44,5,btc,4H,139,237
0.382,0.618,2.0,0.002,5,0.1,ob_only,60,20.0,-15.87,21.31,-0.74,841.28,5,btc,4H,139,237
0.382,0.618,2.0,0.005,3,0.2,both,70,21.4,-20.4,27.7,-0.74,795.98,5,btc,4H,139,237
0.382,0.786,2.0,0.002,5,0.1,both,80,16.2,-17.88,24.12,-0.74,821.24,5,btc,4H,139,237
0.5,0.786,1.272,0.002,7,0.2,both,77,18.2,-27.4,37.07,-0.74,725.99,5,btc,4H,139,237
0.382,0.786,2.0,0.005,7,0.2,ob_only,66,24.2,-33.83,45.89,-0.74,661.68,5,btc,4H,139,237
0.5,0.786,1.618,0.002,7,0.2,both,75,14.7,-39.78,52.95,-0.75,602.21,5,btc,4H,139,237
0.382,0.786,2.0,0.002,3,0.2,both,80,16.2,-21.32,28.29,-0.75,786.83,5,btc,4H,139,237
0.382,0.618,2.0,0.005,7,0.1,both,70,21.4,-23.7,31.69,-0.75,762.99,5,btc,4H,139,237
0.382,0.618,2.0,0.002,7,0.2,both,70,18.6,-40.69,53.89,-0.76,593.09,5,btc,4H,139,237
0.382,0.618,2.0,0.002,3,0.2,ob_only,60,20.0,-18.97,25.08,-0.76,810.3,5,btc,4H,139,237
0.382,0.786,2.0,0.002,7,0.1,both,80,16.2,-24.7,32.26,-0.77,753.02,5,btc,4H,139,237
0.382,0.618,2.0,0.002,7,0.1,ob_only,60,20.0,-22.03,28.7,-0.77,779.7,5,btc,4H,139,237
0.382,0.786,2.0,0.005,7,0.2,both,75,22.7,-39.04,50.49,-0.77,609.58,5,btc,4H,139,237
0.382,0.618,2.0,0.005,5,0.2,both,70,21.4,-33.28,42.67,-0.78,667.17,5,btc,4H,139,237
0.382,0.786,2.0,0.002,5,0.2,both,80,16.2,-34.43,43.03,-0.8,655.66,5,btc,4H,139,237
0.382,0.618,2.0,0.002,5,0.2,ob_only,60,20.0,-30.94,38.71,-0.8,690.64,5,btc,4H,139,237
0.382,0.618,2.0,0.005,3,0.1,ob_only,60,23.3,-10.19,12.53,-0.81,898.1,5,btc,4H,139,237
0.382,0.618,2.0,0.005,7,0.2,both,70,21.4,-45.14,55.11,-0.82,548.63,5,btc,4H,139,237
0.382,0.618,2.0,0.005,5,0.1,ob_only,60,23.3,-16.86,20.31,-0.83,831.42,5,btc,4H,139,237
0.382,0.618,2.0,0.005,3,0.2,ob_only,60,23.3,-20.13,24.02,-0.84,798.66,5,btc,4H,139,237
0.382,0.786,2.0,0.005,3,0.1,fvg_only,35,8.6,-4.09,4.84,-0.84,959.11,3,btc,4H,202,304
0.382,0.618,2.0,0.002,7,0.2,ob_only,60,20.0,-42.03,50.2,-0.84,579.69,5,btc,4H,139,237
0.382,0.786,2.0,0.002,7,0.2,both,80,16.2,-46.31,55.05,-0.84,536.86,5,btc,4H,139,237
0.382,0.618,2.0,0.005,3,0.1,fvg_only,34,8.8,-4.1,4.84,-0.85,958.98,3,btc,4H,202,304
0.382,0.786,2.0,0.005,3,0.2,fvg_only,35,8.6,-8.21,9.6,-0.85,917.93,3,btc,4H,202,304
0.382,0.786,2.0,0.005,5,0.1,fvg_only,35,8.6,-6.83,8.03,-0.85,931.67,3,btc,4H,202,304
0.382,0.618,2.0,0.005,5,0.1,fvg_only,34,8.8,-6.85,8.03,-0.85,931.45,3,btc,4H,202,304
0.382,0.618,2.0,0.005,7,0.1,ob_only,60,23.3,-23.36,27.62,-0.85,766.36,5,btc,4H,139,237
0.382,0.618,2.0,0.005,3,0.2,fvg_only,34,8.8,-8.23,9.6,-0.86,917.67,3,btc,4H,202,304
0.382,0.786,2.0,0.005,7,0.1,fvg_only,35,8.6,-9.58,11.17,-0.86,904.19,3,btc,4H,202,304
0.382,0.618,2.0,0.005,7,0.1,fvg_only,34,8.8,-9.61,11.17,-0.86,903.88,3,btc,4H,202,304
0.382,0.618,2.0,0.005,5,0.2,ob_only,60,23.3,-32.73,37.71,-0.87,672.74,5,btc,4H,139,237
0.382,0.618,2.0,0.005,5,0.2,fvg_only,34,8.8,-13.74,15.79,-0.87,862.59,3,btc,4H,202,304
0.382,0.786,2.0,0.005,5,0.2,fvg_only,35,8.6,-13.7,15.79,-0.87,863.03,3,btc,4H,202,304
0.382,0.618,2.0,0.005,7,0.2,fvg_only,34,8.8,-19.2,21.76,-0.88,808.03,3,btc,4H,202,304
0.382,0.786,2.0,0.005,7,0.2,fvg_only,35,8.6,-19.14,21.76,-0.88,808.63,3,btc,4H,202,304
0.382,0.618,2.0,0.005,7,0.2,ob_only,60,23.3,-44.29,49.56,-0.89,557.08,5,btc,4H,139,237
0.382,0.618,1.272,0.002,5,0.2,fvg_only,36,8.3,-17.48,17.48,-1.0,825.21,3,btc,4H,202,304
0.382,0.618,1.618,0.002,7,0.2,fvg_only,36,2.8,-27.21,27.21,-1.0,727.89,3,btc,4H,202,304
0.382,0.618,1.272,0.002,7,0.2,fvg_only,36,8.3,-23.82,23.82,-1.0,761.82,3,btc,4H,202,304
0.382,0.618,2.0,0.002,3,0.1,fvg_only,36,2.8,-5.73,5.73,-1.0,942.73,3,btc,4H,202,304
0.382,0.618,1.618,0.002,3,0.2,fvg_only,36,2.8,-12.45,12.45,-1.0,875.55,3,btc,4H,202,304
0.382,0.618,1.272,0.002,5,0.1,fvg_only,36,8.3,-9.03,9.03,-1.0,909.68,3,btc,4H,202,304
0.382,0.618,1.618,0.002,3,0.1,fvg_only,36,2.8,-6.37,6.37,-1.0,936.29,3,btc,4H,202,304
0.382,0.618,1.618,0.002,7,0.1,fvg_only,36,2.8,-14.4,14.4,-1.0,855.96,3,btc,4H,202,304
0.382,0.618,1.272,0.002,3,0.2,fvg_only,36,8.3,-10.77,10.77,-1.0,892.32,3,btc,4H,202,304
0.382,0.618,1.618,0.002,5,0.1,fvg_only,36,2.8,-10.45,10.45,-1.0,895.47,3,btc,4H,202,304
0.382,0.618,1.618,0.002,5,0.2,fvg_only,36,2.8,-20.09,20.09,-1.0,799.14,3,btc,4H,202,304
0.382,0.618,1.272,0.002,7,0.1,fvg_only,36,8.3,-12.48,12.48,-1.0,875.19,3,btc,4H,202,304
0.382,0.786,2.0,0.002,5,0.2,fvg_only,37,2.7,-18.08,18.08,-1.0,819.16,3,btc,4H,202,304
0.382,0.618,2.0,0.002,3,0.2,fvg_only,36,2.8,-11.28,11.28,-1.0,887.24,3,btc,4H,202,304
0.382,0.786,1.272,0.002,7,0.2,fvg_only,37,8.1,-23.44,23.44,-1.0,765.61,3,btc,4H,202,304
0.382,0.786,2.0,0.002,5,0.1,fvg_only,37,2.7,-9.29,9.29,-1.0,907.11,3,btc,4H,202,304
0.382,0.786,2.0,0.002,3,0.2,fvg_only,37,2.7,-11.09,11.09,-1.0,889.11,3,btc,4H,202,304
0.382,0.786,2.0,0.002,3,0.1,fvg_only,37,2.7,-5.63,5.63,-1.0,943.71,3,btc,4H,202,304
0.382,0.786,1.618,0.002,7,0.2,fvg_only,37,2.7,-26.85,26.85,-1.0,731.51,3,btc,4H,202,304
0.382,0.786,1.618,0.002,7,0.1,fvg_only,37,2.7,-14.19,14.19,-1.0,858.06,3,btc,4H,202,304
0.382,0.786,1.618,0.002,5,0.2,fvg_only,37,2.7,-19.8,19.8,-1.0,801.96,3,btc,4H,202,304
0.382,0.786,1.618,0.002,5,0.1,fvg_only,37,2.7,-10.3,10.3,-1.0,897.03,3,btc,4H,202,304
0.382,0.786,1.618,0.002,3,0.2,fvg_only,37,2.7,-12.26,12.26,-1.0,877.39,3,btc,4H,202,304
0.382,0.786,1.618,0.002,3,0.1,fvg_only,37,2.7,-6.27,6.27,-1.0,937.27,3,btc,4H,202,304
0.382,0.786,1.272,0.002,7,0.1,fvg_only,37,8.1,-12.27,12.27,-1.0,877.34,3,btc,4H,202,304
0.382,0.618,2.0,0.002,5,0.1,fvg_only,36,2.8,-9.45,9.45,-1.0,905.53,3,btc,4H,202,304
0.382,0.786,1.272,0.002,5,0.2,fvg_only,37,8.1,-17.19,17.19,-1.0,828.12,3,btc,4H,202,304
0.382,0.786,1.272,0.002,5,0.1,fvg_only,37,8.1,-8.87,8.87,-1.0,911.27,3,btc,4H,202,304
0.382,0.786,1.272,0.002,3,0.2,fvg_only,37,8.1,-10.58,10.58,-1.0,894.19,3,btc,4H,202,304
0.382,0.786,2.0,0.002,7,0.2,fvg_only,37,2.7,-24.73,24.73,-1.0,752.72,3,btc,4H,202,304
0.382,0.786,2.0,0.002,7,0.1,fvg_only,37,2.7,-12.87,12.87,-1.0,871.3,3,btc,4H,202,304
0.382,0.618,2.0,0.002,7,0.2,fvg_only,36,2.8,-25.1,25.1,-1.0,749.0,3,btc,4H,202,304
0.382,0.618,2.0,0.002,7,0.1,fvg_only,36,2.8,-13.08,13.08,-1.0,869.17,3,btc,4H,202,304
0.382,0.618,2.0,0.002,5,0.2,fvg_only,36,2.8,-18.37,18.37,-1.0,816.29,3,btc,4H,202,304
0.382,0.618,1.272,0.002,3,0.1,fvg_only,36,8.3,-5.49,5.49,-1.0,945.11,3,btc,4H,202,304
0.382,0.786,1.272,0.002,3,0.1,fvg_only,37,8.1,-5.39,5.39,-1.0,946.09,3,btc,4H,202,304
