coin,tf,signal,lev,mode,beat_cnt,total_periods,beat_pct,avg_ret,min_ret,max_dd_avg,avg_trades,avg_bh,bull_2017h2_ret,bear_2018_ret,range_2019_ret,bull_2020_ret,bull_2021_ret,bear_2022_ret,bull_2023_ret,range_2024h1_ret,bull_2024h2_ret,bear_2025q1_ret,bull_2025q2_ret,bull_2025q3_ret,bear_2025q4_ret,bear_2026q1_ret,bull_2017h2_bh,bear_2018_bh,range_2019_bh,bull_2020_bh,bull_2021_bh,bear_2022_bh,bull_2023_bh,range_2024h1_bh,bull_2024h2_bh,bear_2025q1_bh,bull_2025q2_bh,bull_2025q3_bh,bear_2025q4_bh,bear_2026q1_bh
BTC,4h,ema50/200,3,L+S,12,14,85.7,175.79,-155.38,59.25,7.4,55.12,583.11,-28.38,541.93,589.75,407.45,-155.38,253.45,108.96,67.93,-6.51,66.12,-11.53,11.46,32.73,221.87,-73.0,94.4,301.98,59.79,-64.21,155.62,48.45,49.07,-11.78,26.7,10.21,-21.61,-25.88
BTC,1d,c>ema50,3,L+S,12,14,85.7,139.1,-48.56,73.29,15.1,55.12,511.45,1.66,303.29,491.07,247.33,-48.56,248.25,93.59,40.11,4.85,49.34,-28.51,32.55,0.92,221.87,-73.0,94.4,301.98,59.79,-64.21,155.62,48.45,49.07,-11.78,26.7,10.21,-21.61,-25.88
BTC,1d,ema20/100,3,L,12,14,85.7,114.87,-176.71,7.6,1.5,55.12,495.37,-176.71,197.44,649.17,99.68,-45.03,178.94,113.58,83.62,-32.94,31.19,26.93,-13.0,0.0,221.87,-73.0,94.4,301.98,59.79,-64.21,155.62,48.45,49.07,-11.78,26.7,10.21,-21.61,-25.88
BTC,4h,c>ema100,3,L+S,12,14,85.7,103.42,-147.19,92.27,62.0,55.12,350.72,111.24,312.83,314.84,-147.19,95.11,219.98,67.52,89.79,-11.01,49.05,-34.8,52.29,-22.51,221.87,-73.0,94.4,301.98,59.79,-64.21,155.62,48.45,49.07,-11.78,26.7,10.21,-21.61,-25.88
BTC,1d,c>ema50,2,L+S,12,14,85.7,92.73,-32.37,48.86,15.1,55.12,340.97,1.1,202.19,327.38,164.89,-32.37,165.5,62.39,26.74,3.23,32.89,-19.01,21.7,0.61,221.87,-73.0,94.4,301.98,59.79,-64.21,155.62,48.45,49.07,-11.78,26.7,10.21,-21.61,-25.88
BTC,1d,ema10/30,3,L+S,11,14,78.6,183.03,-149.29,53.58,7.0,55.12,610.87,70.39,585.65,593.02,375.67,-149.29,257.79,103.55,51.26,-24.81,67.41,-14.88,1.32,34.48,221.87,-73.0,94.4,301.98,59.79,-64.21,155.62,48.45,49.07,-11.78,26.7,10.21,-21.61,-25.88
BTC,1d,c>ema100,3,L,11,14,78.6,137.3,-238.97,29.41,4.9,55.12,659.76,-238.97,355.45,544.2,223.74,-6.44,189.74,101.32,98.3,-36.19,58.13,11.55,-33.72,-4.65,221.87,-73.0,94.4,301.98,59.79,-64.21,155.62,48.45,49.07,-11.78,26.7,10.21,-21.61,-25.88
BTC,4h,c>ema200,3,L,11,14,78.6,134.69,-124.37,44.84,19.8,55.12,363.92,-124.37,446.49,592.76,237.96,-57.09,260.89,111.72,66.66,-36.37,45.2,-6.44,-12.45,-3.28,221.87,-73.0,94.4,301.98,59.79,-64.21,155.62,48.45,49.07,-11.78,26.7,10.21,-21.61,-25.88
BTC,4h,ema50/200,2,L+S,11,14,78.6,117.19,-103.59,39.5,7.4,55.12,388.74,-18.92,361.28,393.16,271.63,-103.59,168.97,72.64,45.29,-4.34,44.08,-7.68,7.64,21.82,221.87,-73.0,94.4,301.98,59.79,-64.21,155.62,48.45,49.07,-11.78,26.7,10.21,-21.61,-25.88
BTC,1d,st3.0,3,L,11,14,78.6,110.61,-171.72,26.77,2.9,55.12,248.08,-130.7,375.81,592.63,261.9,-171.72,227.36,59.85,107.31,-36.56,35.39,12.2,-15.19,-17.83,221.87,-73.0,94.4,301.98,59.79,-64.21,155.62,48.45,49.07,-11.78,26.7,10.21,-21.61,-25.88
BTC,1d,ema5/20,3,L+S,11,14,78.6,105.78,-66.92,84.62,13.2,55.12,315.64,-13.24,318.13,554.68,89.9,-23.55,98.06,91.65,67.54,-51.11,78.65,-66.92,-15.78,37.24,221.87,-73.0,94.4,301.98,59.79,-64.21,155.62,48.45,49.07,-11.78,26.7,10.21,-21.61,-25.88
BTC,1d,c>ema50,2,L,11,14,78.6,90.09,-108.33,31.53,7.4,55.12,374.26,-108.33,224.67,377.9,168.03,-104.91,193.63,77.36,62.82,-10.66,38.75,-0.45,-11.22,-20.59,221.87,-73.0,94.4,301.98,59.79,-64.21,155.62,48.45,49.07,-11.78,26.7,10.21,-21.61,-25.88
BTC,1d,st2.0,2,L,11,14,78.6,71.23,-120.71,30.76,4.9,55.12,226.0,-49.18,181.93,404.72,78.88,-120.71,159.86,87.99,82.52,-56.32,37.29,-15.86,-8.0,-11.89,221.87,-73.0,94.4,301.98,59.79,-64.21,155.62,48.45,49.07,-11.78,26.7,10.21,-21.61,-25.88
BTC,4h,c>ema200,3,L+S,10,14,71.4,142.3,-43.65,75.27,39.9,55.12,251.68,71.8,452.74,528.43,263.61,140.63,187.27,78.96,-13.33,-36.53,12.45,-43.65,42.11,56.07,221.87,-73.0,94.4,301.98,59.79,-64.21,155.62,48.45,49.07,-11.78,26.7,10.21,-21.61,-25.88
BTC,1d,ema10/50,3,L,10,14,71.4,135.27,-210.75,29.14,2.9,55.12,625.06,-210.75,403.17,582.59,228.47,-124.67,205.98,101.38,88.16,5.39,35.39,10.13,-37.28,-19.21,221.87,-73.0,94.4,301.98,59.79,-64.21,155.62,48.45,49.07,-11.78,26.7,10.21,-21.61,-25.88
BTC,1d,ema20/50,3,L,10,14,71.4,130.95,-197.26,24.66,2.1,55.12,600.02,-197.26,387.53,562.02,246.79,-134.45,224.6,83.42,86.44,3.29,33.47,7.28,-48.23,-21.66,221.87,-73.0,94.4,301.98,59.79,-64.21,155.62,48.45,49.07,-11.78,26.7,10.21,-21.61,-25.88
BTC,1d,ema10/30,2,L+S,10,14,71.4,122.02,-99.52,35.72,7.0,55.12,407.25,46.92,390.43,395.35,250.44,-99.52,171.86,69.03,34.17,-16.54,44.94,-9.92,0.88,22.99,221.87,-73.0,94.4,301.98,59.79,-64.21,155.62,48.45,49.07,-11.78,26.7,10.21,-21.61,-25.88
BTC,1d,c>ema200,3,L,10,14,71.4,120.5,-178.54,24.0,4.1,55.12,618.82,-178.54,223.42,637.26,31.66,-23.9,190.83,125.82,81.31,-68.1,62.59,26.93,-41.12,0.0,221.87,-73.0,94.4,301.98,59.79,-64.21,155.62,48.45,49.07,-11.78,26.7,10.21,-21.61,-25.88
BTC,1d,c>ema200,3,L+S,10,14,71.4,108.62,-99.08,59.37,8.1,55.12,581.18,-61.35,182.97,519.57,-89.96,165.96,52.72,125.82,6.66,-99.08,56.49,26.93,-14.08,66.78,221.87,-73.0,94.4,301.98,59.79,-64.21,155.62,48.45,49.07,-11.78,26.7,10.21,-21.61,-25.88
BTC,1d,ema10/30,2,L,10,14,71.4,106.95,-135.91,21.99,3.4,55.12,419.17,-84.6,343.13,409.67,202.68,-135.91,197.13,78.66,68.37,-19.9,45.31,4.03,-21.03,-9.39,221.87,-73.0,94.4,301.98,59.79,-64.21,155.62,48.45,49.07,-11.78,26.7,10.21,-21.61,-25.88
BTC,1d,st2.0,3,L,10,14,71.4,106.85,-181.07,46.14,4.9,55.12,339.0,-73.76,272.89,607.09,118.32,-181.07,239.79,131.99,123.77,-84.48,55.94,-23.79,-12.01,-17.83,221.87,-73.0,94.4,301.98,59.79,-64.21,155.62,48.45,49.07,-11.78,26.7,10.21,-21.61,-25.88
BTC,4h,ema50/200,2,L,10,14,71.4,105.27,-137.19,24.86,3.6,55.12,409.04,-117.04,327.94,408.0,217.48,-137.19,195.55,84.49,72.68,-13.19,47.74,6.26,-18.04,-9.95,221.87,-73.0,94.4,301.98,59.79,-64.21,155.62,48.45,49.07,-11.78,26.7,10.21,-21.61,-25.88
BTC,4h,ema10/30,3,L,10,14,71.4,102.86,-232.64,65.96,22.6,55.12,477.12,12.17,241.23,472.05,145.63,-232.64,229.92,129.7,71.68,-58.21,55.56,-2.98,-12.06,-89.07,221.87,-73.0,94.4,301.98,59.79,-64.21,155.62,48.45,49.07,-11.78,26.7,10.21,-21.61,-25.88
BTC,4h,ema5/20,3,L,10,14,71.4,97.8,-195.06,61.72,36.8,55.12,312.58,44.33,215.07,423.12,214.78,-195.06,181.11,86.81,184.0,-46.18,33.53,-25.98,4.85,-63.81,221.87,-73.0,94.4,301.98,59.79,-64.21,155.62,48.45,49.07,-11.78,26.7,10.21,-21.61,-25.88
BTC,1d,macd12/26,3,L,10,14,71.4,91.34,-144.73,48.84,8.5,55.12,429.5,-82.17,126.28,491.48,149.41,-144.73,196.74,76.45,91.72,-56.84,37.58,22.02,-49.33,-9.37,221.87,-73.0,94.4,301.98,59.79,-64.21,155.62,48.45,49.07,-11.78,26.7,10.21,-21.61,-25.88
BTC,1d,ema50/200,3,L,10,14,71.4,91.19,-147.66,0.42,1.2,55.12,359.4,-147.66,112.52,503.06,38.1,-37.55,181.27,125.82,145.87,-38.57,68.05,26.93,-60.61,0.0,221.87,-73.0,94.4,301.98,59.79,-64.21,155.62,48.45,49.07,-11.78,26.7,10.21,-21.61,-25.88
BTC,4h,c>ema200,2,L,10,14,71.4,89.79,-82.91,29.89,19.8,55.12,242.61,-82.91,297.66,395.17,158.64,-38.06,173.93,74.48,44.44,-24.25,30.13,-4.29,-8.3,-2.18,221.87,-73.0,94.4,301.98,59.79,-64.21,155.62,48.45,49.07,-11.78,26.7,10.21,-21.61,-25.88
BTC,1h,ema20/100,3,L,10,14,71.4,87.03,-181.76,71.92,33.6,55.12,348.09,-23.38,192.8,414.23,160.61,-181.76,193.49,104.09,142.94,-73.05,32.69,-12.28,-3.17,-76.84,221.87,-73.0,94.4,301.98,59.79,-64.21,155.62,48.45,49.07,-11.78,26.7,10.21,-21.61,-25.88
BTC,1d,ema20/100,2,L,10,14,71.4,76.58,-117.81,5.07,1.5,55.12,330.25,-117.81,131.62,432.78,66.45,-30.02,119.29,75.72,55.75,-21.96,20.79,17.96,-8.67,0.0,221.87,-73.0,94.4,301.98,59.79,-64.21,155.62,48.45,49.07,-11.78,26.7,10.21,-21.61,-25.88
BTC,1d,c>ema200,2,L+S,10,14,71.4,72.41,-66.05,39.58,8.1,55.12,387.46,-40.9,121.98,346.38,-59.97,110.64,35.15,83.88,4.44,-66.05,37.66,17.96,-9.39,44.52,221.87,-73.0,94.4,301.98,59.79,-64.21,155.62,48.45,49.07,-11.78,26.7,10.21,-21.61,-25.88
BTC,4h,ema20/50,2,L,10,14,71.4,62.59,-107.63,38.85,12.5,55.12,273.82,-51.51,155.31,244.2,68.0,-107.63,164.07,57.87,71.62,-27.99,54.16,8.74,-15.69,-18.69,221.87,-73.0,94.4,301.98,59.79,-64.21,155.62,48.45,49.07,-11.78,26.7,10.21,-21.61,-25.88
BTC,1d,ema10/30,3,L,9,14,64.3,160.42,-203.87,32.99,3.4,55.12,628.75,-126.9,514.7,614.5,304.02,-203.87,295.69,117.98,102.56,-29.85,67.96,6.04,-31.55,-14.09,221.87,-73.0,94.4,301.98,59.79,-64.21,155.62,48.45,49.07,-11.78,26.7,10.21,-21.61,-25.88
BTC,4h,ema50/200,3,L,9,14,64.3,157.9,-205.79,37.29,3.6,55.12,613.56,-175.56,491.91,612.0,326.21,-205.79,293.33,126.74,109.02,-19.79,71.6,9.38,-27.06,-14.92,221.87,-73.0,94.4,301.98,59.79,-64.21,155.62,48.45,49.07,-11.78,26.7,10.21,-21.61,-25.88
BTC,1d,c>ema100,3,L+S,9,14,64.3,143.94,-156.55,57.2,9.9,55.12,643.54,-156.55,360.29,440.52,240.98,235.17,60.97,83.64,47.21,-33.19,49.34,-3.43,-0.53,47.25,221.87,-73.0,94.4,301.98,59.79,-64.21,155.62,48.45,49.07,-11.78,26.7,10.21,-21.61,-25.88
BTC,1d,ema10/50,3,L+S,9,14,64.3,142.51,-97.49,56.42,5.9,55.12,603.4,-97.49,441.08,539.36,248.34,19.77,86.42,67.76,24.52,48.24,5.71,-6.18,-9.31,23.59,221.87,-73.0,94.4,301.98,59.79,-64.21,155.62,48.45,49.07,-11.78,26.7,10.21,-21.61,-25.88
BTC,1d,c>ema50,3,L,9,14,64.3,135.14,-162.49,47.29,7.4,55.12,561.39,-162.49,337.01,566.86,252.04,-157.36,290.45,116.03,94.24,-15.99,58.13,-0.67,-16.83,-30.88,221.87,-73.0,94.4,301.98,59.79,-64.21,155.62,48.45,49.07,-11.78,26.7,10.21,-21.61,-25.88
BTC,1d,ema5/20,3,L,9,14,64.3,110.09,-164.16,48.24,6.4,55.12,392.95,-164.16,319.32,608.57,144.14,-151.23,213.18,112.62,109.05,-43.7,74.2,-19.26,-40.99,-13.46,221.87,-73.0,94.4,301.98,59.79,-64.21,155.62,48.45,49.07,-11.78,26.7,10.21,-21.61,-25.88
BTC,1d,st2.0,3,L+S,9,14,64.3,102.96,-135.8,80.09,10.1,55.12,245.61,167.32,255.81,574.04,19.11,-85.89,135.44,127.47,99.53,-135.8,45.01,-76.37,42.34,27.76,221.87,-73.0,94.4,301.98,59.79,-64.21,155.62,48.45,49.07,-11.78,26.7,10.21,-21.61,-25.88
BTC,4h,ema20/100,3,L,9,14,64.3,102.02,-175.7,51.09,7.9,55.12,323.22,-136.43,301.58,487.34,175.31,-175.7,256.52,63.51,152.32,-30.59,63.58,4.44,-32.53,-24.26,221.87,-73.0,94.4,301.98,59.79,-64.21,155.62,48.45,49.07,-11.78,26.7,10.21,-21.61,-25.88
BTC,1d,ema20/100,3,L+S,9,14,64.3,101.25,-43.16,49.92,3.1,55.12,338.12,-43.16,145.01,543.11,48.83,134.44,31.46,104.41,9.8,-26.93,-2.67,26.93,41.37,66.78,221.87,-73.0,94.4,301.98,59.79,-64.21,155.62,48.45,49.07,-11.78,26.7,10.21,-21.61,-25.88
BTC,4h,st3.0,3,L,9,14,64.3,98.83,-159.04,55.92,15.3,55.12,284.57,-41.04,272.13,408.45,270.66,-159.04,239.68,34.65,94.31,-36.71,63.72,5.73,18.47,-71.9,221.87,-73.0,94.4,301.98,59.79,-64.21,155.62,48.45,49.07,-11.78,26.7,10.21,-21.61,-25.88
BTC,4h,ema20/100,3,L+S,9,14,64.3,97.52,-82.06,74.19,16.3,55.12,206.72,40.72,290.75,430.25,147.89,-82.06,179.27,-21.32,153.37,-27.42,51.17,-22.69,3.33,15.31,221.87,-73.0,94.4,301.98,59.79,-64.21,155.62,48.45,49.07,-11.78,26.7,10.21,-21.61,-25.88
BTC,1d,ema10/50,2,L+S,9,14,64.3,95.01,-65.0,37.61,5.9,55.12,402.27,-65.0,294.05,359.57,165.56,13.18,57.62,45.17,16.35,32.16,3.81,-4.12,-6.21,15.72,221.87,-73.0,94.4,301.98,59.79,-64.21,155.62,48.45,49.07,-11.78,26.7,10.21,-21.61,-25.88
BTC,4h,ema20/50,3,L,9,14,64.3,93.89,-161.44,58.27,12.5,55.12,410.73,-77.26,232.97,366.3,102.0,-161.44,246.1,86.81,107.44,-41.99,81.24,13.12,-23.53,-28.03,221.87,-73.0,94.4,301.98,59.79,-64.21,155.62,48.45,49.07,-11.78,26.7,10.21,-21.61,-25.88
BTC,4h,ema10/50,3,L,9,14,64.3,92.59,-197.77,63.53,17.3,55.12,482.45,-32.67,269.26,393.58,12.1,-197.77,211.68,134.47,73.13,-62.78,59.56,4.7,-6.44,-44.97,221.87,-73.0,94.4,301.98,59.79,-64.21,155.62,48.45,49.07,-11.78,26.7,10.21,-21.61,-25.88
BTC,1d,c>ema100,2,L,9,14,64.3,91.53,-159.31,19.6,4.9,55.12,439.84,-159.31,236.97,362.8,149.16,-4.29,126.49,67.55,65.53,-24.13,38.75,7.7,-22.48,-3.1,221.87,-73.0,94.4,301.98,59.79,-64.21,155.62,48.45,49.07,-11.78,26.7,10.21,-21.61,-25.88
BTC,4h,macd26/52,3,L,9,14,64.3,90.52,-76.2,52.23,23.9,55.12,238.66,14.54,231.01,365.34,13.13,-76.2,282.51,87.91,125.21,18.63,25.82,-12.49,13.79,-60.56,221.87,-73.0,94.4,301.98,59.79,-64.21,155.62,48.45,49.07,-11.78,26.7,10.21,-21.61,-25.88
BTC,1d,ema20/50,2,L+S,9,14,64.3,90.38,-49.36,38.74,4.5,55.12,364.76,-49.36,283.6,335.23,196.1,0.56,76.68,30.36,11.91,29.56,1.26,-8.13,-20.15,12.97,221.87,-73.0,94.4,301.98,59.79,-64.21,155.62,48.45,49.07,-11.78,26.7,10.21,-21.61,-25.88
BTC,1h,ema20/50,3,L,9,14,64.3,90.21,-164.1,67.49,48.1,55.12,381.73,63.52,250.66,370.41,152.32,-164.1,165.27,39.31,132.29,-78.25,28.77,-21.61,8.28,-65.62,221.87,-73.0,94.4,301.98,59.79,-64.21,155.62,48.45,49.07,-11.78,26.7,10.21,-21.61,-25.88
BTC,1h,ema50/200,3,L,9,14,64.3,87.45,-148.28,64.52,15.8,55.12,429.3,-67.75,211.58,371.42,57.05,-148.28,233.8,135.8,80.61,-62.15,49.95,3.76,-19.54,-51.3,221.87,-73.0,94.4,301.98,59.79,-64.21,155.62,48.45,49.07,-11.78,26.7,10.21,-21.61,-25.88
BTC,4h,c>ema50,3,L,9,14,64.3,86.55,-215.38,71.25,47.9,55.12,342.21,-79.05,223.31,494.74,157.95,-215.38,228.53,69.41,123.34,-77.31,42.48,-14.07,-18.36,-66.04,221.87,-73.0,94.4,301.98,59.79,-64.21,155.62,48.45,49.07,-11.78,26.7,10.21,-21.61,-25.88
BTC,4h,ema20/50,3,L+S,9,14,64.3,82.07,-56.75,89.2,25.5,55.12,356.01,149.2,196.49,205.42,-12.12,-56.75,158.49,14.7,80.01,-48.24,83.17,-5.7,22.67,5.6,221.87,-73.0,94.4,301.98,59.79,-64.21,155.62,48.45,49.07,-11.78,26.7,10.21,-21.61,-25.88
BTC,1d,c>ema200,2,L,9,14,64.3,80.33,-119.03,16.0,4.1,55.12,412.55,-119.03,148.95,424.84,21.11,-15.93,127.22,83.88,54.21,-45.4,41.73,17.96,-27.42,0.0,221.87,-73.0,94.4,301.98,59.79,-64.21,155.62,48.45,49.07,-11.78,26.7,10.21,-21.61,-25.88
BTC,4h,c>ema100,2,L,9,14,64.3,71.22,-63.75,40.12,30.7,55.12,290.0,-63.75,193.69,279.96,28.36,-57.75,182.65,74.19,76.93,-15.85,43.32,-1.07,-5.34,-28.22,221.87,-73.0,94.4,301.98,59.79,-64.21,155.62,48.45,49.07,-11.78,26.7,10.21,-21.61,-25.88
BTC,1d,ema5/20,2,L+S,9,14,64.3,70.52,-44.61,56.42,13.2,55.12,210.43,-8.83,212.08,369.78,59.93,-15.7,65.37,61.1,45.02,-34.08,52.43,-44.61,-10.52,24.83,221.87,-73.0,94.4,301.98,59.79,-64.21,155.62,48.45,49.07,-11.78,26.7,10.21,-21.61,-25.88
BTC,4h,c>ema100,2,L+S,9,14,64.3,68.95,-98.13,61.52,62.0,55.12,233.81,74.16,208.55,209.89,-98.13,63.41,146.65,45.02,59.86,-7.34,32.7,-23.2,34.86,-15.0,221.87,-73.0,94.4,301.98,59.79,-64.21,155.62,48.45,49.07,-11.78,26.7,10.21,-21.61,-25.88
BTC,1d,st2.0,2,L+S,9,14,64.3,68.64,-90.53,53.39,10.1,55.12,163.74,111.55,170.54,382.69,12.74,-57.26,90.29,84.98,66.36,-90.53,30.01,-50.91,28.23,18.51,221.87,-73.0,94.4,301.98,59.79,-64.21,155.62,48.45,49.07,-11.78,26.7,10.21,-21.61,-25.88
BTC,1d,ema20/100,2,L+S,9,14,64.3,67.5,-28.77,33.28,3.1,55.12,225.41,-28.77,96.67,362.07,32.55,89.63,20.97,69.6,6.53,-17.95,-1.78,17.96,27.58,44.52,221.87,-73.0,94.4,301.98,59.79,-64.21,155.62,48.45,49.07,-11.78,26.7,10.21,-21.61,-25.88
BTC,1h,c>ema200,3,L,9,14,64.3,64.63,-209.24,84.48,94.7,55.12,257.23,-51.52,131.59,468.39,117.49,-209.24,179.25,70.47,104.74,-57.53,21.17,-39.93,-6.93,-80.33,221.87,-73.0,94.4,301.98,59.79,-64.21,155.62,48.45,49.07,-11.78,26.7,10.21,-21.61,-25.88
BTC,1d,macd26/52,2,L+S,9,14,64.3,60.8,-73.63,62.93,7.8,55.12,405.77,-65.22,131.49,341.52,-73.63,-56.92,78.7,61.47,17.85,-4.67,14.86,-19.57,0.88,18.64,221.87,-73.0,94.4,301.98,59.79,-64.21,155.62,48.45,49.07,-11.78,26.7,10.21,-21.61,-25.88
BTC,4h,c>ema100,3,L,8,14,57.1,106.84,-95.63,60.19,30.7,55.12,435.01,-95.63,290.54,419.94,42.55,-86.63,273.97,111.29,115.39,-23.77,64.99,-1.61,-8.01,-42.33,221.87,-73.0,94.4,301.98,59.79,-64.21,155.62,48.45,49.07,-11.78,26.7,10.21,-21.61,-25.88
BTC,1d,macd26/52,3,L,8,14,57.1,104.06,-214.86,35.66,3.9,55.12,627.3,-214.86,254.57,518.73,51.1,-183.23,220.44,107.3,102.85,-21.18,45.95,-0.99,-31.55,-19.54,221.87,-73.0,94.4,301.98,59.79,-64.21,155.62,48.45,49.07,-11.78,26.7,10.21,-21.61,-25.88
BTC,1d,c>ema100,2,L+S,8,14,57.1,95.96,-104.37,38.13,9.9,55.12,429.03,-104.37,240.2,293.68,160.65,156.78,40.65,55.76,31.47,-22.13,32.89,-2.28,-0.35,31.5,221.87,-73.0,94.4,301.98,59.79,-64.21,155.62,48.45,49.07,-11.78,26.7,10.21,-21.61,-25.88
BTC,4h,ema10/30,3,L+S,8,14,57.1,95.56,-206.31,93.65,45.6,55.12,422.36,321.04,214.92,417.19,59.9,-206.31,132.61,119.87,10.07,-82.97,35.06,-38.05,44.11,-112.01,221.87,-73.0,94.4,301.98,59.79,-64.21,155.62,48.45,49.07,-11.78,26.7,10.21,-21.61,-25.88
BTC,4h,c>ema200,2,L+S,8,14,57.1,94.87,-29.1,50.18,39.9,55.12,167.78,47.87,301.82,352.29,175.74,93.75,124.85,52.64,-8.89,-24.35,8.3,-29.1,28.07,37.38,221.87,-73.0,94.4,301.98,59.79,-64.21,155.62,48.45,49.07,-11.78,26.7,10.21,-21.61,-25.88
BTC,1d,ema10/50,2,L,8,14,57.1,90.18,-140.5,19.42,2.9,55.12,416.71,-140.5,268.78,388.39,152.31,-83.11,137.32,67.58,58.78,3.6,23.6,6.75,-24.85,-12.8,221.87,-73.0,94.4,301.98,59.79,-64.21,155.62,48.45,49.07,-11.78,26.7,10.21,-21.61,-25.88
BTC,1d,ema20/50,2,L,8,14,57.1,87.3,-131.5,16.44,2.1,55.12,400.01,-131.5,258.35,374.68,164.52,-89.63,149.73,55.61,57.63,2.19,22.32,4.85,-32.15,-14.44,221.87,-73.0,94.4,301.98,59.79,-64.21,155.62,48.45,49.07,-11.78,26.7,10.21,-21.61,-25.88
BTC,4h,st2.0,3,L,8,14,57.1,85.01,-129.72,62.19,25.6,55.12,258.17,-49.71,333.37,357.34,131.52,-129.72,196.02,48.19,150.98,-57.58,25.64,-30.98,4.85,-47.95,221.87,-73.0,94.4,301.98,59.79,-64.21,155.62,48.45,49.07,-11.78,26.7,10.21,-21.61,-25.88
BTC,1d,ema5/20,2,L,8,14,57.1,73.39,-109.44,32.16,6.4,55.12,261.97,-109.44,212.88,405.71,96.09,-100.82,142.12,75.08,72.7,-29.14,49.47,-12.84,-27.32,-8.97,221.87,-73.0,94.4,301.98,59.79,-64.21,155.62,48.45,49.07,-11.78,26.7,10.21,-21.61,-25.88
BTC,1h,ema20/100,3,L+S,8,14,57.1,71.9,-111.23,101.79,67.7,55.12,278.21,238.4,113.41,329.04,85.04,-105.11,57.03,69.31,142.68,-111.23,-8.82,-56.15,58.99,-84.24,221.87,-73.0,94.4,301.98,59.79,-64.21,155.62,48.45,49.07,-11.78,26.7,10.21,-21.61,-25.88
BTC,1d,macd26/52,2,L,8,14,57.1,69.38,-143.24,23.77,3.9,55.12,418.2,-143.24,169.71,345.82,34.06,-122.16,146.96,71.53,68.57,-14.12,30.63,-0.66,-21.03,-13.02,221.87,-73.0,94.4,301.98,59.79,-64.21,155.62,48.45,49.07,-11.78,26.7,10.21,-21.61,-25.88
BTC,4h,ema10/30,2,L,8,14,57.1,68.58,-155.09,43.97,22.6,55.12,318.08,8.11,160.82,314.7,97.09,-155.09,153.28,86.47,47.79,-38.81,37.04,-1.99,-8.04,-59.38,221.87,-73.0,94.4,301.98,59.79,-64.21,155.62,48.45,49.07,-11.78,26.7,10.21,-21.61,-25.88
BTC,4h,ema20/100,2,L+S,8,14,57.1,65.01,-54.71,49.46,16.3,55.12,137.81,27.15,193.83,286.84,98.59,-54.71,119.51,-14.21,102.24,-18.28,34.11,-15.12,2.22,10.21,221.87,-73.0,94.4,301.98,59.79,-64.21,155.62,48.45,49.07,-11.78,26.7,10.21,-21.61,-25.88
BTC,1d,macd12/26,2,L,8,14,57.1,60.89,-96.48,32.56,8.5,55.12,286.33,-54.78,84.19,327.66,99.61,-96.48,131.16,50.97,61.15,-37.89,25.05,14.68,-32.89,-6.25,221.87,-73.0,94.4,301.98,59.79,-64.21,155.62,48.45,49.07,-11.78,26.7,10.21,-21.61,-25.88
BTC,1d,ema50/200,2,L,8,14,57.1,60.79,-98.44,0.28,1.2,55.12,239.6,-98.44,75.02,335.37,25.4,-25.03,120.85,83.88,97.25,-25.71,45.37,17.96,-40.41,0.0,221.87,-73.0,94.4,301.98,59.79,-64.21,155.62,48.45,49.07,-11.78,26.7,10.21,-21.61,-25.88
BTC,4h,macd26/52,2,L,8,14,57.1,60.35,-50.8,34.82,23.9,55.12,159.1,9.69,154.0,243.56,8.75,-50.8,188.34,58.61,83.47,12.42,17.22,-8.33,9.2,-40.38,221.87,-73.0,94.4,301.98,59.79,-64.21,155.62,48.45,49.07,-11.78,26.7,10.21,-21.61,-25.88
BTC,1h,ema50/200,2,L,8,14,57.1,58.3,-98.85,43.01,15.8,55.12,286.2,-45.17,141.05,247.62,38.03,-98.85,155.87,90.53,53.74,-41.43,33.3,2.51,-13.02,-34.2,221.87,-73.0,94.4,301.98,59.79,-64.21,155.62,48.45,49.07,-11.78,26.7,10.21,-21.61,-25.88
BTC,4h,c>ema50,2,L,8,14,57.1,57.7,-143.59,47.5,47.9,55.12,228.14,-52.7,148.87,329.83,105.3,-143.59,152.35,46.27,82.23,-51.54,28.32,-9.38,-12.24,-44.03,221.87,-73.0,94.4,301.98,59.79,-64.21,155.62,48.45,49.07,-11.78,26.7,10.21,-21.61,-25.88
BTC,4h,ema20/50,2,L+S,8,14,57.1,54.71,-37.83,59.47,25.5,55.12,237.34,99.46,130.99,136.95,-8.08,-37.83,105.66,9.8,53.34,-32.16,55.45,-3.8,15.11,3.73,221.87,-73.0,94.4,301.98,59.79,-64.21,155.62,48.45,49.07,-11.78,26.7,10.21,-21.61,-25.88
BTC,1d,ema20/50,3,L+S,7,14,50.0,135.57,-74.04,58.11,4.5,55.12,547.14,-74.04,425.4,502.84,294.15,0.84,115.01,45.53,17.87,44.35,1.9,-12.19,-30.22,19.45,221.87,-73.0,94.4,301.98,59.79,-64.21,155.62,48.45,49.07,-11.78,26.7,10.21,-21.61,-25.88
BTC,1d,st3.0,3,L+S,7,14,50.0,106.27,-85.95,64.66,6.1,55.12,69.09,76.92,351.05,566.08,293.03,-85.95,131.45,-12.8,70.54,-38.02,5.71,-2.24,35.13,27.76,221.87,-73.0,94.4,301.98,59.79,-64.21,155.62,48.45,49.07,-11.78,26.7,10.21,-21.61,-25.88
BTC,4h,st3.0,3,L+S,7,14,50.0,95.15,-76.15,83.75,30.9,55.12,156.03,199.94,282.88,285.65,310.83,-57.12,149.64,-68.79,51.4,-39.69,52.7,-20.63,105.36,-76.15,221.87,-73.0,94.4,301.98,59.79,-64.21,155.62,48.45,49.07,-11.78,26.7,10.21,-21.61,-25.88
BTC,4h,ema5/20,3,L+S,7,14,50.0,94.67,-131.42,91.05,74.0,55.12,225.36,369.08,155.32,349.71,191.11,-131.42,39.34,38.65,222.98,-60.42,-5.56,-84.25,76.4,-60.99,221.87,-73.0,94.4,301.98,59.79,-64.21,155.62,48.45,49.07,-11.78,26.7,10.21,-21.61,-25.88
BTC,1d,macd26/52,3,L+S,7,14,50.0,91.2,-110.44,94.39,7.8,55.12,608.66,-97.83,197.24,512.27,-110.44,-85.38,118.05,92.21,26.77,-7.0,22.29,-29.36,1.32,27.96,221.87,-73.0,94.4,301.98,59.79,-64.21,155.62,48.45,49.07,-11.78,26.7,10.21,-21.61,-25.88
BTC,4h,macd26/52,3,L+S,7,14,50.0,80.86,-207.64,95.07,48.1,55.12,68.71,323.9,185.41,239.43,-207.64,99.84,235.83,41.36,110.98,72.06,-20.89,-57.84,95.49,-54.65,221.87,-73.0,94.4,301.98,59.79,-64.21,155.62,48.45,49.07,-11.78,26.7,10.21,-21.61,-25.88
BTC,1d,macd12/26,3,L+S,7,14,50.0,79.81,-76.13,70.58,16.9,55.12,358.29,127.09,5.94,440.91,74.45,-6.08,76.58,32.36,46.31,-76.13,4.2,14.88,-30.25,48.81,221.87,-73.0,94.4,301.98,59.79,-64.21,155.62,48.45,49.07,-11.78,26.7,10.21,-21.61,-25.88
BTC,1h,ema10/50,3,L,7,14,50.0,77.07,-207.85,85.0,68.6,55.12,340.87,22.17,232.9,393.92,203.41,-207.85,164.24,-0.68,157.92,-112.23,21.11,-18.4,-24.12,-94.22,221.87,-73.0,94.4,301.98,59.79,-64.21,155.62,48.45,49.07,-11.78,26.7,10.21,-21.61,-25.88
BTC,1h,st3.0,3,L,7,14,50.0,75.62,-198.35,79.86,55.7,55.12,431.84,-40.38,266.01,362.61,78.82,-198.35,161.04,33.23,107.44,-47.38,19.73,-14.16,-26.88,-74.9,221.87,-73.0,94.4,301.98,59.79,-64.21,155.62,48.45,49.07,-11.78,26.7,10.21,-21.61,-25.88
BTC,4h,c>ema50,3,L+S,7,14,50.0,71.91,-172.77,104.09,96.2,55.12,282.07,136.08,182.53,472.28,73.41,-172.77,127.98,4.39,104.09,-120.39,11.1,-59.95,32.03,-66.08,221.87,-73.0,94.4,301.98,59.79,-64.21,155.62,48.45,49.07,-11.78,26.7,10.21,-21.61,-25.88
BTC,1d,st3.0,2,L+S,7,14,50.0,70.84,-57.3,43.11,6.1,55.12,46.06,51.28,234.03,377.38,195.36,-57.3,87.63,-8.53,47.02,-25.35,3.81,-1.49,23.42,18.51,221.87,-73.0,94.4,301.98,59.79,-64.21,155.62,48.45,49.07,-11.78,26.7,10.21,-21.61,-25.88
BTC,4h,ema20/100,2,L,7,14,50.0,68.01,-117.13,34.06,7.9,55.12,215.48,-90.95,201.05,324.89,116.87,-117.13,171.01,42.34,101.54,-20.4,42.39,2.96,-21.69,-16.17,221.87,-73.0,94.4,301.98,59.79,-64.21,155.62,48.45,49.07,-11.78,26.7,10.21,-21.61,-25.88
BTC,4h,st3.0,2,L,7,14,50.0,65.89,-106.02,37.28,15.3,55.12,189.71,-27.36,181.42,272.3,180.44,-106.02,159.79,23.1,62.87,-24.47,42.48,3.82,12.32,-47.93,221.87,-73.0,94.4,301.98,59.79,-64.21,155.62,48.45,49.07,-11.78,26.7,10.21,-21.61,-25.88
BTC,1d,ema10/30,1,L+S,7,14,50.0,61.01,-49.76,17.86,7.0,55.12,203.62,23.46,195.22,197.67,125.22,-49.76,85.93,34.52,17.09,-8.27,22.47,-4.96,0.44,11.49,221.87,-73.0,94.4,301.98,59.79,-64.21,155.62,48.45,49.07,-11.78,26.7,10.21,-21.61,-25.88
BTC,4h,ema50/200,1,L+S,7,14,50.0,58.6,-51.79,19.75,7.4,55.12,194.37,-9.46,180.64,196.58,135.82,-51.79,84.48,36.32,22.64,-2.17,22.04,-3.84,3.82,10.91,221.87,-73.0,94.4,301.98,59.79,-64.21,155.62,48.45,49.07,-11.78,26.7,10.21,-21.61,-25.88
BTC,1h,ema20/100,2,L,7,14,50.0,58.02,-121.17,47.95,33.6,55.12,232.06,-15.59,128.53,276.16,107.07,-121.17,128.99,69.39,95.29,-48.7,21.79,-8.18,-2.11,-51.23,221.87,-73.0,94.4,301.98,59.79,-64.21,155.62,48.45,49.07,-11.78,26.7,10.21,-21.61,-25.88
BTC,4h,macd26/52,2,L+S,7,14,50.0,53.91,-138.42,63.38,48.1,55.12,45.81,215.94,123.61,159.62,-138.42,66.56,157.22,27.57,73.99,48.04,-13.92,-38.56,63.66,-36.44,221.87,-73.0,94.4,301.98,59.79,-64.21,155.62,48.45,49.07,-11.78,26.7,10.21,-21.61,-25.88
BTC,4h,ema10/50,2,L+S,7,14,50.0,51.68,-125.54,66.78,35.1,55.12,288.98,150.53,178.4,179.8,-125.54,-86.29,69.29,84.72,8.82,-60.7,29.57,-14.98,38.69,-17.71,221.87,-73.0,94.4,301.98,59.79,-64.21,155.62,48.45,49.07,-11.78,26.7,10.21,-21.61,-25.88
BTC,1d,ema50/200,3,L+S,7,14,50.0,51.33,-81.77,57.05,2.1,55.12,118.04,-11.06,-3.25,191.29,-81.77,143.45,22.05,125.82,145.87,-38.57,68.05,26.93,-54.96,66.78,221.87,-73.0,94.4,301.98,59.79,-64.21,155.62,48.45,49.07,-11.78,26.7,10.21,-21.61,-25.88
BTC,1h,c>ema100,3,L,7,14,50.0,48.98,-290.41,95.63,133.5,55.12,209.76,-45.86,145.23,382.2,205.44,-290.41,141.7,107.63,88.68,-97.7,-5.51,-51.23,-1.91,-102.27,221.87,-73.0,94.4,301.98,59.79,-64.21,155.62,48.45,49.07,-11.78,26.7,10.21,-21.61,-25.88
BTC,1d,c>ema100,1,L+S,7,14,50.0,47.98,-52.18,19.07,9.9,55.12,214.51,-52.18,120.1,146.84,80.33,78.39,20.32,27.88,15.74,-11.06,16.45,-1.14,-0.18,15.75,221.87,-73.0,94.4,301.98,59.79,-64.21,155.62,48.45,49.07,-11.78,26.7,10.21,-21.61,-25.88
BTC,1d,ema10/50,1,L+S,7,14,50.0,47.51,-32.5,18.81,5.9,55.12,201.13,-32.5,147.03,179.79,82.78,6.59,28.81,22.59,8.17,16.08,1.9,-2.06,-3.1,7.86,221.87,-73.0,94.4,301.98,59.79,-64.21,155.62,48.45,49.07,-11.78,26.7,10.21,-21.61,-25.88
BTC,1h,macd26/52,3,L,7,14,50.0,46.5,-277.61,99.22,94.6,55.12,289.93,-183.98,201.31,352.44,111.39,-277.61,134.55,87.26,38.68,-39.38,33.41,13.99,-81.24,-29.68,221.87,-73.0,94.4,301.98,59.79,-64.21,155.62,48.45,49.07,-11.78,26.7,10.21,-21.61,-25.88
BTC,1d,c>ema50,1,L+S,7,14,50.0,46.37,-16.19,24.43,15.1,55.12,170.48,0.55,101.1,163.69,82.44,-16.19,82.75,31.2,13.37,1.62,16.45,-9.5,10.85,0.31,221.87,-73.0,94.4,301.98,59.79,-64.21,155.62,48.45,49.07,-11.78,26.7,10.21,-21.61,-25.88
BTC,1d,ema20/50,1,L+S,7,14,50.0,45.19,-24.68,19.37,4.5,55.12,182.38,-24.68,141.8,167.61,98.05,0.28,38.34,15.18,5.96,14.78,0.63,-4.06,-10.07,6.48,221.87,-73.0,94.4,301.98,59.79,-64.21,155.62,48.45,49.07,-11.78,26.7,10.21,-21.61,-25.88
BTC,1d,ema10/50,1,L,7,14,50.0,45.09,-70.25,9.71,2.9,55.12,208.35,-70.25,134.39,194.2,76.16,-41.56,68.66,33.79,29.39,1.8,11.8,3.38,-12.43,-6.4,221.87,-73.0,94.4,301.98,59.79,-64.21,155.62,48.45,49.07,-11.78,26.7,10.21,-21.61,-25.88
BTC,1d,c>ema50,1,L,7,14,50.0,45.05,-54.16,15.76,7.4,55.12,187.13,-54.16,112.34,188.95,84.01,-52.45,96.82,38.68,31.41,-5.33,19.38,-0.22,-5.61,-10.29,221.87,-73.0,94.4,301.98,59.79,-64.21,155.62,48.45,49.07,-11.78,26.7,10.21,-21.61,-25.88
BTC,1d,ema20/50,1,L,7,14,50.0,43.65,-65.75,8.22,2.1,55.12,200.01,-65.75,129.18,187.34,82.26,-44.82,74.87,27.81,28.81,1.1,11.16,2.43,-16.08,-7.22,221.87,-73.0,94.4,301.98,59.79,-64.21,155.62,48.45,49.07,-11.78,26.7,10.21,-21.61,-25.88
BTC,1d,ema50/200,2,L+S,7,14,50.0,34.22,-54.51,38.03,2.1,55.12,78.69,-7.37,-2.17,127.52,-54.51,95.64,14.7,83.88,97.25,-25.71,45.37,17.96,-36.64,44.52,221.87,-73.0,94.4,301.98,59.79,-64.21,155.62,48.45,49.07,-11.78,26.7,10.21,-21.61,-25.88
BTC,4h,ema20/100,1,L,7,14,50.0,34.01,-58.57,17.03,7.9,55.12,107.74,-45.48,100.53,162.45,58.44,-58.57,85.51,21.17,50.77,-10.2,21.19,1.48,-10.84,-8.09,221.87,-73.0,94.4,301.98,59.79,-64.21,155.62,48.45,49.07,-11.78,26.7,10.21,-21.61,-25.88
BTC,4h,ema20/100,1,L+S,7,14,50.0,32.51,-27.35,24.73,16.3,55.12,68.91,13.57,96.92,143.42,49.3,-27.35,59.76,-7.11,51.12,-9.14,17.06,-7.56,1.11,5.1,221.87,-73.0,94.4,301.98,59.79,-64.21,155.62,48.45,49.07,-11.78,26.7,10.21,-21.61,-25.88
BTC,1h,ema20/50,3,L+S,6,14,42.9,79.22,-122.74,102.61,96.4,55.12,351.58,411.55,227.1,238.95,85.63,-78.73,2.08,-57.02,124.08,-122.74,-15.9,-75.36,81.14,-63.3,221.87,-73.0,94.4,301.98,59.79,-64.21,155.62,48.45,49.07,-11.78,26.7,10.21,-21.61,-25.88
BTC,4h,ema10/50,3,L+S,6,14,42.9,77.53,-188.32,100.17,35.1,55.12,433.47,225.79,267.61,269.7,-188.32,-129.43,103.94,127.08,13.22,-91.05,44.36,-22.48,58.04,-26.56,221.87,-73.0,94.4,301.98,59.79,-64.21,155.62,48.45,49.07,-11.78,26.7,10.21,-21.61,-25.88
BTC,1d,st3.0,2,L,6,14,42.9,73.74,-114.48,17.84,2.9,55.12,165.38,-87.13,250.54,395.09,174.6,-114.48,151.57,39.9,71.54,-24.37,23.6,8.14,-10.13,-11.89,221.87,-73.0,94.4,301.98,59.79,-64.21,155.62,48.45,49.07,-11.78,26.7,10.21,-21.61,-25.88
BTC,1h,ema50/200,3,L+S,6,14,42.9,65.74,-100.92,102.7,32.1,55.12,338.19,157.78,145.57,224.46,-100.92,-29.96,148.54,106.45,26.01,-87.94,24.71,-24.66,31.34,-39.25,221.87,-73.0,94.4,301.98,59.79,-64.21,155.62,48.45,49.07,-11.78,26.7,10.21,-21.61,-25.88
BTC,4h,ema5/20,2,L,6,14,42.9,65.2,-130.04,41.14,36.8,55.12,208.39,29.55,143.38,282.08,143.19,-130.04,120.74,57.87,122.67,-30.78,22.35,-17.32,3.23,-42.54,221.87,-73.0,94.4,301.98,59.79,-64.21,155.62,48.45,49.07,-11.78,26.7,10.21,-21.61,-25.88
BTC,4h,st3.0,2,L+S,6,14,42.9,63.43,-50.77,55.83,30.9,55.12,104.02,133.29,188.59,190.43,207.22,-38.08,99.76,-45.86,34.27,-26.46,35.13,-13.76,70.24,-50.77,221.87,-73.0,94.4,301.98,59.79,-64.21,155.62,48.45,49.07,-11.78,26.7,10.21,-21.61,-25.88
BTC,4h,ema10/50,2,L,6,14,42.9,61.73,-131.85,42.35,17.3,55.12,321.63,-21.78,179.51,262.38,8.07,-131.85,141.12,89.65,48.75,-41.85,39.71,3.14,-4.29,-29.98,221.87,-73.0,94.4,301.98,59.79,-64.21,155.62,48.45,49.07,-11.78,26.7,10.21,-21.61,-25.88
BTC,1h,ema20/50,2,L,6,14,42.9,60.14,-109.4,45.0,48.1,55.12,254.49,42.35,167.11,246.94,101.55,-109.4,110.18,26.21,88.19,-52.16,19.18,-14.41,5.52,-43.75,221.87,-73.0,94.4,301.98,59.79,-64.21,155.62,48.45,49.07,-11.78,26.7,10.21,-21.61,-25.88
BTC,1h,ema10/30,3,L,6,14,42.9,57.82,-237.92,89.61,92.3,55.12,374.07,-33.91,107.79,336.77,134.81,-237.92,130.72,34.05,151.57,-48.81,-6.61,-6.22,-38.85,-87.98,221.87,-73.0,94.4,301.98,59.79,-64.21,155.62,48.45,49.07,-11.78,26.7,10.21,-21.61,-25.88
BTC,1d,ema10/30,1,L,6,14,42.9,53.47,-67.96,11.0,3.4,55.12,209.58,-42.3,171.57,204.83,101.34,-67.96,98.56,39.33,34.19,-9.95,22.65,2.01,-10.52,-4.7,221.87,-73.0,94.4,301.98,59.79,-64.21,155.62,48.45,49.07,-11.78,26.7,10.21,-21.61,-25.88
BTC,1h,ema20/50,2,L+S,6,14,42.9,52.81,-81.83,68.4,96.4,55.12,234.38,274.37,151.4,159.3,57.08,-52.49,1.38,-38.01,82.72,-81.83,-10.6,-50.24,54.09,-42.2,221.87,-73.0,94.4,301.98,59.79,-64.21,155.62,48.45,49.07,-11.78,26.7,10.21,-21.61,-25.88
BTC,4h,ema50/200,1,L,6,14,42.9,52.64,-68.6,12.43,3.6,55.12,204.52,-58.52,163.97,204.0,108.74,-68.6,97.78,42.25,36.34,-6.6,23.87,3.13,-9.02,-4.97,221.87,-73.0,94.4,301.98,59.79,-64.21,155.62,48.45,49.07,-11.78,26.7,10.21,-21.61,-25.88
BTC,1h,ema10/50,2,L,6,14,42.9,51.38,-138.57,56.67,68.6,55.12,227.24,14.78,155.27,262.61,135.61,-138.57,109.49,-0.45,105.28,-74.82,14.07,-12.27,-16.08,-62.82,221.87,-73.0,94.4,301.98,59.79,-64.21,155.62,48.45,49.07,-11.78,26.7,10.21,-21.61,-25.88
BTC,1h,ema10/50,3,L+S,6,14,42.9,50.3,-191.5,120.88,137.2,55.12,255.29,327.95,190.79,280.5,180.04,-168.98,-5.31,-137.32,173.68,-191.5,-32.4,-69.09,17.82,-117.26,221.87,-73.0,94.4,301.98,59.79,-64.21,155.62,48.45,49.07,-11.78,26.7,10.21,-21.61,-25.88
BTC,4h,macd12/26,3,L,6,14,42.9,49.96,-204.62,83.2,50.3,55.12,269.6,-27.38,232.3,282.25,-55.53,-204.62,199.55,-9.44,110.54,-34.91,15.04,-24.49,-11.98,-41.49,221.87,-73.0,94.4,301.98,59.79,-64.21,155.62,48.45,49.07,-11.78,26.7,10.21,-21.61,-25.88
BTC,4h,c>ema200,1,L+S,6,14,42.9,47.43,-14.55,25.09,39.9,55.12,83.89,23.93,150.91,176.14,87.87,46.88,62.42,26.32,-4.44,-12.18,4.15,-14.55,14.04,18.69,221.87,-73.0,94.4,301.98,59.79,-64.21,155.62,48.45,49.07,-11.78,26.7,10.21,-21.61,-25.88
BTC,4h,st2.0,2,L+S,6,14,42.9,46.81,-63.67,64.19,51.4,55.12,81.45,121.88,261.86,146.54,22.35,-2.35,43.98,-24.78,105.32,-55.1,-14.0,-63.67,50.28,-18.39,221.87,-73.0,94.4,301.98,59.79,-64.21,155.62,48.45,49.07,-11.78,26.7,10.21,-21.61,-25.88
BTC,4h,c>ema200,1,L,6,14,42.9,44.9,-41.46,14.95,19.8,55.12,121.31,-41.46,148.83,197.59,79.32,-19.03,86.96,37.24,22.22,-12.12,15.07,-2.15,-4.15,-1.09,221.87,-73.0,94.4,301.98,59.79,-64.21,155.62,48.45,49.07,-11.78,26.7,10.21,-21.61,-25.88
BTC,1h,ema50/200,2,L+S,6,14,42.9,43.82,-67.28,68.47,32.1,55.12,225.46,105.18,97.04,149.64,-67.28,-19.97,99.03,70.96,17.34,-58.63,16.47,-16.44,20.89,-26.16,221.87,-73.0,94.4,301.98,59.79,-64.21,155.62,48.45,49.07,-11.78,26.7,10.21,-21.61,-25.88
BTC,1d,st3.0,1,L,6,14,42.9,36.87,-57.24,8.92,2.9,55.12,82.69,-43.57,125.27,197.54,87.3,-57.24,75.79,19.95,35.77,-12.19,11.8,4.07,-5.06,-5.94,221.87,-73.0,94.4,301.98,59.79,-64.21,155.62,48.45,49.07,-11.78,26.7,10.21,-21.61,-25.88
BTC,4h,c>ema100,1,L,6,14,42.9,35.61,-31.88,20.06,30.7,55.12,145.0,-31.88,96.85,139.98,14.18,-28.88,91.32,37.1,38.46,-7.92,21.66,-0.54,-2.67,-14.11,221.87,-73.0,94.4,301.98,59.79,-64.21,155.62,48.45,49.07,-11.78,26.7,10.21,-21.61,-25.88
BTC,1d,st3.0,1,L+S,6,14,42.9,35.42,-28.65,21.55,6.1,55.12,23.03,25.64,117.02,188.69,97.68,-28.65,43.82,-4.27,23.51,-12.67,1.9,-0.75,11.71,9.25,221.87,-73.0,94.4,301.98,59.79,-64.21,155.62,48.45,49.07,-11.78,26.7,10.21,-21.61,-25.88
BTC,4h,c>ema100,1,L+S,6,14,42.9,34.47,-49.06,30.76,62.0,55.12,116.91,37.08,104.28,104.95,-49.06,31.7,73.33,22.51,29.93,-3.67,16.35,-11.6,17.43,-7.5,221.87,-73.0,94.4,301.98,59.79,-64.21,155.62,48.45,49.07,-11.78,26.7,10.21,-21.61,-25.88
BTC,1h,c>ema100,2,L,6,14,42.9,32.66,-193.61,63.75,133.5,55.12,139.84,-30.58,96.82,254.8,136.96,-193.61,94.47,71.75,59.12,-65.13,-3.67,-34.15,-1.27,-68.18,221.87,-73.0,94.4,301.98,59.79,-64.21,155.62,48.45,49.07,-11.78,26.7,10.21,-21.61,-25.88
BTC,4h,ema5/20,1,L+S,6,14,42.9,31.56,-43.81,30.35,74.0,55.12,75.12,123.03,51.77,116.57,63.7,-43.81,13.11,12.88,74.33,-20.14,-1.85,-28.08,25.47,-20.33,221.87,-73.0,94.4,301.98,59.79,-64.21,155.62,48.45,49.07,-11.78,26.7,10.21,-21.61,-25.88
BTC,4h,st2.0,1,L,6,14,42.9,28.34,-43.24,20.73,25.6,55.12,86.06,-16.57,111.12,119.11,43.84,-43.24,65.34,16.06,50.33,-19.19,8.55,-10.33,1.62,-15.98,221.87,-73.0,94.4,301.98,59.79,-64.21,155.62,48.45,49.07,-11.78,26.7,10.21,-21.61,-25.88
BTC,4h,st2.0,1,L+S,6,14,42.9,23.4,-31.84,32.1,51.4,55.12,40.72,60.94,130.93,73.27,11.17,-1.18,21.99,-12.39,52.66,-27.55,-7.0,-31.84,25.14,-9.2,221.87,-73.0,94.4,301.98,59.79,-64.21,155.62,48.45,49.07,-11.78,26.7,10.21,-21.61,-25.88
BTC,4h,st2.0,3,L+S,5,14,35.7,70.22,-95.51,96.29,51.4,55.12,122.17,182.81,392.79,219.81,33.52,-3.53,65.97,-37.17,157.99,-82.65,-21.0,-95.51,75.43,-27.59,221.87,-73.0,94.4,301.98,59.79,-64.21,155.62,48.45,49.07,-11.78,26.7,10.21,-21.61,-25.88
BTC,4h,ema10/30,2,L+S,5,14,35.7,63.7,-137.54,62.44,45.6,55.12,281.58,214.03,143.28,278.13,39.93,-137.54,88.4,79.91,6.71,-55.31,23.37,-25.37,29.41,-74.67,221.87,-73.0,94.4,301.98,59.79,-64.21,155.62,48.45,49.07,-11.78,26.7,10.21,-21.61,-25.88
BTC,4h,ema5/20,2,L+S,5,14,35.7,63.11,-87.61,60.7,74.0,55.12,150.24,246.05,103.54,233.14,127.41,-87.61,26.23,25.77,148.65,-40.28,-3.71,-56.17,50.93,-40.66,221.87,-73.0,94.4,301.98,59.79,-64.21,155.62,48.45,49.07,-11.78,26.7,10.21,-21.61,-25.88
BTC,4h,st2.0,2,L,5,14,35.7,56.67,-86.48,41.46,25.6,55.12,172.11,-33.14,222.25,238.22,87.68,-86.48,130.68,32.13,100.66,-38.39,17.1,-20.65,3.23,-31.97,221.87,-73.0,94.4,301.98,59.79,-64.21,155.62,48.45,49.07,-11.78,26.7,10.21,-21.61,-25.88
BTC,1d,macd12/26,2,L+S,5,14,35.7,53.21,-50.75,47.05,16.9,55.12,238.86,84.72,3.96,293.94,49.64,-4.05,51.05,21.57,30.87,-50.75,2.8,9.92,-20.17,32.54,221.87,-73.0,94.4,301.98,59.79,-64.21,155.62,48.45,49.07,-11.78,26.7,10.21,-21.61,-25.88
BTC,1h,st3.0,2,L,5,14,35.7,50.41,-132.23,53.24,55.7,55.12,287.89,-26.92,177.34,241.74,52.55,-132.23,107.36,22.15,71.62,-31.59,13.16,-9.44,-17.92,-49.93,221.87,-73.0,94.4,301.98,59.79,-64.21,155.62,48.45,49.07,-11.78,26.7,10.21,-21.61,-25.88
BTC,1h,st3.0,3,L+S,5,14,35.7,49.66,-141.12,112.69,111.2,55.12,444.89,201.86,240.87,243.06,-67.45,-141.12,-0.54,-69.65,74.75,-63.18,-35.11,-61.56,12.31,-83.84,221.87,-73.0,94.4,301.98,59.79,-64.21,155.62,48.45,49.07,-11.78,26.7,10.21,-21.61,-25.88
BTC,4h,c>ema50,2,L+S,5,14,35.7,47.94,-115.18,69.39,96.2,55.12,188.05,90.72,121.68,314.85,48.94,-115.18,85.32,2.93,69.4,-80.26,7.4,-39.97,21.35,-44.05,221.87,-73.0,94.4,301.98,59.79,-64.21,155.62,48.45,49.07,-11.78,26.7,10.21,-21.61,-25.88
BTC,1d,c>ema100,1,L,5,14,35.7,45.77,-79.66,9.8,4.9,55.12,219.92,-79.66,118.48,181.4,74.58,-2.15,63.25,33.77,32.77,-12.06,19.38,3.85,-11.24,-1.55,221.87,-73.0,94.4,301.98,59.79,-64.21,155.62,48.45,49.07,-11.78,26.7,10.21,-21.61,-25.88
BTC,1h,c>ema200,2,L,5,14,35.7,43.09,-139.49,56.32,94.7,55.12,171.49,-34.35,87.73,312.26,78.32,-139.49,119.5,46.98,69.83,-38.36,14.11,-26.62,-4.62,-53.55,221.87,-73.0,94.4,301.98,59.79,-64.21,155.62,48.45,49.07,-11.78,26.7,10.21,-21.61,-25.88
BTC,1d,ema20/100,1,L,5,14,35.7,38.29,-58.9,2.53,1.5,55.12,165.12,-58.9,65.81,216.39,33.23,-15.01,59.65,37.86,27.87,-10.98,10.4,8.98,-4.33,0.0,221.87,-73.0,94.4,301.98,59.79,-64.21,155.62,48.45,49.07,-11.78,26.7,10.21,-21.61,-25.88
BTC,1d,ema5/20,1,L,5,14,35.7,36.7,-54.72,16.08,6.4,55.12,130.98,-54.72,106.44,202.86,48.05,-50.41,71.06,37.54,36.35,-14.57,24.73,-6.42,-13.66,-4.49,221.87,-73.0,94.4,301.98,59.79,-64.21,155.62,48.45,49.07,-11.78,26.7,10.21,-21.61,-25.88
BTC,1d,ema5/20,1,L+S,5,14,35.7,35.26,-22.31,28.21,13.2,55.12,105.21,-4.41,106.04,184.89,29.97,-7.85,32.69,30.55,22.51,-17.04,26.22,-22.31,-5.26,12.41,221.87,-73.0,94.4,301.98,59.79,-64.21,155.62,48.45,49.07,-11.78,26.7,10.21,-21.61,-25.88
BTC,1d,macd26/52,1,L,5,14,35.7,34.69,-71.62,11.89,3.9,55.12,209.1,-71.62,84.86,172.91,17.03,-61.08,73.48,35.77,34.28,-7.06,15.32,-0.33,-10.52,-6.51,221.87,-73.0,94.4,301.98,59.79,-64.21,155.62,48.45,49.07,-11.78,26.7,10.21,-21.61,-25.88
BTC,1d,ema20/100,1,L+S,5,14,35.7,33.75,-14.39,16.64,3.1,55.12,112.71,-14.39,48.34,181.04,16.28,44.81,10.49,34.8,3.27,-8.98,-0.89,8.98,13.79,22.26,221.87,-73.0,94.4,301.98,59.79,-64.21,155.62,48.45,49.07,-11.78,26.7,10.21,-21.61,-25.88
BTC,1h,ema10/50,2,L+S,5,14,35.7,33.53,-127.67,80.58,137.2,55.12,170.2,218.64,127.19,187.0,120.02,-112.66,-3.54,-91.54,115.79,-127.67,-21.6,-46.06,11.88,-78.18,221.87,-73.0,94.4,301.98,59.79,-64.21,155.62,48.45,49.07,-11.78,26.7,10.21,-21.61,-25.88
BTC,1h,st3.0,2,L+S,5,14,35.7,33.11,-94.08,75.12,111.2,55.12,296.59,134.57,160.58,162.04,-44.97,-94.08,-0.36,-46.43,49.84,-42.12,-23.4,-41.04,8.21,-55.89,221.87,-73.0,94.4,301.98,59.79,-64.21,155.62,48.45,49.07,-11.78,26.7,10.21,-21.61,-25.88
BTC,4h,st3.0,1,L,5,14,35.7,32.95,-53.01,18.64,15.3,55.12,94.86,-13.68,90.71,136.15,90.22,-53.01,79.89,11.55,31.44,-12.24,21.24,1.91,6.16,-23.97,221.87,-73.0,94.4,301.98,59.79,-64.21,155.62,48.45,49.07,-11.78,26.7,10.21,-21.61,-25.88
BTC,4h,ema5/20,1,L,5,14,35.7,32.6,-65.02,20.57,36.8,55.12,104.19,14.78,71.69,141.04,71.59,-65.02,60.37,28.94,61.33,-15.39,11.18,-8.66,1.62,-21.27,221.87,-73.0,94.4,301.98,59.79,-64.21,155.62,48.45,49.07,-11.78,26.7,10.21,-21.61,-25.88
BTC,4h,st3.0,1,L+S,5,14,35.7,31.72,-25.38,27.92,30.9,55.12,52.01,66.65,94.29,95.22,103.61,-19.04,49.88,-22.93,17.13,-13.23,17.57,-6.88,35.12,-25.38,221.87,-73.0,94.4,301.98,59.79,-64.21,155.62,48.45,49.07,-11.78,26.7,10.21,-21.61,-25.88
BTC,4h,ema20/50,1,L,5,14,35.7,31.3,-53.81,19.43,12.5,55.12,136.91,-25.75,77.66,122.1,34.0,-53.81,82.03,28.94,35.81,-14.0,27.08,4.37,-7.84,-9.34,221.87,-73.0,94.4,301.98,59.79,-64.21,155.62,48.45,49.07,-11.78,26.7,10.21,-21.61,-25.88
BTC,1d,macd26/52,1,L+S,5,14,35.7,30.4,-36.81,31.46,7.8,55.12,202.89,-32.61,65.75,170.76,-36.81,-28.46,39.35,30.74,8.92,-2.33,7.43,-9.79,0.44,9.32,221.87,-73.0,94.4,301.98,59.79,-64.21,155.62,48.45,49.07,-11.78,26.7,10.21,-21.61,-25.88
BTC,4h,macd26/52,1,L,5,14,35.7,30.17,-25.4,17.41,23.9,55.12,79.55,4.85,77.0,121.78,4.38,-25.4,94.17,29.3,41.74,6.21,8.61,-4.16,4.6,-20.19,221.87,-73.0,94.4,301.98,59.79,-64.21,155.62,48.45,49.07,-11.78,26.7,10.21,-21.61,-25.88
BTC,4h,ema20/50,1,L+S,5,14,35.7,27.36,-18.92,29.73,25.5,55.12,118.67,49.73,65.5,68.47,-4.04,-18.92,52.83,4.9,26.67,-16.08,27.72,-1.9,7.56,1.87,221.87,-73.0,94.4,301.98,59.79,-64.21,155.62,48.45,49.07,-11.78,26.7,10.21,-21.61,-25.88
BTC,4h,macd26/52,1,L+S,5,14,35.7,26.95,-69.21,31.69,48.1,55.12,22.9,107.97,61.8,79.81,-69.21,33.28,78.61,13.79,36.99,24.02,-6.96,-19.28,31.83,-18.22,221.87,-73.0,94.4,301.98,59.79,-64.21,155.62,48.45,49.07,-11.78,26.7,10.21,-21.61,-25.88
BTC,1h,ema10/30,3,L+S,5,14,35.7,17.53,-224.03,122.12,184.4,55.12,334.87,226.67,-62.64,184.79,62.76,-224.03,-57.36,-65.05,159.91,-64.32,-87.92,-45.06,-12.24,-104.92,221.87,-73.0,94.4,301.98,59.79,-64.21,155.62,48.45,49.07,-11.78,26.7,10.21,-21.61,-25.88
BTC,1h,ema10/50,1,L+S,5,14,35.7,16.77,-63.83,40.29,137.2,55.12,85.1,109.32,63.6,93.5,60.01,-56.33,-1.77,-45.77,57.89,-63.83,-10.8,-23.03,5.94,-39.09,221.87,-73.0,94.4,301.98,59.79,-64.21,155.62,48.45,49.07,-11.78,26.7,10.21,-21.61,-25.88
BTC,4h,macd12/26,3,L+S,5,14,35.7,3.18,-326.25,134.57,100.4,55.12,136.87,231.25,206.41,90.37,-326.25,-167.08,82.95,-156.87,81.43,-37.81,-42.92,-82.75,42.13,-13.17,221.87,-73.0,94.4,301.98,59.79,-64.21,155.62,48.45,49.07,-11.78,26.7,10.21,-21.61,-25.88
BTC,4h,macd12/26,2,L+S,5,14,35.7,2.12,-217.5,89.71,100.4,55.12,91.25,154.17,137.61,60.25,-217.5,-111.39,55.3,-104.58,54.29,-25.21,-28.61,-55.17,28.09,-8.78,221.87,-73.0,94.4,301.98,59.79,-64.21,155.62,48.45,49.07,-11.78,26.7,10.21,-21.61,-25.88
BTC,1d,c>ema200,1,L,4,14,28.6,40.16,-59.51,8.0,4.1,55.12,206.27,-59.51,74.47,212.42,10.55,-7.97,63.61,41.94,27.1,-22.7,20.86,8.98,-13.71,0.0,221.87,-73.0,94.4,301.98,59.79,-64.21,155.62,48.45,49.07,-11.78,26.7,10.21,-21.61,-25.88
BTC,1h,ema10/30,2,L,4,14,28.6,38.55,-158.61,59.74,92.3,55.12,249.38,-22.61,71.86,224.51,89.87,-158.61,87.15,22.7,101.05,-32.54,-4.4,-4.15,-25.9,-58.65,221.87,-73.0,94.4,301.98,59.79,-64.21,155.62,48.45,49.07,-11.78,26.7,10.21,-21.61,-25.88
BTC,1d,c>ema200,1,L+S,4,14,28.6,36.21,-33.03,19.79,8.1,55.12,193.73,-20.45,60.99,173.19,-29.99,55.32,17.57,41.94,2.22,-33.03,18.83,8.98,-4.69,22.26,221.87,-73.0,94.4,301.98,59.79,-64.21,155.62,48.45,49.07,-11.78,26.7,10.21,-21.61,-25.88
BTC,1d,st2.0,1,L,4,14,28.6,35.62,-60.36,15.38,4.9,55.12,113.0,-24.59,90.96,202.36,39.44,-60.36,79.93,44.0,41.26,-28.16,18.65,-7.93,-4.0,-5.94,221.87,-73.0,94.4,301.98,59.79,-64.21,155.62,48.45,49.07,-11.78,26.7,10.21,-21.61,-25.88
BTC,1d,st2.0,1,L+S,4,14,28.6,34.32,-45.27,26.69,10.1,55.12,81.87,55.77,85.27,191.35,6.37,-28.63,45.15,42.49,33.18,-45.27,15.0,-25.46,14.11,9.25,221.87,-73.0,94.4,301.98,59.79,-64.21,155.62,48.45,49.07,-11.78,26.7,10.21,-21.61,-25.88
BTC,4h,macd12/26,2,L,4,14,28.6,33.31,-136.41,55.46,50.3,55.12,179.73,-18.25,154.87,188.16,-37.02,-136.41,133.04,-6.3,73.69,-23.27,10.03,-16.33,-7.99,-27.66,221.87,-73.0,94.4,301.98,59.79,-64.21,155.62,48.45,49.07,-11.78,26.7,10.21,-21.61,-25.88
BTC,1h,macd26/52,2,L,4,14,28.6,31.0,-185.07,66.15,94.6,55.12,193.29,-122.65,134.2,234.96,74.26,-185.07,89.7,58.17,25.78,-26.25,22.27,9.33,-54.16,-19.78,221.87,-73.0,94.4,301.98,59.79,-64.21,155.62,48.45,49.07,-11.78,26.7,10.21,-21.61,-25.88
BTC,1d,macd12/26,1,L,4,14,28.6,30.45,-48.24,16.28,8.5,55.12,143.17,-27.39,42.09,163.83,49.8,-48.24,65.58,25.48,30.57,-18.95,12.53,7.34,-16.44,-3.12,221.87,-73.0,94.4,301.98,59.79,-64.21,155.62,48.45,49.07,-11.78,26.7,10.21,-21.61,-25.88
BTC,1d,ema50/200,1,L,4,14,28.6,30.4,-49.22,0.14,1.2,55.12,119.8,-49.22,37.51,167.69,12.7,-12.52,60.42,41.94,48.62,-12.86,22.68,8.98,-20.2,0.0,221.87,-73.0,94.4,301.98,59.79,-64.21,155.62,48.45,49.07,-11.78,26.7,10.21,-21.61,-25.88
BTC,1h,ema20/50,1,L,4,14,28.6,30.07,-54.7,22.5,48.1,55.12,127.24,21.17,83.55,123.47,50.77,-54.7,55.09,13.1,44.1,-26.08,9.59,-7.2,2.76,-21.87,221.87,-73.0,94.4,301.98,59.79,-64.21,155.62,48.45,49.07,-11.78,26.7,10.21,-21.61,-25.88
BTC,1h,ema50/200,1,L,4,14,28.6,29.15,-49.43,21.51,15.8,55.12,143.1,-22.58,70.53,123.81,19.02,-49.43,77.93,45.27,26.87,-20.72,16.65,1.25,-6.51,-17.1,221.87,-73.0,94.4,301.98,59.79,-64.21,155.62,48.45,49.07,-11.78,26.7,10.21,-21.61,-25.88
BTC,1h,ema20/100,1,L,4,14,28.6,29.01,-60.59,23.97,33.6,55.12,116.03,-7.79,64.27,138.08,53.54,-60.59,64.5,34.7,47.65,-24.35,10.9,-4.09,-1.06,-25.61,221.87,-73.0,94.4,301.98,59.79,-64.21,155.62,48.45,49.07,-11.78,26.7,10.21,-21.61,-25.88
BTC,1d,macd12/26,1,L+S,4,14,28.6,26.6,-25.38,23.53,16.9,55.12,119.43,42.36,1.98,146.97,24.82,-2.03,25.53,10.79,15.44,-25.38,1.4,4.96,-10.08,16.27,221.87,-73.0,94.4,301.98,59.79,-64.21,155.62,48.45,49.07,-11.78,26.7,10.21,-21.61,-25.88
BTC,1h,ema20/50,1,L+S,4,14,28.6,26.41,-40.91,34.2,96.4,55.12,117.19,137.18,75.7,79.65,28.54,-26.24,0.69,-19.01,41.36,-40.91,-5.3,-25.12,27.05,-21.1,221.87,-73.0,94.4,301.98,59.79,-64.21,155.62,48.45,49.07,-11.78,26.7,10.21,-21.61,-25.88
BTC,4h,ema10/50,1,L+S,4,14,28.6,25.84,-62.77,33.39,35.1,55.12,144.49,75.26,89.2,89.9,-62.77,-43.14,34.65,42.36,4.41,-30.35,14.79,-7.49,19.35,-8.85,221.87,-73.0,94.4,301.98,59.79,-64.21,155.62,48.45,49.07,-11.78,26.7,10.21,-21.61,-25.88
BTC,1h,ema10/50,1,L,4,14,28.6,25.69,-69.28,28.33,68.6,55.12,113.62,7.39,77.63,131.31,67.8,-69.28,54.75,-0.23,52.64,-37.41,7.04,-6.13,-8.04,-31.41,221.87,-73.0,94.4,301.98,59.79,-64.21,155.62,48.45,49.07,-11.78,26.7,10.21,-21.61,-25.88
BTC,1h,c>ema200,3,L+S,4,14,28.6,25.63,-159.42,121.51,189.9,55.12,97.64,191.62,-4.63,412.96,-15.45,-159.42,27.3,5.65,64.19,-78.16,-32.27,-111.64,53.41,-92.36,221.87,-73.0,94.4,301.98,59.79,-64.21,155.62,48.45,49.07,-11.78,26.7,10.21,-21.61,-25.88
BTC,4h,c>ema50,1,L+S,4,14,28.6,23.97,-57.59,34.7,96.2,55.12,94.02,45.36,60.84,157.43,24.47,-57.59,42.66,1.46,34.7,-40.13,3.7,-19.98,10.68,-22.03,221.87,-73.0,94.4,301.98,59.79,-64.21,155.62,48.45,49.07,-11.78,26.7,10.21,-21.61,-25.88
BTC,1h,ema50/200,1,L+S,4,14,28.6,21.91,-33.64,34.23,32.1,55.12,112.73,52.59,48.52,74.82,-33.64,-9.99,49.51,35.48,8.67,-29.31,8.24,-8.22,10.45,-13.08,221.87,-73.0,94.4,301.98,59.79,-64.21,155.62,48.45,49.07,-11.78,26.7,10.21,-21.61,-25.88
BTC,1d,ema50/200,1,L+S,4,14,28.6,17.11,-27.26,19.02,2.1,55.12,39.35,-3.69,-1.08,63.76,-27.26,47.82,7.35,41.94,48.62,-12.86,22.68,8.98,-18.32,22.26,221.87,-73.0,94.4,301.98,59.79,-64.21,155.62,48.45,49.07,-11.78,26.7,10.21,-21.61,-25.88
BTC,4h,macd12/26,1,L,4,14,28.6,16.65,-68.21,27.73,50.3,55.12,89.87,-9.13,77.43,94.08,-18.51,-68.21,66.52,-3.15,36.85,-11.64,5.01,-8.16,-3.99,-13.83,221.87,-73.0,94.4,301.98,59.79,-64.21,155.62,48.45,49.07,-11.78,26.7,10.21,-21.61,-25.88
BTC,1h,ema10/30,2,L+S,4,14,28.6,11.69,-149.35,81.41,184.4,55.12,223.25,151.11,-41.76,123.19,41.84,-149.35,-38.24,-43.37,106.61,-42.88,-58.61,-30.04,-8.16,-69.95,221.87,-73.0,94.4,301.98,59.79,-64.21,155.62,48.45,49.07,-11.78,26.7,10.21,-21.61,-25.88
BTC,4h,macd12/26,1,L+S,4,14,28.6,1.06,-108.75,44.86,100.4,55.12,45.62,77.08,68.8,30.12,-108.75,-55.69,27.65,-52.29,27.14,-12.6,-14.31,-27.58,14.04,-4.39,221.87,-73.0,94.4,301.98,59.79,-64.21,155.62,48.45,49.07,-11.78,26.7,10.21,-21.61,-25.88
BTC,1h,c>ema100,2,L+S,4,14,28.6,-3.76,-219.55,95.92,267.3,55.12,-3.43,122.62,10.7,179.29,116.68,-219.55,-28.98,51.86,22.55,-107.66,-57.13,-89.83,40.6,-90.3,221.87,-73.0,94.4,301.98,59.79,-64.21,155.62,48.45,49.07,-11.78,26.7,10.21,-21.61,-25.88
BTC,1h,c>ema100,3,L+S,4,14,28.6,-5.64,-329.32,143.87,267.3,55.12,-5.15,183.92,16.05,268.94,175.02,-329.32,-43.47,77.79,33.82,-161.5,-85.7,-134.75,60.91,-135.46,221.87,-73.0,94.4,301.98,59.79,-64.21,155.62,48.45,49.07,-11.78,26.7,10.21,-21.61,-25.88
BTC,1h,ema20/100,2,L+S,3,14,21.4,47.93,-74.15,67.86,67.7,55.12,185.48,158.94,75.6,219.36,56.69,-70.07,38.02,46.21,95.12,-74.15,-5.88,-37.43,39.33,-56.16,221.87,-73.0,94.4,301.98,59.79,-64.21,155.62,48.45,49.07,-11.78,26.7,10.21,-21.61,-25.88
BTC,4h,ema10/50,1,L,3,14,21.4,30.86,-65.92,21.18,17.3,55.12,160.82,-10.89,89.75,131.19,4.03,-65.92,70.56,44.82,24.38,-20.93,19.85,1.57,-2.15,-14.99,221.87,-73.0,94.4,301.98,59.79,-64.21,155.62,48.45,49.07,-11.78,26.7,10.21,-21.61,-25.88
BTC,4h,c>ema50,1,L,3,14,21.4,28.85,-71.79,23.75,47.9,55.12,114.07,-26.35,74.44,164.91,52.65,-71.79,76.18,23.14,41.11,-25.77,14.16,-4.69,-6.12,-22.01,221.87,-73.0,94.4,301.98,59.79,-64.21,155.62,48.45,49.07,-11.78,26.7,10.21,-21.61,-25.88
BTC,1h,st3.0,1,L,3,14,21.4,25.21,-66.12,26.62,55.7,55.12,143.95,-13.46,88.67,120.87,26.27,-66.12,53.68,11.08,35.81,-15.79,6.58,-4.72,-8.96,-24.97,221.87,-73.0,94.4,301.98,59.79,-64.21,155.62,48.45,49.07,-11.78,26.7,10.21,-21.61,-25.88
BTC,1h,ema20/100,1,L+S,3,14,21.4,23.97,-37.08,33.93,67.7,55.12,92.74,79.47,37.8,109.68,28.35,-35.04,19.01,23.1,47.56,-37.08,-2.94,-18.72,19.66,-28.08,221.87,-73.0,94.4,301.98,59.79,-64.21,155.62,48.45,49.07,-11.78,26.7,10.21,-21.61,-25.88
BTC,1h,ema10/30,1,L,3,14,21.4,19.27,-79.31,29.87,92.3,55.12,124.69,-11.3,35.93,112.26,44.94,-79.31,43.57,11.35,50.52,-16.27,-2.2,-2.07,-12.95,-29.33,221.87,-73.0,94.4,301.98,59.79,-64.21,155.62,48.45,49.07,-11.78,26.7,10.21,-21.61,-25.88
BTC,1h,st3.0,1,L+S,3,14,21.4,16.56,-47.04,37.56,111.2,55.12,148.3,67.29,80.29,81.02,-22.48,-47.04,-0.18,-23.22,24.92,-21.06,-11.7,-20.52,4.1,-27.95,221.87,-73.0,94.4,301.98,59.79,-64.21,155.62,48.45,49.07,-11.78,26.7,10.21,-21.61,-25.88
BTC,1h,c>ema100,1,L,3,14,21.4,16.33,-96.8,31.88,133.5,55.12,69.92,-15.29,48.41,127.4,68.48,-96.8,47.23,35.88,29.56,-32.57,-1.84,-17.08,-0.64,-34.09,221.87,-73.0,94.4,301.98,59.79,-64.21,155.62,48.45,49.07,-11.78,26.7,10.21,-21.61,-25.88
BTC,1h,c>ema200,1,L+S,3,14,21.4,8.54,-53.14,40.5,189.9,55.12,32.55,63.87,-1.54,137.65,-5.15,-53.14,9.1,1.88,21.4,-26.05,-10.76,-37.21,17.8,-30.79,221.87,-73.0,94.4,301.98,59.79,-64.21,155.62,48.45,49.07,-11.78,26.7,10.21,-21.61,-25.88
BTC,1h,ema10/30,1,L+S,3,14,21.4,5.84,-74.68,40.71,184.4,55.12,111.62,75.56,-20.88,61.6,20.92,-74.68,-19.12,-21.68,53.3,-21.44,-29.31,-15.02,-4.08,-34.97,221.87,-73.0,94.4,301.98,59.79,-64.21,155.62,48.45,49.07,-11.78,26.7,10.21,-21.61,-25.88
BTC,1h,st2.0,1,L,3,14,21.4,4.8,-91.02,34.27,100.0,55.12,114.8,-91.02,54.85,48.8,-8.62,-38.89,40.77,6.43,5.42,-18.51,-0.93,-12.01,-13.33,-20.55,221.87,-73.0,94.4,301.98,59.79,-64.21,155.62,48.45,49.07,-11.78,26.7,10.21,-21.61,-25.88
BTC,1h,c>ema50,3,L,3,14,21.4,-13.94,-364.02,122.73,212.7,55.12,195.25,-364.02,83.87,222.44,89.48,-285.2,36.14,-20.74,76.48,-94.99,-3.34,-29.84,-17.56,-83.2,221.87,-73.0,94.4,301.98,59.79,-64.21,155.62,48.45,49.07,-11.78,26.7,10.21,-21.61,-25.88
BTC,1h,st2.0,1,L+S,3,14,21.4,-23.36,-89.7,58.93,199.9,55.12,89.21,-85.35,20.41,-65.73,-89.7,5.73,-23.19,-31.94,-35.78,-26.79,-26.64,-34.96,-4.32,-17.97,221.87,-73.0,94.4,301.98,59.79,-64.21,155.62,48.45,49.07,-11.78,26.7,10.21,-21.61,-25.88
BTC,1h,st2.0,3,L+S,3,14,21.4,-70.07,-269.1,176.8,199.9,55.12,267.64,-256.06,61.24,-197.18,-269.1,17.2,-69.57,-95.81,-107.35,-80.36,-79.91,-104.87,-12.96,-53.91,221.87,-73.0,94.4,301.98,59.79,-64.21,155.62,48.45,49.07,-11.78,26.7,10.21,-21.61,-25.88
BTC,4h,ema10/30,1,L,2,14,14.3,34.29,-77.55,21.99,22.6,55.12,159.04,4.06,80.41,157.35,48.54,-77.55,76.64,43.23,23.89,-19.4,18.52,-0.99,-4.02,-29.69,221.87,-73.0,94.4,301.98,59.79,-64.21,155.62,48.45,49.07,-11.78,26.7,10.21,-21.61,-25.88
BTC,4h,ema10/30,1,L+S,2,14,14.3,31.85,-68.77,31.22,45.6,55.12,140.79,107.01,71.64,139.06,19.97,-68.77,44.2,39.96,3.36,-27.66,11.69,-12.68,14.7,-37.34,221.87,-73.0,94.4,301.98,59.79,-64.21,155.62,48.45,49.07,-11.78,26.7,10.21,-21.61,-25.88
BTC,1h,c>ema200,1,L,2,14,14.3,21.54,-69.75,28.16,94.7,55.12,85.74,-17.17,43.86,156.13,39.16,-69.75,59.75,23.49,34.91,-19.18,7.06,-13.31,-2.31,-26.78,221.87,-73.0,94.4,301.98,59.79,-64.21,155.62,48.45,49.07,-11.78,26.7,10.21,-21.61,-25.88
BTC,1h,c>ema200,2,L+S,2,14,14.3,17.09,-106.28,81.0,189.9,55.12,65.09,127.75,-3.08,275.31,-10.3,-106.28,18.2,3.77,42.79,-52.11,-21.51,-74.43,35.61,-61.57,221.87,-73.0,94.4,301.98,59.79,-64.21,155.62,48.45,49.07,-11.78,26.7,10.21,-21.61,-25.88
BTC,1h,macd26/52,1,L,2,14,14.3,15.5,-92.54,33.07,94.6,55.12,96.64,-61.33,67.1,117.48,37.13,-92.54,44.85,29.09,12.89,-13.13,11.14,4.66,-27.08,-9.89,221.87,-73.0,94.4,301.98,59.79,-64.21,155.62,48.45,49.07,-11.78,26.7,10.21,-21.61,-25.88
BTC,1h,st2.0,3,L,2,14,14.3,14.4,-273.07,102.82,100.0,55.12,344.4,-273.07,164.54,146.39,-25.86,-116.66,122.32,19.3,16.27,-55.53,-2.78,-36.02,-39.98,-61.66,221.87,-73.0,94.4,301.98,59.79,-64.21,155.62,48.45,49.07,-11.78,26.7,10.21,-21.61,-25.88
BTC,1h,st2.0,2,L,2,14,14.3,9.6,-182.04,68.55,100.0,55.12,229.6,-182.04,109.69,97.59,-17.24,-77.77,81.55,12.87,10.85,-37.02,-1.85,-24.01,-26.65,-41.11,221.87,-73.0,94.4,301.98,59.79,-64.21,155.62,48.45,49.07,-11.78,26.7,10.21,-21.61,-25.88
BTC,1h,c>ema100,1,L+S,2,14,14.3,-1.88,-109.77,47.96,267.3,55.12,-1.72,61.31,5.35,89.65,58.34,-109.77,-14.49,25.93,11.27,-53.83,-28.57,-44.92,20.3,-45.15,221.87,-73.0,94.4,301.98,59.79,-64.21,155.62,48.45,49.07,-11.78,26.7,10.21,-21.61,-25.88
BTC,1h,macd26/52,1,L+S,2,14,14.3,-1.97,-101.82,47.56,189.0,55.12,54.39,-25.85,45.7,70.35,0.11,-101.82,-16.19,13.71,-20.33,-15.13,-2.52,-1.77,-31.91,3.67,221.87,-73.0,94.4,301.98,59.79,-64.21,155.62,48.45,49.07,-11.78,26.7,10.21,-21.61,-25.88
BTC,1h,macd26/52,2,L+S,2,14,14.3,-3.94,-203.63,95.13,189.0,55.12,108.78,-51.69,91.39,140.69,0.23,-203.63,-32.37,27.43,-40.66,-30.25,-5.05,-3.53,-63.83,7.34,221.87,-73.0,94.4,301.98,59.79,-64.21,155.62,48.45,49.07,-11.78,26.7,10.21,-21.61,-25.88
BTC,1h,ema5/20,1,L,2,14,14.3,-4.1,-114.29,40.2,167.5,55.12,85.8,-114.29,19.75,64.15,-0.25,-96.95,25.56,-3.63,21.59,-16.46,1.17,-7.82,-14.53,-21.45,221.87,-73.0,94.4,301.98,59.79,-64.21,155.62,48.45,49.07,-11.78,26.7,10.21,-21.61,-25.88
BTC,1h,macd26/52,3,L+S,2,14,14.3,-5.91,-305.45,142.69,189.0,55.12,163.18,-77.54,137.09,211.04,0.34,-305.45,-48.56,41.14,-60.98,-45.38,-7.57,-5.3,-95.74,11.01,221.87,-73.0,94.4,301.98,59.79,-64.21,155.62,48.45,49.07,-11.78,26.7,10.21,-21.61,-25.88
BTC,1h,macd12/26,1,L,2,14,14.3,-9.06,-119.33,42.98,204.4,55.12,43.51,-107.57,25.79,74.36,21.55,-119.33,12.0,-0.22,-17.39,-6.7,5.76,-16.21,-22.26,-20.14,221.87,-73.0,94.4,301.98,59.79,-64.21,155.62,48.45,49.07,-11.78,26.7,10.21,-21.61,-25.88
BTC,1h,c>ema50,2,L,2,14,14.3,-9.3,-242.68,81.82,212.7,55.12,130.17,-242.68,55.91,148.29,59.65,-190.14,24.09,-13.83,50.99,-63.33,-2.23,-19.89,-11.71,-55.46,221.87,-73.0,94.4,301.98,59.79,-64.21,155.62,48.45,49.07,-11.78,26.7,10.21,-21.61,-25.88
BTC,1h,ema5/20,3,L,2,14,14.3,-12.29,-342.88,120.6,167.5,55.12,257.39,-342.88,59.25,192.46,-0.75,-290.86,76.68,-10.89,64.78,-49.37,3.5,-23.47,-43.59,-64.34,221.87,-73.0,94.4,301.98,59.79,-64.21,155.62,48.45,49.07,-11.78,26.7,10.21,-21.61,-25.88
BTC,1h,ema5/20,1,L+S,2,14,14.3,-40.79,-128.66,62.03,334.9,55.12,32.88,-128.66,-49.18,-34.7,-73.09,-110.8,-55.4,-51.74,-3.25,-21.31,-22.55,-26.54,-6.84,-19.92,221.87,-73.0,94.4,301.98,59.79,-64.21,155.62,48.45,49.07,-11.78,26.7,10.21,-21.61,-25.88
BTC,1h,st2.0,2,L+S,2,14,14.3,-46.71,-179.4,117.87,199.9,55.12,178.43,-170.71,40.82,-131.45,-179.4,11.47,-46.38,-63.87,-71.57,-53.57,-53.28,-69.91,-8.64,-35.94,221.87,-73.0,94.4,301.98,59.79,-64.21,155.62,48.45,49.07,-11.78,26.7,10.21,-21.61,-25.88
BTC,1h,macd12/26,1,L+S,2,14,14.3,-51.97,-154.23,77.62,409.1,55.12,-50.98,-124.38,-36.59,-16.75,-38.79,-154.23,-79.7,-45.42,-80.3,-3.75,-13.47,-43.39,-22.28,-17.58,221.87,-73.0,94.4,301.98,59.79,-64.21,155.62,48.45,49.07,-11.78,26.7,10.21,-21.61,-25.88
BTC,1h,c>ema50,1,L,1,14,7.1,-4.65,-121.34,40.91,212.7,55.12,65.08,-121.34,27.96,74.15,29.83,-95.07,12.05,-6.91,25.49,-31.66,-1.11,-9.95,-5.85,-27.73,221.87,-73.0,94.4,301.98,59.79,-64.21,155.62,48.45,49.07,-11.78,26.7,10.21,-21.61,-25.88
BTC,1h,macd12/26,3,L,1,14,7.1,-27.18,-357.98,128.93,204.4,55.12,130.54,-322.72,77.37,223.07,64.64,-357.98,36.01,-0.65,-52.18,-20.09,17.27,-48.64,-66.78,-60.42,221.87,-73.0,94.4,301.98,59.79,-64.21,155.62,48.45,49.07,-11.78,26.7,10.21,-21.61,-25.88
BTC,1h,c>ema50,1,L+S,1,14,7.1,-42.01,-144.64,65.37,425.6,55.12,-7.78,-144.64,-33.78,-14.8,-10.58,-106.62,-81.68,-58.76,2.89,-52.77,-27.31,-30.95,10.13,-31.56,221.87,-73.0,94.4,301.98,59.79,-64.21,155.62,48.45,49.07,-11.78,26.7,10.21,-21.61,-25.88
BTC,1h,ema5/20,2,L+S,1,14,7.1,-81.59,-257.32,124.06,334.9,55.12,65.76,-257.32,-98.37,-69.41,-146.19,-221.6,-110.8,-103.48,-6.49,-42.61,-45.11,-53.09,-13.69,-39.84,221.87,-73.0,94.4,301.98,59.79,-64.21,155.62,48.45,49.07,-11.78,26.7,10.21,-21.61,-25.88
BTC,1h,c>ema50,2,L+S,1,14,7.1,-84.03,-289.28,130.73,425.6,55.12,-15.56,-289.28,-67.56,-29.6,-21.15,-213.24,-163.35,-117.52,5.79,-105.54,-54.61,-61.89,20.25,-63.12,221.87,-73.0,94.4,301.98,59.79,-64.21,155.62,48.45,49.07,-11.78,26.7,10.21,-21.61,-25.88
BTC,1h,macd12/26,2,L+S,1,14,7.1,-103.95,-308.47,155.25,409.1,55.12,-101.97,-248.77,-73.18,-33.5,-77.57,-308.47,-159.4,-90.84,-160.59,-7.51,-26.94,-86.78,-44.56,-35.17,221.87,-73.0,94.4,301.98,59.79,-64.21,155.62,48.45,49.07,-11.78,26.7,10.21,-21.61,-25.88
BTC,1h,ema5/20,3,L+S,1,14,7.1,-122.38,-385.98,186.1,334.9,55.12,98.65,-385.98,-147.55,-104.11,-219.28,-332.4,-166.19,-155.22,-9.74,-63.92,-67.66,-79.63,-20.53,-59.77,221.87,-73.0,94.4,301.98,59.79,-64.21,155.62,48.45,49.07,-11.78,26.7,10.21,-21.61,-25.88
BTC,1h,c>ema50,3,L+S,1,14,7.1,-126.04,-433.91,196.1,425.6,55.12,-23.34,-433.91,-101.34,-44.4,-31.73,-319.86,-245.03,-176.29,8.68,-158.32,-81.92,-92.84,30.38,-94.67,221.87,-73.0,94.4,301.98,59.79,-64.21,155.62,48.45,49.07,-11.78,26.7,10.21,-21.61,-25.88
BTC,1h,macd12/26,3,L+S,1,14,7.1,-155.92,-462.7,232.87,409.1,55.12,-152.95,-373.15,-109.77,-50.25,-116.36,-462.7,-239.09,-136.26,-240.89,-11.26,-40.41,-130.17,-66.84,-52.75,221.87,-73.0,94.4,301.98,59.79,-64.21,155.62,48.45,49.07,-11.78,26.7,10.21,-21.61,-25.88
BTC,1h,ema5/20,2,L,0,14,0.0,-8.2,-228.59,80.4,167.5,55.12,171.59,-228.59,39.5,128.31,-0.5,-193.91,51.12,-7.26,43.18,-32.92,2.33,-15.65,-29.06,-42.89,221.87,-73.0,94.4,301.98,59.79,-64.21,155.62,48.45,49.07,-11.78,26.7,10.21,-21.61,-25.88
BTC,1h,macd12/26,2,L,0,14,0.0,-18.12,-238.66,85.96,204.4,55.12,87.02,-215.14,51.58,148.71,43.1,-238.66,24.01,-0.43,-34.78,-13.39,11.52,-32.43,-44.52,-40.28,221.87,-73.0,94.4,301.98,59.79,-64.21,155.62,48.45,49.07,-11.78,26.7,10.21,-21.61,-25.88
