coin,tf,signal,lev,mode,beat_cnt,total_periods,avg_ret,min_ret,max_dd_avg,avg_trades,bear_2026q1_ret,bear_2025q4_ret,bull_2025q3_ret,bull_2024h2_ret,bear_2024h1_ret,bull_2023_ret
BTC,1d,ema20/100,3,L,6,6,65.01,-13.04,3.97,1.3,0.0,-13.04,26.95,83.78,113.08,179.29
ETH,4h,c>ema200,2,L,6,6,60.74,-20.08,19.24,13.2,-15.27,-20.08,146.5,72.38,66.14,114.78
BTC,1d,st3.0,3,L,6,6,60.56,-17.84,8.4,2.2,-17.84,-15.24,12.24,106.07,54.95,223.15
BTC,4h,ema50/200,2,L,6,6,55.05,-18.05,4.68,2.7,-9.94,-18.05,6.27,72.44,83.92,195.64
BTC,4h,ema20/50,2,L,6,6,44.81,-18.77,22.18,9.5,-18.77,-15.71,8.31,71.01,60.21,163.84
ETH,4h,c>ema200,3,L+S,5,6,108.3,39.92,50.65,26.3,39.92,56.77,188.26,200.16,44.56,120.13
ETH,4h,c>ema200,3,L,5,6,91.11,-30.12,28.86,13.2,-22.91,-30.12,219.75,108.58,99.22,172.17
ETH,4h,macd26/52,3,L+S,5,6,86.03,-4.0,71.56,34.8,25.52,58.66,-4.0,142.97,125.92,167.1
BTC,4h,ema50/200,3,L,5,6,82.57,-27.08,7.02,2.7,-14.91,-27.08,9.41,108.66,125.88,293.46
BTC,4h,ema50/200,3,L+S,5,6,78.85,-11.45,34.37,5.5,44.95,11.4,-11.45,67.18,107.72,253.27
BTC,1d,ema10/30,3,L+S,5,6,74.28,-14.76,36.99,5.5,46.59,1.23,-14.76,51.48,103.38,257.75
BTC,1d,ema50/200,3,L,5,6,70.44,-60.63,0.0,1.0,0.0,-60.63,26.95,145.86,125.29,185.19
BTC,4h,c>ema200,3,L,5,6,70.32,-12.45,23.74,15.0,-3.26,-12.45,-6.39,69.45,112.06,262.53
ETH,4h,st4.0,3,L,5,6,67.2,-18.81,49.0,8.0,-18.81,-16.33,146.34,114.75,89.85,87.38
BTC,4h,c>ema100,3,L+S,5,6,66.18,-34.75,68.41,47.7,-6.58,52.46,-34.75,105.62,69.17,211.17
BTC,2h,ema20/100,3,L,5,6,64.85,-44.15,34.24,13.0,-44.15,-13.12,7.28,70.34,135.29,233.46
BTC,1d,st2.0,3,L,5,6,64.29,-23.89,19.18,3.7,-17.84,-12.02,-23.89,105.5,109.13,224.86
ETH,2h,st4.0,3,L,5,6,63.18,-20.42,40.92,14.3,-20.42,-20.27,182.77,67.38,106.56,63.06
BTC,1d,c>ema200,3,L,5,6,62.77,-41.08,16.75,3.7,0.0,-41.08,26.95,84.2,125.29,181.25
ETH,4h,st2.0,3,L+S,5,6,62.03,-113.14,100.74,38.0,2.25,86.13,168.8,140.3,87.82,-113.14
ETH,1d,ema20/50,3,L,5,6,61.9,-36.14,13.21,2.0,-30.88,-36.14,243.53,2.17,50.02,142.67
BTC,2h,c>ema200,3,L+S,5,6,61.89,-33.8,64.34,63.0,-17.83,64.7,-33.8,101.58,77.71,178.97
ETH,2h,st4.0,3,L+S,5,6,61.44,-99.79,77.55,28.5,67.41,79.66,145.96,124.06,51.35,-99.79
ETH,2h,ema10/30,3,L,5,6,61.07,-65.41,56.08,34.7,-65.41,-18.56,123.14,46.95,182.78,97.52
BTC,1d,c>ema100,3,L,5,6,60.4,-33.68,16.86,4.0,-4.63,-33.68,11.62,98.44,100.53,190.11
ETH,4h,macd26/52,2,L+S,5,6,57.35,-2.67,47.71,34.8,17.01,39.11,-2.67,95.31,83.94,111.4
BTC,1d,ema20/50,3,L,5,6,55.25,-48.3,12.81,1.8,-21.66,-48.3,7.33,86.46,82.61,225.08
BTC,1d,ema10/30,2,L,5,6,52.97,-21.06,5.58,2.7,-9.4,-21.06,4.07,68.44,78.48,197.3
ETH,1h,ema20/50,3,L,5,6,52.84,-70.5,61.18,39.3,-70.5,-18.03,94.75,72.73,115.44,122.67
BTC,1d,macd12/26,3,L,5,6,51.52,-49.33,22.66,6.2,-25.16,-49.33,21.68,92.05,73.18,196.67
ETH,1h,st4.0,3,L,5,6,50.53,-29.41,64.59,28.0,-29.41,-11.69,209.29,23.29,50.32,61.37
ETH,4h,ema10/30,3,L,5,6,50.35,-65.02,54.53,17.5,-65.02,-27.89,126.84,17.17,130.32,120.71
BTC,1d,c>ema50,2,L,5,6,50.27,-20.59,13.56,5.7,-20.59,-11.24,-0.39,62.95,77.14,193.73
ETH,4h,macd26/52,2,L,5,6,49.66,-25.58,30.63,17.7,-25.58,-20.97,66.16,52.07,93.4,132.85
BTC,1d,st4.0,3,L,5,6,49.58,-32.28,11.57,1.8,-32.28,-20.64,7.33,97.76,59.76,185.57
ETH,1d,macd26/52,3,L,5,6,48.75,-30.78,16.93,3.0,-30.78,0.0,121.41,21.76,4.1,176.03
BTC,4h,ema20/100,2,L,5,6,47.07,-21.64,17.91,5.7,-16.14,-21.64,2.92,101.69,45.25,170.35
ETH,2h,st3.0,3,L,5,6,44.98,-24.93,55.25,21.8,-24.93,-14.33,160.69,55.49,70.72,22.26
ETH,4h,st4.0,2,L,5,6,44.8,-12.54,32.67,8.0,-12.54,-10.89,97.56,76.5,59.9,58.25
BTC,1d,ema20/100,2,L,5,6,43.34,-8.69,2.65,1.3,0.0,-8.69,17.97,55.85,75.38,119.53
ETH,2h,st4.0,2,L,5,6,42.12,-13.61,27.28,14.3,-13.61,-13.51,121.84,44.92,71.04,42.04
ETH,4h,st2.0,2,L+S,5,6,41.35,-75.42,67.16,38.0,1.5,57.42,112.54,93.53,58.55,-75.42
ETH,1d,ema20/50,2,L,5,6,41.26,-24.09,8.81,2.0,-20.59,-24.09,162.35,1.45,33.34,95.11
ETH,4h,ema20/100,3,L,5,6,40.9,-70.41,49.46,7.3,-32.71,-70.41,107.13,16.88,119.78,104.7
BTC,1d,c>ema100,2,L,5,6,40.26,-22.46,11.24,4.0,-3.09,-22.46,7.75,65.62,67.02,126.74
ETH,2h,c>ema200,2,L,5,6,38.35,-31.17,34.59,32.0,-31.17,-24.09,69.91,76.58,82.17,56.72
ETH,1d,c>ema200,3,L+S,5,6,37.26,-132.76,35.66,5.3,65.85,-10.84,159.11,4.76,137.44,-132.76
ETH,1h,ema50/200,2,L,5,6,35.25,-28.98,30.68,12.2,-28.98,-16.74,85.28,23.9,87.94,60.08
ETH,2h,ema20/100,2,L,5,6,34.18,-28.07,34.54,14.2,-28.07,-22.76,85.92,37.53,91.41,41.04
ETH,1d,macd26/52,2,L,5,6,32.5,-20.52,11.28,3.0,-20.52,0.0,80.94,14.5,2.73,117.35
ETH,4h,ema20/50,2,L,5,6,31.28,-19.4,33.34,9.7,-12.31,-19.4,73.15,13.18,91.45,41.62
ETH,2h,st3.0,2,L,5,6,29.99,-16.62,36.83,21.8,-16.62,-9.55,107.13,37.0,47.15,14.84
ETH,1d,c>ema200,2,L+S,5,6,24.84,-88.51,23.77,5.3,43.9,-7.23,106.07,3.17,91.62,-88.51
BTC,1d,ema10/30,3,L,4,6,79.46,-31.6,8.37,2.7,-14.1,-31.6,6.11,102.66,117.72,295.95
BTC,4h,c>ema100,3,L,4,6,75.53,-42.4,40.08,23.7,-42.4,-7.91,-1.59,123.22,112.07,269.78
BTC,1d,c>ema50,3,L,4,6,75.4,-30.89,20.34,5.7,-30.89,-16.85,-0.58,94.43,115.71,290.59
ETH,4h,macd26/52,3,L,4,6,74.48,-38.37,45.95,17.7,-38.37,-31.46,99.24,78.1,140.1,199.28
BTC,2h,c>ema200,3,L,4,6,73.0,-49.53,38.79,31.3,-49.53,-1.27,-0.79,120.44,115.64,253.54
BTC,4h,macd26/52,3,L,4,6,72.33,-62.96,33.26,18.0,-62.96,13.86,-11.14,125.48,84.37,284.39
ETH,4h,c>ema200,2,L+S,4,6,72.2,26.61,33.77,26.3,26.61,37.85,125.51,133.44,29.7,80.09
BTC,4h,ema20/100,3,L,4,6,70.61,-32.46,26.87,5.7,-24.21,-32.46,4.38,152.53,67.87,255.53
BTC,2h,st4.0,3,L,4,6,70.2,-59.14,35.4,14.8,-59.14,6.22,2.78,146.72,86.17,238.43
ETH,4h,st4.0,3,L+S,4,6,68.16,-50.89,74.88,15.7,66.23,87.37,80.05,205.62,20.57,-50.89
BTC,4h,ema20/50,3,L,4,6,67.22,-28.16,33.27,9.5,-28.16,-23.57,12.47,106.52,90.31,245.76
BTC,1d,c>ema50,3,L+S,4,6,66.52,-28.36,44.63,11.5,13.22,32.52,-28.36,40.5,93.2,248.01
BTC,2h,ema50/200,3,L,4,6,66.25,-40.77,27.97,5.7,-23.92,-40.77,-3.47,154.21,72.85,238.6
BTC,4h,st3.0,3,L,4,6,65.24,-53.91,30.75,11.5,-53.91,12.88,5.89,107.7,74.1,244.78
ETH,4h,st2.0,3,L,4,6,64.5,-50.34,51.56,18.7,-50.34,-16.79,191.76,77.45,128.43,56.47
BTC,1h,ema50/200,3,L,4,6,63.53,-50.41,37.01,11.8,-50.41,-19.59,4.64,75.72,138.69,232.13
BTC,1d,macd26/52,3,L,4,6,63.17,-31.6,11.02,2.8,-19.53,-31.6,-1.03,102.98,107.85,220.36
BTC,2h,ema20/50,3,L,4,6,62.79,-98.16,44.82,19.0,-98.16,-6.99,-5.95,79.56,131.46,276.84
ETH,4h,c>ema100,3,L,4,6,62.68,-43.05,46.78,25.0,-43.05,-26.6,93.62,129.58,147.82,74.69
BTC,1d,ema5/20,3,L,4,6,61.69,-41.04,20.79,4.7,-13.45,-41.04,-19.23,119.29,111.38,213.19
BTC,4h,ema5/20,3,L,4,6,59.73,-63.78,43.86,27.8,-63.78,4.9,-26.31,179.49,79.64,184.43
ETH,4h,c>ema100,3,L+S,4,6,59.47,-68.66,71.65,50.3,9.05,67.87,-20.64,244.95,124.23,-68.66
BTC,1d,ema50/200,3,L+S,4,6,58.94,-55.0,2.34,1.7,79.4,-55.0,26.95,145.86,125.29,31.12
BTC,1h,ema20/100,3,L,4,6,57.6,-77.34,49.93,25.3,-77.34,-3.1,-14.12,141.74,109.44,189.0
ETH,1d,c>ema100,3,L,4,6,57.09,-93.79,23.69,4.2,-4.26,-93.79,243.08,31.65,31.95,133.89
ETH,2h,ema10/30,3,L+S,4,6,56.09,-31.67,84.85,69.3,-27.25,79.59,28.89,78.77,208.24,-31.67
ETH,4h,st3.0,3,L,4,6,55.88,-52.43,57.91,11.7,-52.43,-44.54,174.9,59.22,103.06,95.05
BTC,4h,c>ema200,3,L+S,4,6,54.77,-43.53,48.6,30.2,68.11,42.09,-43.53,-7.91,79.82,190.07
BTC,4h,ema20/100,3,L+S,4,6,54.5,-22.78,62.7,12.0,27.78,3.47,-22.78,153.76,-12.31,177.11
BTC,4h,ema10/30,3,L,4,6,54.13,-89.33,47.4,18.2,-89.33,-13.34,-3.42,70.47,131.14,229.26
BTC,4h,c>ema50,3,L,4,6,53.93,-62.38,50.82,38.5,-62.38,-18.19,-14.17,123.99,70.36,223.97
ETH,1h,ema50/200,3,L,4,6,52.87,-43.46,46.02,12.2,-43.46,-25.1,127.92,35.85,131.91,90.12
ETH,1d,st4.0,3,L,4,6,52.77,-46.4,9.77,1.8,-46.4,-43.48,130.18,50.8,63.37,162.14
ETH,1d,c>ema200,3,L,4,6,52.76,-61.44,11.19,2.8,-3.72,-61.44,200.72,0.35,137.44,43.21
BTC,4h,ema50/200,2,L+S,4,6,52.56,-7.64,22.91,5.5,29.97,7.6,-7.64,44.78,71.81,168.85
BTC,4h,c>ema100,2,L,4,6,50.35,-28.27,26.72,23.7,-28.27,-5.27,-1.06,82.14,74.71,179.85
ETH,2h,c>ema200,3,L+S,4,6,50.18,-47.62,80.7,64.2,4.34,47.94,-0.17,216.45,80.11,-47.62
BTC,1d,ema10/30,2,L+S,4,6,49.52,-9.84,24.66,5.5,31.06,0.82,-9.84,34.32,68.92,171.83
BTC,1d,ema20/100,3,L+S,4,6,48.89,10.12,34.83,2.7,79.4,41.3,26.95,10.12,103.91,31.64
BTC,2h,c>ema200,2,L,4,6,48.67,-33.02,25.86,31.3,-33.02,-0.84,-0.53,80.29,77.09,169.03
BTC,4h,ema20/50,3,L+S,4,6,48.38,-6.99,60.2,19.3,17.33,22.57,-6.99,78.21,21.73,157.4
BTC,4h,macd26/52,2,L,4,6,48.22,-41.97,22.17,18.0,-41.97,9.24,-7.43,83.65,56.25,189.6
BTC,4h,st3.0,3,L+S,4,6,48.02,-22.2,54.07,23.2,-22.2,94.13,-20.31,81.16,-4.69,160.04
BTC,1d,ema50/200,2,L,4,6,46.96,-40.42,0.0,1.0,0.0,-40.42,17.97,97.24,83.53,123.46
ETH,4h,ema20/50,3,L,4,6,46.92,-29.11,50.0,9.7,-18.47,-29.11,109.72,19.77,137.17,62.43
BTC,4h,c>ema200,2,L,4,6,46.88,-8.3,15.82,15.0,-2.17,-8.3,-4.26,46.3,74.71,175.02
BTC,2h,st4.0,2,L,4,6,46.8,-39.43,23.6,14.8,-39.43,4.15,1.85,97.82,57.45,158.96
ETH,4h,st3.0,3,L+S,4,6,46.28,-37.39,87.69,23.2,0.82,32.77,127.13,107.98,46.4,-37.39
ETH,2h,macd26/52,3,L+S,4,6,44.71,-81.93,92.08,74.7,-9.66,14.14,128.44,202.64,-81.93,14.64
BTC,1d,c>ema50,2,L+S,4,6,44.34,-18.91,29.76,11.5,8.81,21.68,-18.91,27.0,62.14,165.34
BTC,1d,st2.0,3,L+S,4,6,44.34,-76.6,57.26,8.0,40.05,42.33,-76.6,62.66,88.76,108.84
BTC,2h,ema50/200,2,L,4,6,44.17,-27.18,18.64,5.7,-15.95,-27.18,-2.31,102.81,48.57,159.07
BTC,4h,c>ema100,2,L+S,4,6,44.12,-23.17,45.6,47.7,-4.38,34.98,-23.17,70.42,46.12,140.78
BTC,1d,c>ema200,3,L+S,4,6,43.84,-13.99,38.15,7.0,79.4,-13.99,26.95,12.34,125.29,33.05
BTC,4h,st3.0,2,L,4,6,43.49,-35.94,20.5,11.5,-35.94,8.59,3.93,71.8,49.4,163.18
ETH,4h,st2.0,2,L,4,6,43.0,-33.56,34.37,18.7,-33.56,-11.19,127.84,51.63,85.62,37.64
BTC,1d,st2.0,2,L,4,6,42.86,-15.93,12.79,3.7,-11.89,-8.01,-15.93,70.34,72.75,149.91
ETH,4h,macd12/26,3,L+S,4,6,42.59,-72.92,98.03,78.0,5.89,26.87,112.55,185.79,-72.92,-2.62
BTC,1d,macd26/52,2,L,4,6,42.11,-21.06,7.35,2.8,-13.02,-21.06,-0.69,68.65,71.9,146.9
BTC,2h,ema20/50,2,L,4,6,41.86,-65.44,29.88,19.0,-65.44,-4.66,-3.97,53.04,87.64,184.56
BTC,1d,c>ema200,2,L,4,6,41.84,-27.39,11.17,3.7,0.0,-27.39,17.97,56.13,83.53,120.83
ETH,4h,c>ema100,2,L,4,6,41.78,-28.7,31.19,25.0,-28.7,-17.74,62.41,86.38,98.54,49.79
BTC,2h,c>ema100,3,L,4,6,41.53,-72.13,55.8,52.5,-72.13,-17.56,-27.37,88.48,61.42,216.33
ETH,1d,st4.0,3,L+S,4,6,41.27,-4.03,50.54,3.3,-4.03,24.55,32.04,100.23,-2.92,97.77
BTC,2h,c>ema200,2,L+S,4,6,41.26,-22.53,42.89,63.0,-11.89,43.13,-22.53,67.72,51.81,119.32
BTC,1d,c>ema100,3,L+S,4,6,41.03,-3.29,47.37,8.0,58.66,-0.46,-3.29,47.46,82.61,61.21
ETH,2h,st4.0,2,L+S,4,6,40.96,-66.53,51.7,28.5,44.94,53.11,97.31,82.71,34.24,-66.53
ETH,2h,macd12/26,3,L,4,6,40.87,-94.57,76.51,73.5,16.34,-94.57,221.33,-54.15,58.01,98.24
ETH,2h,ema10/30,2,L,4,6,40.71,-43.6,37.38,34.7,-43.6,-12.38,82.1,31.3,121.85,65.01
BTC,1d,st3.0,2,L,4,6,40.37,-11.89,5.6,2.2,-11.89,-10.16,8.16,70.71,36.63,148.76
BTC,1d,ema5/20,3,L+S,4,6,39.75,-66.88,64.85,9.5,49.56,-15.91,-66.88,84.4,89.8,97.5
ETH,4h,c>ema100,2,L+S,4,6,39.64,-45.77,47.77,50.3,6.03,45.25,-13.76,163.3,82.82,-45.77
ETH,1h,ema50/200,3,L+S,4,6,39.46,-39.87,80.94,24.3,7.57,73.89,39.69,61.59,93.87,-39.87
BTC,1d,ema50/200,2,L+S,4,6,39.29,-36.66,1.56,1.7,52.93,-36.66,17.97,97.24,83.53,20.74
ETH,2h,ema5/20,3,L,4,6,39.22,-60.86,65.89,60.5,-28.45,-60.86,176.88,62.6,48.11,37.03
ETH,2h,ema20/100,3,L+S,4,6,37.8,-95.84,92.19,28.3,21.31,56.28,38.21,105.99,100.88,-95.84
ETH,2h,ema10/30,2,L+S,4,6,37.4,-21.11,56.57,69.3,-18.16,53.06,19.26,52.51,138.83,-21.11
BTC,1h,c>ema200,3,L,4,6,35.84,-82.41,56.91,73.2,-82.41,-7.21,-38.97,103.36,68.27,171.99
ETH,1d,st4.0,2,L,4,6,35.18,-30.93,6.52,1.8,-30.93,-28.99,86.78,33.87,42.25,108.09
ETH,1d,c>ema200,2,L,4,6,35.17,-40.96,7.46,2.8,-2.48,-40.96,133.82,0.23,91.62,28.81
ETH,1h,st4.0,3,L+S,4,6,34.74,-104.0,118.6,56.5,41.49,91.85,203.94,20.74,-45.57,-104.0
BTC,1d,macd12/26,2,L,4,6,34.34,-32.89,15.1,6.2,-16.77,-32.89,14.46,61.36,48.78,131.11
ETH,1d,macd26/52,3,L+S,4,6,34.09,-121.34,56.41,6.7,32.26,101.26,32.91,34.93,-121.34,124.54
ETH,1h,st4.0,2,L,4,6,33.69,-19.61,43.06,28.0,-19.61,-7.79,139.53,15.53,33.55,40.91
ETH,4h,ema10/30,2,L,4,6,33.57,-43.34,36.35,17.5,-43.34,-18.59,84.56,11.45,86.88,80.47
ETH,2h,c>ema200,2,L+S,4,6,33.45,-31.75,53.8,64.2,2.9,31.96,-0.11,144.3,53.41,-31.75
BTC,1d,ema20/100,2,L+S,4,6,32.59,6.75,23.22,2.7,52.93,27.54,17.97,6.75,69.27,21.1
ETH,4h,ema10/30,3,L+S,4,6,32.5,-26.25,82.93,35.2,-26.25,66.23,34.06,22.18,81.9,16.87
ETH,4h,ema5/20,2,L,4,6,31.94,-46.4,44.18,30.7,-46.4,-26.13,69.98,25.43,112.74,55.99
ETH,2h,ema50/200,3,L,4,6,30.92,-81.81,49.84,6.5,-31.8,-81.81,122.75,-23.15,87.72,111.8
ETH,4h,st3.0,2,L+S,4,6,30.86,-24.92,58.46,23.2,0.55,21.85,84.75,71.99,30.93,-24.92
ETH,4h,c>ema200,1,L,4,6,30.37,-10.04,9.62,13.2,-7.64,-10.04,73.25,36.19,33.07,57.39
ETH,2h,macd26/52,2,L+S,4,6,29.81,-54.62,61.39,74.7,-6.44,9.43,85.63,135.09,-54.62,9.76
BTC,1d,c>ema200,2,L+S,4,6,29.23,-9.33,25.43,7.0,52.93,-9.33,17.97,8.23,83.53,22.04
ETH,4h,macd12/26,2,L+S,4,6,28.4,-48.62,65.35,78.0,3.93,17.91,75.04,123.86,-48.62,-1.74
ETH,1h,ema20/50,2,L+S,4,6,27.34,-26.88,58.38,78.7,-26.88,53.23,-10.14,82.32,52.54,13.0
ETH,4h,ema20/100,2,L,4,6,27.26,-46.94,32.97,7.3,-21.81,-46.94,71.42,11.25,79.85,69.8
ETH,2h,st3.0,3,L+S,4,6,26.79,-180.68,110.86,44.2,54.26,86.35,106.98,98.43,-4.61,-180.68
BTC,1d,ema5/20,2,L+S,4,6,26.5,-44.59,43.23,9.5,33.04,-10.61,-44.59,56.26,59.87,65.0
ETH,1h,ema50/200,2,L+S,4,6,26.3,-26.58,53.96,24.3,5.05,49.26,26.46,41.06,62.58,-26.58
ETH,4h,ema20/50,3,L+S,4,6,25.79,-97.62,93.64,19.2,60.47,63.56,3.18,27.19,97.93,-97.62
ETH,2h,ema20/100,2,L+S,4,6,25.2,-63.9,61.46,28.3,14.21,37.52,25.48,70.66,67.25,-63.9
BTC,1d,ema50/200,1,L,4,6,23.48,-20.21,0.0,1.0,0.0,-20.21,8.98,48.62,41.76,61.73
ETH,1h,st4.0,2,L+S,4,6,23.16,-69.33,79.06,56.5,27.66,61.23,135.96,13.82,-30.38,-69.33
ETH,4h,ema10/30,2,L+S,4,6,21.67,-17.5,55.29,35.2,-17.5,44.16,22.71,14.79,54.6,11.25
ETH,4h,c>ema100,1,L,4,6,20.89,-14.35,15.59,25.0,-14.35,-8.87,31.21,43.19,49.27,24.9
ETH,1d,ema20/50,1,L,4,6,20.63,-12.05,4.4,2.0,-10.29,-12.05,81.18,0.72,16.67,47.56
ETH,2h,ema10/30,1,L,4,6,20.36,-21.8,18.69,34.7,-21.8,-6.19,41.05,15.65,60.93,32.51
ETH,4h,ema5/20,2,L+S,4,6,20.0,-37.34,70.02,61.5,-25.84,27.29,-2.1,43.61,114.37,-37.34
BTC,1d,ema50/200,1,L+S,4,6,19.64,-18.33,0.78,1.7,26.47,-18.33,8.98,48.62,41.76,10.37
ETH,2h,c>ema50,2,L,4,6,19.59,-39.49,54.81,75.8,-39.49,-27.87,71.59,18.96,61.62,32.74
ETH,2h,ema10/30,1,L+S,4,6,18.7,-10.56,28.28,69.3,-9.08,26.53,9.63,26.26,69.41,-10.56
ETH,1d,ema20/50,1,L+S,4,6,18.51,-10.76,18.26,4.0,7.8,12.78,81.18,-1.55,-10.76,21.61
ETH,4h,ema20/100,3,L+S,4,6,18.15,-22.26,104.4,14.8,27.0,-22.26,11.99,32.75,74.62,-15.18
ETH,2h,st3.0,2,L+S,4,6,17.86,-120.45,73.9,44.2,36.17,57.57,71.32,65.62,-3.07,-120.45
ETH,1d,c>ema200,1,L,4,6,17.59,-20.48,3.73,2.8,-1.24,-20.48,66.91,0.12,45.81,14.4
ETH,4h,ema20/50,2,L+S,4,6,17.19,-65.08,62.43,19.2,40.31,42.38,2.12,18.12,65.29,-65.08
ETH,1h,st4.0,1,L,4,6,16.84,-9.8,21.53,28.0,-9.8,-3.9,69.76,7.76,16.77,20.46
ETH,4h,ema5/20,1,L,4,6,15.97,-23.2,22.09,30.7,-23.2,-13.07,34.99,12.72,56.37,27.99
ETH,2h,ema5/20,3,L+S,4,6,15.06,-153.06,113.57,121.3,44.51,-2.76,145.09,103.0,-46.41,-153.06
ETH,1d,c>ema100,1,L+S,4,6,14.67,-26.82,18.78,8.0,22.2,-26.82,75.82,19.92,-22.02,18.93
ETH,2h,ema20/50,3,L+S,4,6,13.66,-74.61,91.4,41.2,-32.17,8.19,-41.31,0.46,221.42,-74.61
ETH,2h,ema20/50,1,L,4,6,13.33,-23.09,19.94,20.5,-23.09,-18.83,28.65,1.74,67.31,24.21
ETH,1h,ema20/100,1,L,4,6,12.69,-16.99,22.7,27.0,-16.99,-13.51,29.56,1.84,65.6,9.66
ETH,4h,ema20/100,2,L+S,4,6,12.1,-14.84,69.6,14.8,18.0,-14.84,7.99,21.83,49.75,-10.12
ETH,1h,st4.0,1,L+S,4,6,11.58,-34.67,39.53,56.5,13.83,30.62,67.98,6.91,-15.19,-34.67
ETH,2h,ema5/20,2,L+S,4,6,10.04,-102.04,75.71,121.3,29.67,-1.84,96.73,68.67,-30.94,-102.04
ETH,4h,ema5/20,1,L+S,4,6,10.0,-18.67,35.01,61.5,-12.92,13.65,-1.05,21.81,57.19,-18.67
ETH,2h,ema20/50,2,L+S,4,6,9.11,-49.74,60.93,41.2,-21.45,5.46,-27.54,0.31,147.61,-49.74
ETH,1h,ema20/100,2,L+S,4,6,5.27,-110.58,76.4,54.0,2.69,25.6,-21.67,-2.31,137.91,-110.58
ETH,2h,ema20/50,1,L+S,4,6,4.56,-24.87,30.47,41.2,-10.72,2.73,-13.77,0.15,73.81,-24.87
ETH,1h,ema20/100,1,L+S,4,6,2.64,-55.29,38.2,54.0,1.35,12.8,-10.84,-1.15,68.96,-55.29
BTC,4h,macd26/52,3,L+S,3,6,63.89,-55.04,56.87,35.7,-42.22,95.59,-55.04,111.48,34.14,239.39
BTC,4h,st2.0,3,L,3,6,57.96,-53.4,51.66,19.5,-53.4,-1.53,-31.25,151.92,38.04,244.0
ETH,2h,c>ema200,3,L,3,6,57.53,-46.75,51.89,32.0,-46.75,-36.14,104.86,114.87,123.26,85.08
ETH,1d,ema20/50,3,L+S,3,6,55.53,-32.27,54.79,4.0,23.41,38.33,243.53,-4.64,-32.27,64.84
ETH,4h,macd12/26,3,L,3,6,53.11,-49.87,61.12,38.8,-49.87,-44.86,158.18,107.16,37.88,110.16
ETH,2h,macd26/52,3,L,3,6,53.07,-59.2,59.69,37.2,-59.2,-51.62,166.39,114.36,29.28,119.2
ETH,2h,ema20/100,3,L,3,6,51.27,-42.1,51.8,14.2,-42.1,-34.14,128.89,56.29,137.12,61.56
BTC,2h,ema20/100,3,L+S,3,6,50.4,-18.18,60.99,26.3,-7.43,44.1,-18.18,8.51,129.99,145.42
BTC,4h,st4.0,3,L,3,6,48.18,-33.4,36.9,8.7,-33.4,-17.23,-11.02,37.92,63.99,248.83
ETH,4h,ema5/20,3,L,3,6,47.9,-69.6,66.27,30.7,-69.6,-39.2,104.97,38.15,169.11,83.98
BTC,2h,ema10/30,3,L,3,6,46.97,-64.09,57.45,34.3,-64.09,8.0,-32.45,146.24,38.25,185.86
BTC,2h,ema50/200,3,L+S,3,6,46.88,-39.0,68.23,12.0,30.57,-14.31,-39.0,157.68,1.11,145.2
ETH,4h,st4.0,2,L+S,3,6,45.44,-33.93,49.91,15.7,44.15,58.25,53.37,137.08,13.71,-33.93
BTC,2h,ema20/50,3,L+S,3,6,45.14,-112.03,66.69,38.0,-112.03,52.85,-45.08,25.33,127.42,222.37
ETH,1d,ema20/100,3,L,3,6,45.08,-61.44,12.46,1.7,0.0,-61.44,243.53,-44.05,51.07,81.34
ETH,1d,c>ema100,3,L+S,3,6,44.02,-80.46,56.32,8.0,66.61,-80.46,227.46,59.77,-66.07,56.79
BTC,1h,ema20/50,3,L,3,6,43.64,-65.69,55.61,38.5,-65.69,7.61,-26.91,140.25,38.52,168.04
BTC,1h,ema50/200,3,L+S,3,6,43.63,-22.88,64.09,24.0,-20.74,31.23,-22.88,16.99,112.21,144.95
BTC,2h,ema20/100,2,L,3,6,43.23,-29.43,22.83,13.0,-29.43,-8.75,4.85,46.89,90.19,155.64
ETH,1d,ema10/30,3,L,3,6,43.23,-70.01,34.38,3.3,-18.8,-70.01,203.34,-34.63,39.43,140.04
BTC,4h,macd26/52,2,L+S,3,6,42.59,-36.7,37.91,35.7,-28.15,63.72,-36.7,74.32,22.76,159.59
BTC,1h,ema50/200,2,L,3,6,42.35,-33.61,24.67,11.8,-33.61,-13.06,3.09,50.48,92.46,154.75
BTC,1d,macd26/52,3,L+S,3,6,41.78,-29.47,62.94,6.2,40.84,1.23,-29.47,27.0,93.63,117.47
BTC,2h,st3.0,3,L,3,6,41.59,-59.44,51.57,22.8,-59.44,13.41,-34.65,135.6,61.96,132.68
ETH,4h,ema50/200,3,L,3,6,41.27,-74.63,39.34,3.5,-22.34,-74.63,201.9,-35.82,40.83,137.66
BTC,1d,ema5/20,2,L,3,6,41.13,-27.36,13.86,4.7,-8.97,-27.36,-12.82,79.52,74.26,142.13
ETH,1h,ema20/50,3,L+S,3,6,41.02,-40.32,87.57,78.7,-40.32,79.85,-15.21,123.47,78.81,19.5
BTC,1d,st3.0,3,L+S,3,6,40.62,-21.57,40.87,4.8,40.05,35.05,-2.18,68.49,-21.57,123.9
ETH,2h,ema20/50,3,L,3,6,39.99,-69.26,59.82,20.5,-69.26,-56.5,85.95,5.22,201.92,72.64
BTC,4h,ema5/20,2,L,3,6,39.82,-42.52,29.24,27.8,-42.52,3.27,-17.54,119.66,53.09,122.95
BTC,2h,st4.0,2,L+S,3,6,39.43,-20.24,35.72,29.7,-20.24,52.82,-18.32,101.54,26.79,93.97
BTC,4h,st2.0,2,L,3,6,38.64,-35.6,34.44,19.5,-35.6,-1.02,-20.83,101.28,25.36,162.67
BTC,1h,ema20/100,2,L,3,6,38.4,-51.56,33.29,25.3,-51.56,-2.06,-9.42,94.5,72.96,126.0
ETH,1h,ema20/100,3,L,3,6,38.08,-50.96,68.12,27.0,-50.96,-40.54,88.69,5.53,196.8,28.97
ETH,1d,c>ema100,2,L,3,6,38.06,-62.53,15.79,4.2,-2.84,-62.53,162.05,21.1,21.3,89.26
ETH,4h,st3.0,2,L,3,6,37.25,-34.95,38.61,11.7,-34.95,-29.69,116.6,39.48,68.71,63.37
ETH,1d,ema20/50,2,L+S,3,6,37.02,-21.52,36.53,4.0,15.6,25.55,162.35,-3.09,-21.52,43.23
BTC,1d,ema20/50,2,L,3,6,36.83,-32.2,8.54,1.8,-14.44,-32.2,4.88,57.64,55.07,150.05
BTC,4h,c>ema200,2,L+S,3,6,36.51,-29.02,32.4,30.2,45.4,28.06,-29.02,-5.28,53.21,126.71
BTC,4h,macd12/26,3,L,3,6,36.4,-40.8,59.56,37.7,-40.8,-12.05,-25.22,107.24,-10.22,199.46
BTC,4h,ema20/100,2,L+S,3,6,36.34,-15.19,41.8,12.0,18.52,2.31,-15.19,102.51,-8.2,118.07
ETH,4h,c>ema200,1,L+S,3,6,36.1,13.31,16.89,26.3,13.31,18.92,62.75,66.72,14.85,40.04
BTC,4h,c>ema50,2,L,3,6,35.95,-41.59,33.88,38.5,-41.59,-12.13,-9.45,82.66,46.91,149.31
ETH,2h,st2.0,3,L,3,6,35.49,-81.0,71.74,39.0,-24.42,-81.0,181.53,-27.84,109.64,55.01
BTC,2h,macd26/52,3,L,3,6,35.34,-43.87,62.01,36.8,-43.87,-21.32,-27.29,138.13,-35.08,201.49
ETH,1h,ema20/50,2,L,3,6,35.23,-47.0,40.79,39.3,-47.0,-12.02,63.16,48.48,76.96,81.78
ETH,1d,macd12/26,3,L,3,6,34.08,-86.5,62.22,7.0,-39.34,-86.5,72.88,-15.62,137.48,135.58
BTC,2h,ema20/100,2,L+S,3,6,33.6,-12.12,40.66,26.3,-4.95,29.4,-12.12,5.68,86.66,96.95
BTC,4h,st2.0,3,L+S,3,6,33.25,-96.07,80.12,39.0,-21.89,63.29,-96.07,159.66,-57.78,152.3
BTC,1d,st4.0,2,L,3,6,33.05,-21.52,7.71,1.8,-21.52,-13.76,4.88,65.18,39.84,123.71
BTC,1h,ema20/100,3,L+S,3,6,32.86,-68.56,84.77,50.7,-68.56,59.13,-59.93,140.21,78.99,47.31
BTC,4h,ema20/50,2,L+S,3,6,32.25,-4.66,40.13,19.3,11.55,15.05,-4.66,52.14,14.49,104.93
ETH,1d,ema50/200,3,L,3,6,32.24,-104.14,0.4,1.2,0.0,-104.14,167.46,-67.29,137.44,59.96
BTC,4h,st4.0,2,L,3,6,32.12,-22.27,24.6,8.7,-22.27,-11.49,-7.34,25.28,42.66,165.89
BTC,4h,st3.0,2,L+S,3,6,32.02,-14.8,36.05,23.2,-14.8,62.75,-13.54,54.11,-3.13,106.7
BTC,2h,ema50/200,2,L+S,3,6,31.25,-26.0,45.48,12.0,20.38,-9.54,-26.0,105.12,0.74,96.8
ETH,1d,c>ema50,2,L,3,6,30.52,-44.97,31.24,7.5,-30.24,-44.97,141.49,-10.34,9.69,117.49
ETH,4h,ema5/20,3,L+S,3,6,30.0,-56.01,105.04,61.5,-38.76,40.94,-3.14,65.42,171.56,-56.01
BTC,1d,st2.0,2,L+S,3,6,29.56,-51.06,38.17,8.0,26.7,28.22,-51.06,41.78,59.17,72.56
ETH,2h,c>ema50,3,L,3,6,29.39,-59.24,82.22,75.8,-59.24,-41.8,107.39,28.44,92.42,49.12
ETH,1d,c>ema100,2,L+S,3,6,29.34,-53.64,37.55,8.0,44.41,-53.64,151.64,39.85,-44.05,37.86
BTC,1h,c>ema100,3,L,3,6,29.15,-101.09,68.1,98.0,-101.09,-1.54,-48.25,91.73,105.86,128.2
BTC,1h,ema50/200,2,L+S,3,6,29.08,-15.26,42.73,24.0,-13.83,20.82,-15.26,11.32,74.81,96.63
ETH,1d,ema10/30,2,L,3,6,28.82,-46.67,22.92,3.3,-12.54,-46.67,135.56,-23.09,26.28,93.36
ETH,4h,macd26/52,1,L+S,3,6,28.68,-1.33,23.85,34.8,8.51,19.55,-1.33,47.66,41.97,55.7
ETH,4h,c>ema50,3,L,3,6,27.9,-88.21,72.67,43.2,-49.04,-88.21,99.1,28.35,147.03,30.19
BTC,1d,macd26/52,2,L+S,3,6,27.86,-19.65,41.96,6.2,27.23,0.82,-19.65,18.0,62.42,78.31
ETH,1d,st4.0,2,L+S,3,6,27.51,-2.69,33.7,3.3,-2.69,16.37,21.36,66.82,-1.95,65.18
BTC,1d,c>ema100,2,L+S,3,6,27.35,-2.2,31.58,8.0,39.11,-0.31,-2.2,31.64,55.07,40.81
ETH,1d,ema20/100,3,L+S,3,6,27.07,-85.1,41.32,3.0,98.12,-10.84,243.53,-85.1,-27.38,-55.9
ETH,1d,st2.0,3,L,3,6,26.72,-67.84,40.88,4.3,-67.84,-66.76,55.79,13.2,78.32,147.63
ETH,2h,ema5/20,2,L,3,6,26.14,-40.57,43.93,60.5,-18.97,-40.57,117.92,41.73,32.07,24.69
ETH,1h,ema20/100,2,L,3,6,25.39,-33.97,45.41,27.0,-33.97,-27.02,59.13,3.68,131.2,19.31
ETH,4h,macd26/52,1,L,3,6,24.83,-12.79,15.32,17.7,-12.79,-10.49,33.08,26.03,46.7,66.43
BTC,1h,c>ema200,2,L,3,6,23.89,-54.94,37.94,73.2,-54.94,-4.81,-25.98,68.91,45.51,114.66
ETH,2h,st2.0,2,L,3,6,23.66,-54.0,47.83,39.0,-16.28,-54.0,121.02,-18.56,73.09,36.67
BTC,4h,ema20/100,1,L,3,6,23.54,-10.82,8.96,5.7,-8.07,-10.82,1.46,50.84,22.62,85.18
BTC,2h,st4.0,1,L,3,6,23.4,-19.71,11.8,14.8,-19.71,2.07,0.93,48.91,28.72,79.48
ETH,1d,st3.0,3,L,3,6,23.34,-99.18,35.82,2.7,-27.03,-99.18,169.16,-68.88,81.67,84.29
ETH,1d,macd26/52,2,L+S,3,6,22.73,-80.89,37.6,6.7,21.51,67.5,21.94,23.29,-80.89,83.03
ETH,4h,st4.0,1,L+S,3,6,22.72,-16.96,24.96,15.7,22.08,29.12,26.68,68.54,6.86,-16.96
ETH,4h,st4.0,1,L,3,6,22.4,-6.27,16.33,8.0,-6.27,-5.44,48.78,38.25,29.95,29.13
BTC,4h,st2.0,2,L+S,3,6,22.17,-64.05,53.41,39.0,-14.59,42.19,-64.05,106.44,-38.52,101.53
BTC,2h,ema50/200,1,L,3,6,22.08,-13.59,9.32,5.7,-7.97,-13.59,-1.16,51.4,24.28,79.53
BTC,1h,ema20/100,2,L+S,3,6,21.91,-45.7,56.52,50.7,-45.7,39.42,-39.95,93.47,52.66,31.54
BTC,1d,ema20/100,1,L,3,6,21.67,-4.35,1.32,1.3,0.0,-4.35,8.98,27.93,37.69,59.76
BTC,2h,ema20/100,1,L,3,6,21.62,-14.72,11.41,13.0,-14.72,-4.37,2.43,23.45,45.1,77.82
ETH,4h,st2.0,1,L,3,6,21.5,-16.78,17.19,18.7,-16.78,-5.6,63.92,25.82,42.81,18.82
ETH,1d,ema50/200,2,L,3,6,21.49,-69.43,0.26,1.2,0.0,-69.43,111.64,-44.86,91.62,39.97
BTC,1h,ema50/200,1,L,3,6,21.18,-16.8,12.34,11.8,-16.8,-6.53,1.55,25.24,46.23,77.38
ETH,2h,st4.0,1,L,3,6,21.06,-6.81,13.64,14.3,-6.81,-6.76,60.92,22.46,35.52,21.02
BTC,1d,c>ema200,1,L,3,6,20.92,-13.69,5.58,3.7,0.0,-13.69,8.98,28.07,41.76,60.42
ETH,1d,c>ema50,3,L+S,3,6,20.83,-104.55,103.09,15.2,-5.52,-29.37,182.66,-43.17,-104.55,124.91
ETH,1d,ema5/20,3,L+S,3,6,20.73,-57.37,98.31,9.5,21.48,-22.8,170.55,-36.43,-57.37,48.97
ETH,4h,st2.0,1,L+S,3,6,20.68,-37.71,33.58,38.0,0.75,28.71,56.27,46.77,29.27,-37.71
ETH,1h,ema10/30,3,L,3,6,20.64,-58.09,78.73,74.2,-29.74,-58.09,133.87,81.76,-0.88,-3.07
ETH,2h,ema50/200,2,L,3,6,20.61,-54.54,33.23,6.5,-21.2,-54.54,81.83,-15.44,58.48,74.53
ETH,2h,st4.0,1,L+S,3,6,20.48,-33.26,25.85,28.5,22.47,26.55,48.65,41.35,17.12,-33.26
BTC,4h,ema5/20,1,L,3,6,19.91,-21.26,14.62,27.8,-21.26,1.63,-8.77,59.83,26.55,61.48
ETH,4h,c>ema100,1,L+S,3,6,19.82,-22.89,23.88,50.3,3.02,22.62,-6.88,81.65,41.41,-22.89
BTC,2h,st4.0,1,L+S,3,6,19.71,-10.12,17.86,29.7,-10.12,26.41,-9.16,50.77,13.4,46.98
BTC,1h,c>ema100,2,L,3,6,19.43,-67.39,45.4,98.0,-67.39,-1.03,-32.17,61.15,70.57,85.47
BTC,4h,st2.0,1,L,3,6,19.32,-17.8,17.22,19.5,-17.8,-0.51,-10.42,50.64,12.68,81.33
ETH,2h,c>ema200,1,L,3,6,19.18,-15.58,17.29,32.0,-15.58,-12.05,34.95,38.29,41.09,28.36
ETH,1d,c>ema100,1,L,3,6,19.03,-31.26,7.9,4.2,-1.42,-31.26,81.03,10.55,10.65,44.63
BTC,1d,st4.0,3,L+S,3,6,18.86,-12.12,59.65,4.0,10.49,25.0,-12.12,47.45,-6.81,49.13
ETH,4h,st3.0,1,L,3,6,18.62,-17.48,19.31,11.7,-17.48,-14.85,58.3,19.74,34.35,31.68
ETH,4h,c>ema50,2,L,3,6,18.6,-58.81,48.44,43.2,-32.69,-58.81,66.07,18.9,98.02,20.12
BTC,1d,macd12/26,2,L+S,3,6,18.47,-20.17,30.97,12.5,22.03,-20.17,9.45,31.31,17.52,50.67
BTC,2h,macd12/26,2,L,3,6,18.3,-46.36,37.1,73.3,-23.06,-46.36,9.32,21.49,50.8,97.6
BTC,1h,macd26/52,2,L,3,6,18.25,-54.17,43.13,71.8,-20.52,-54.17,10.32,30.87,62.1,80.87
BTC,4h,ema20/100,1,L+S,3,6,18.17,-7.59,20.9,12.0,9.26,1.16,-7.59,51.25,-4.1,59.04
ETH,1d,ema20/100,2,L+S,3,6,18.05,-56.73,27.55,3.0,65.42,-7.23,162.35,-56.73,-18.25,-37.27
ETH,1d,st2.0,2,L,3,6,17.82,-45.23,27.25,4.3,-45.23,-44.5,37.19,8.8,52.21,98.42
ETH,4h,macd12/26,1,L,3,6,17.7,-16.62,20.38,38.8,-16.62,-14.95,52.73,35.72,12.63,36.72
ETH,2h,macd26/52,1,L,3,6,17.69,-19.73,19.9,37.2,-19.73,-17.21,55.46,38.12,9.76,39.73
ETH,1h,ema50/200,1,L,3,6,17.62,-14.49,15.34,12.2,-14.49,-8.37,42.64,11.95,43.97,30.04
ETH,1h,ema20/50,1,L,3,6,17.61,-23.5,20.39,39.3,-23.5,-6.01,31.58,24.24,38.48,40.89
ETH,1d,st4.0,1,L,3,6,17.59,-15.47,3.26,1.8,-15.47,-14.49,43.39,16.93,21.12,54.05
BTC,1d,macd12/26,1,L,3,6,17.17,-16.44,7.55,6.2,-8.39,-16.44,7.23,30.68,24.39,65.56
ETH,2h,ema20/100,1,L,3,6,17.09,-14.03,17.27,14.2,-14.03,-11.38,42.96,18.76,45.71,20.52
ETH,4h,ema10/30,1,L,3,6,16.79,-21.67,18.17,17.5,-21.67,-9.3,42.28,5.72,43.44,40.24
ETH,2h,c>ema200,1,L+S,3,6,16.73,-15.87,26.9,64.2,1.45,15.98,-0.06,72.15,26.7,-15.87
BTC,1d,ema20/100,1,L+S,3,6,16.3,3.37,11.61,2.7,26.47,13.77,8.98,3.37,34.64,10.55
ETH,1d,macd26/52,1,L,3,6,16.25,-10.26,5.64,3.0,-10.26,0.0,40.47,7.25,1.37,58.68
BTC,2h,ema10/30,1,L,3,6,15.66,-21.36,19.15,34.3,-21.36,2.67,-10.82,48.75,12.75,61.95
ETH,4h,ema20/50,1,L,3,6,15.64,-9.7,16.67,9.7,-6.16,-9.7,36.57,6.59,45.72,20.81
BTC,2h,ema50/200,1,L+S,3,6,15.62,-13.0,22.74,12.0,10.19,-4.77,-13.0,52.56,0.37,48.4
ETH,1d,st3.0,2,L,3,6,15.56,-66.12,23.88,2.7,-18.02,-66.12,112.77,-45.92,54.45,56.2
ETH,4h,st3.0,1,L+S,3,6,15.43,-12.46,29.23,23.2,0.27,10.92,42.38,35.99,15.47,-12.46
ETH,1d,c>ema50,1,L,3,6,15.26,-22.49,15.62,7.5,-15.12,-22.49,70.74,-5.17,4.85,58.75
ETH,1d,ema20/100,1,L,3,6,15.03,-20.48,4.15,1.7,0.0,-20.48,81.18,-14.68,17.02,27.11
ETH,2h,st3.0,1,L,3,6,14.99,-8.31,18.42,21.8,-8.31,-4.78,53.56,18.5,23.57,7.42
ETH,2h,macd26/52,1,L+S,3,6,14.9,-27.31,30.69,74.7,-3.22,4.71,42.81,67.55,-27.31,4.88
ETH,1d,ema5/20,1,L,3,6,14.7,-22.25,13.66,4.7,-11.38,-22.25,66.35,-3.87,13.4,45.98
BTC,1d,c>ema200,1,L+S,3,6,14.61,-4.66,12.72,7.0,26.47,-4.66,8.98,4.11,41.76,11.02
ETH,1d,ema10/30,1,L,3,6,14.41,-23.34,11.46,3.3,-6.27,-23.34,67.78,-11.54,13.14,46.68
ETH,4h,macd12/26,1,L+S,3,6,14.2,-24.31,32.68,78.0,1.96,8.96,37.52,61.93,-24.31,-0.87
ETH,1d,c>ema50,2,L+S,3,6,13.89,-69.7,68.72,15.2,-3.68,-19.58,121.78,-28.78,-69.7,83.28
ETH,1d,ema5/20,2,L+S,3,6,13.82,-38.25,65.54,9.5,14.32,-15.2,113.7,-24.28,-38.25,32.64
ETH,1d,st4.0,1,L+S,3,6,13.76,-1.34,16.85,3.3,-1.34,8.18,10.68,33.41,-0.97,32.59
ETH,1h,ema10/30,2,L,3,6,13.76,-38.73,52.49,74.2,-19.83,-38.73,89.25,54.5,-0.58,-2.05
ETH,4h,ema50/200,1,L,3,6,13.76,-24.88,13.11,3.5,-7.45,-24.88,67.3,-11.94,13.61,45.89
ETH,1h,ema20/50,1,L+S,3,6,13.67,-13.44,29.19,78.7,-13.44,26.62,-5.07,41.16,26.27,6.5
ETH,4h,ema20/100,1,L,3,6,13.63,-23.47,16.49,7.3,-10.9,-23.47,35.71,5.63,39.93,34.9
ETH,1h,ema50/200,1,L+S,3,6,13.15,-13.29,26.98,24.3,2.52,24.63,13.23,20.53,31.29,-13.29
ETH,2h,ema5/20,1,L,3,6,13.07,-20.29,21.97,60.5,-9.48,-20.29,58.96,20.87,16.04,12.34
BTC,4h,ema5/20,1,L+S,3,6,12.85,-28.3,26.96,55.7,-14.79,25.5,-28.3,71.32,8.22,15.17
ETH,2h,ema20/100,1,L+S,3,6,12.6,-31.95,30.73,28.3,7.1,18.76,12.74,35.33,33.63,-31.95
BTC,4h,st4.0,3,L+S,3,6,12.59,-61.27,70.5,17.5,11.87,36.21,-53.91,-61.27,-25.76,168.38
ETH,1d,c>ema200,1,L+S,3,6,12.42,-44.25,11.89,5.3,21.95,-3.61,53.04,1.59,45.81,-44.25
ETH,1d,ema10/30,2,L+S,3,6,12.19,-52.18,55.1,6.8,34.82,-19.9,109.46,-52.18,-39.97,40.91
ETH,1h,c>ema100,3,L,3,6,11.45,-44.05,83.98,106.8,-44.05,-24.63,94.09,-19.14,65.66,-3.25
ETH,1d,macd26/52,1,L+S,3,6,11.36,-40.45,18.8,6.7,10.75,33.75,10.97,11.64,-40.45,41.51
ETH,2h,c>ema100,2,L,3,6,11.26,-65.03,56.91,60.2,-25.97,-65.03,76.79,-8.26,99.01,-8.98
BTC,4h,st2.0,1,L+S,3,6,11.09,-32.02,26.71,39.0,-7.3,21.1,-32.02,53.22,-19.26,50.77
ETH,4h,ema10/30,1,L+S,3,6,10.83,-8.75,27.64,35.2,-8.75,22.08,11.35,7.39,27.3,5.62
ETH,2h,c>ema50,1,L,3,6,9.8,-19.75,27.41,75.8,-19.75,-13.93,35.8,9.48,30.81,16.37
ETH,4h,c>ema50,1,L,3,6,9.3,-29.4,24.22,43.2,-16.35,-29.4,33.03,9.45,49.01,10.06
ETH,4h,ema50/200,2,L+S,3,6,9.16,-51.37,60.38,7.2,31.76,-21.59,105.49,-51.37,-43.99,34.64
ETH,1d,ema20/100,1,L+S,3,6,9.03,-28.37,13.77,3.0,32.71,-3.61,81.18,-28.37,-9.13,-18.63
ETH,2h,st3.0,1,L+S,3,6,8.93,-60.23,36.95,44.2,18.09,28.78,35.66,32.81,-1.54,-60.23
ETH,1d,st2.0,1,L,3,6,8.91,-22.61,13.63,4.3,-22.61,-22.25,18.6,4.4,26.11,49.21
ETH,4h,ema20/50,1,L+S,3,6,8.6,-32.54,31.22,19.2,20.16,21.19,1.06,9.06,32.64,-32.54
ETH,2h,st2.0,3,L+S,3,6,8.59,-119.23,108.54,78.3,51.37,-44.47,159.38,-74.3,78.76,-119.23
ETH,1h,ema20/100,3,L+S,3,6,7.91,-165.88,114.6,54.0,4.04,38.39,-32.51,-3.46,206.87,-165.88
ETH,1h,ema10/30,1,L,3,6,6.88,-19.36,26.24,74.2,-9.91,-19.36,44.62,27.25,-0.29,-1.02
ETH,2h,macd12/26,1,L+S,3,6,6.57,-41.95,42.34,146.8,45.65,-24.07,79.28,-41.95,-10.09,-9.42
ETH,4h,ema20/100,1,L+S,3,6,6.05,-7.42,34.8,14.8,9.0,-7.42,4.0,10.92,24.87,-5.06
ETH,2h,st2.0,2,L+S,3,6,5.72,-79.49,72.36,78.3,34.25,-29.65,106.25,-49.53,52.51,-79.49
ETH,2h,ema5/20,1,L+S,3,6,5.02,-51.02,37.86,121.3,14.84,-0.92,48.36,34.33,-15.47,-51.02
BTC,2h,ema10/30,1,L+S,3,6,4.49,-32.64,35.5,68.3,-14.35,27.09,-32.64,51.63,-19.16,14.39
BTC,2h,st3.0,2,L+S,3,6,1.22,-68.81,66.87,45.7,-22.41,61.45,-68.81,85.35,-5.3,-42.96
ETH,1d,ema50/200,3,L+S,3,6,1.05,-140.86,21.74,2.2,98.12,-107.76,118.17,-140.86,137.44,-98.81
ETH,1h,c>ema200,2,L,3,6,0.92,-60.17,62.82,83.5,-31.86,-60.17,81.97,-20.62,72.46,-36.26
ETH,1d,ema50/200,2,L+S,3,6,0.7,-93.91,14.49,2.2,65.42,-71.84,78.78,-93.91,91.62,-65.87
ETH,2h,c>ema50,1,L+S,3,6,-1.9,-42.85,40.99,151.8,-5.21,12.34,-0.94,13.01,12.23,-42.85
ETH,4h,c>ema50,1,L+S,3,6,-2.94,-53.61,39.39,86.5,1.65,-18.25,-6.56,14.86,44.29,-53.61
ETH,1d,st2.0,1,L+S,3,6,-3.22,-31.85,27.26,8.7,-13.08,-7.6,-31.85,5.09,4.46,23.63
ETH,2h,c>ema50,2,L+S,3,6,-3.81,-85.71,82.0,151.8,-10.42,24.69,-1.88,26.02,24.45,-85.71
BTC,4h,macd12/26,2,L+S,3,6,-4.3,-105.46,69.06,75.2,3.16,27.98,-56.14,49.79,-105.46,54.84
BTC,2h,macd26/52,2,L+S,3,6,-5.32,-137.78,73.87,73.7,0.86,15.45,-59.35,91.17,-137.78,57.72
ETH,2h,c>ema50,3,L+S,3,6,-5.71,-128.56,122.99,151.8,-15.63,37.03,-2.82,39.03,36.68,-128.56
ETH,4h,c>ema50,2,L+S,3,6,-5.87,-107.22,78.78,86.5,3.31,-36.51,-13.12,29.71,88.59,-107.22
ETH,1d,st2.0,2,L+S,3,6,-6.45,-63.69,54.52,8.7,-26.16,-15.2,-63.69,10.18,8.91,47.27
BTC,4h,macd12/26,3,L+S,3,6,-6.46,-158.2,103.59,75.2,4.74,41.98,-84.22,74.69,-158.2,82.25
ETH,1h,ema10/30,1,L+S,3,6,-7.4,-76.96,43.72,148.7,15.75,0.58,20.98,44.22,-48.98,-76.96
BTC,2h,macd26/52,3,L+S,3,6,-7.98,-206.67,110.8,73.7,1.28,23.17,-89.02,136.75,-206.67,86.59
ETH,4h,c>ema50,3,L+S,3,6,-8.81,-160.82,118.17,86.5,4.96,-54.76,-19.68,44.57,132.88,-160.82
ETH,1h,st3.0,2,L+S,3,6,-9.5,-128.35,85.28,87.2,7.44,10.7,109.42,-55.38,-0.86,-128.35
BTC,2h,ema5/20,1,L+S,3,6,-11.9,-55.73,39.85,122.5,-21.05,-3.84,-29.14,47.69,-55.73,-9.32
ETH,1h,st3.0,3,L+S,3,6,-14.26,-192.53,127.92,87.2,11.16,16.04,164.13,-83.07,-1.3,-192.53
ETH,1h,ema10/30,2,L+S,3,6,-14.8,-153.93,87.45,148.7,31.49,1.17,41.96,88.44,-97.96,-153.93
ETH,1h,ema10/30,3,L+S,3,6,-22.21,-230.89,131.17,148.7,47.24,1.75,62.94,132.66,-146.95,-230.89
BTC,2h,st4.0,3,L+S,2,6,59.14,-30.36,53.58,29.7,-30.36,79.23,-27.48,152.31,40.19,140.95
ETH,1d,c>ema50,3,L,2,6,45.78,-67.46,46.86,7.5,-45.36,-67.46,212.23,-15.51,14.54,176.24
ETH,1d,ema5/20,3,L,2,6,44.12,-66.76,40.97,4.7,-34.13,-66.76,199.06,-11.61,40.21,137.93
BTC,4h,ema5/20,3,L+S,2,6,38.56,-84.9,80.86,55.7,-44.38,76.49,-84.9,213.97,24.65,45.51
BTC,4h,ema10/30,2,L,2,6,36.09,-59.55,31.6,18.2,-59.55,-8.89,-2.28,46.98,87.43,152.84
ETH,4h,macd12/26,2,L,2,6,35.4,-33.25,40.75,38.8,-33.25,-29.91,105.45,71.44,25.25,73.44
ETH,2h,macd26/52,2,L,2,6,35.38,-39.46,39.8,37.2,-39.46,-34.41,110.93,76.24,19.52,79.47
BTC,2h,ema10/30,2,L,2,6,31.31,-42.73,38.3,34.3,-42.73,5.33,-21.63,97.49,25.5,123.9
BTC,2h,ema20/50,2,L+S,2,6,30.1,-74.68,44.46,38.0,-74.68,35.23,-30.06,16.89,84.95,148.25
ETH,1d,ema20/100,2,L,2,6,30.05,-40.96,8.3,1.7,0.0,-40.96,162.35,-29.37,34.04,54.23
BTC,1h,st3.0,3,L,2,6,29.49,-72.79,61.14,44.8,-72.79,-31.97,-13.88,105.29,22.74,167.55
ETH,1d,ema5/20,2,L,2,6,29.41,-44.5,27.31,4.7,-22.75,-44.5,132.7,-7.74,26.81,91.95
BTC,1h,ema20/50,2,L,2,6,29.09,-43.8,37.07,38.5,-43.8,5.07,-17.94,93.5,25.68,112.03
BTC,4h,ema10/30,3,L+S,2,6,28.05,-95.95,71.88,36.5,-95.95,41.58,-38.92,7.74,123.0,130.83
BTC,1d,ema20/50,3,L+S,2,6,27.85,-30.37,57.85,3.8,31.76,-30.37,-12.12,17.91,44.47,115.44
BTC,2h,st3.0,2,L,2,6,27.73,-39.62,34.38,22.8,-39.62,8.94,-23.1,90.4,41.31,88.45
BTC,1d,macd12/26,3,L+S,2,6,27.7,-30.26,46.45,12.5,33.04,-30.26,14.18,46.96,26.29,76.0
BTC,2h,c>ema100,2,L,2,6,27.68,-48.09,37.2,52.5,-48.09,-11.71,-18.25,58.99,40.95,144.22
BTC,4h,ema50/200,1,L,2,6,27.52,-9.03,2.34,2.7,-4.97,-9.03,3.14,36.22,41.96,97.82
ETH,4h,ema50/200,2,L,2,6,27.51,-49.76,26.23,3.5,-14.89,-49.76,134.6,-23.88,27.22,91.77
BTC,2h,macd12/26,3,L,2,6,27.45,-69.53,55.66,73.3,-34.59,-69.53,13.98,32.23,76.2,146.4
BTC,1h,macd26/52,3,L,2,6,27.37,-81.25,64.7,71.8,-30.78,-81.25,15.48,46.3,93.15,121.31
ETH,2h,macd12/26,2,L,2,6,27.24,-63.05,51.01,73.5,10.9,-63.05,147.55,-36.1,38.67,65.49
BTC,1d,st3.0,2,L+S,2,6,27.08,-14.38,27.25,4.8,26.7,23.36,-1.45,45.66,-14.38,82.6
BTC,4h,c>ema50,3,L+S,2,6,26.68,-60.15,86.41,77.2,-42.18,32.36,-60.15,105.27,6.43,118.38
ETH,2h,ema20/50,2,L,2,6,26.66,-46.18,39.88,20.5,-46.18,-37.67,57.3,3.48,134.61,48.43
BTC,1d,ema10/30,1,L,2,6,26.49,-10.53,2.79,2.7,-4.7,-10.53,2.04,34.22,39.24,98.65
BTC,4h,ema50/200,1,L+S,2,6,26.28,-3.82,11.46,5.5,14.98,3.8,-3.82,22.39,35.91,84.42
BTC,4h,ema5/20,2,L+S,2,6,25.71,-56.6,53.91,55.7,-29.58,50.99,-56.6,142.65,16.43,30.34
BTC,2h,c>ema50,3,L,2,6,25.38,-87.34,67.97,73.0,-87.34,-23.38,-25.51,112.3,59.34,116.89
BTC,4h,c>ema100,1,L,2,6,25.18,-14.13,13.36,23.7,-14.13,-2.64,-0.53,41.07,37.36,89.93
BTC,1d,c>ema50,1,L,2,6,25.13,-10.3,6.78,5.7,-10.3,-5.62,-0.19,31.48,38.57,96.86
BTC,1d,ema10/30,1,L+S,2,6,24.76,-4.92,12.33,5.5,15.53,0.41,-4.92,17.16,34.46,85.92
ETH,1h,st3.0,3,L,2,6,24.45,-50.14,70.56,43.3,-43.79,-50.14,181.64,-30.32,69.89,19.45
BTC,2h,c>ema200,1,L,2,6,24.34,-16.51,12.93,31.3,-16.51,-0.42,-0.26,40.15,38.55,84.51
BTC,4h,macd12/26,2,L,2,6,24.27,-27.2,39.71,37.7,-27.2,-8.04,-16.82,71.5,-6.81,132.97
BTC,4h,macd26/52,1,L,2,6,24.11,-20.99,11.09,18.0,-20.99,4.62,-3.71,41.83,28.12,94.8
BTC,2h,macd26/52,2,L,2,6,23.56,-29.25,41.34,36.8,-29.25,-14.22,-18.19,92.09,-23.39,134.33
BTC,4h,c>ema200,1,L,2,6,23.44,-4.15,7.91,15.0,-1.09,-4.15,-2.13,23.15,37.35,87.51
ETH,1d,macd12/26,2,L,2,6,22.72,-57.67,41.48,7.0,-26.22,-57.67,48.59,-10.42,91.65,90.39
BTC,4h,ema20/50,1,L,2,6,22.41,-9.39,11.09,9.5,-9.39,-7.86,4.16,35.51,30.1,81.92
ETH,1h,macd26/52,3,L,2,6,22.21,-96.74,92.08,73.2,-44.01,-96.74,188.34,-50.71,52.86,83.53
BTC,1d,c>ema50,1,L+S,2,6,22.17,-9.45,14.88,11.5,4.41,10.84,-9.45,13.5,31.07,82.67
BTC,4h,c>ema100,1,L+S,2,6,22.06,-11.58,22.8,47.7,-2.19,17.49,-11.58,35.21,23.06,70.39
BTC,4h,st3.0,1,L,2,6,21.75,-17.97,10.25,11.5,-17.97,4.29,1.96,35.9,24.7,81.59
BTC,1d,st2.0,1,L,2,6,21.43,-7.96,6.39,3.7,-5.95,-4.01,-7.96,35.17,36.38,74.95
BTC,4h,macd26/52,1,L+S,2,6,21.3,-18.35,18.95,35.7,-14.07,31.86,-18.35,37.16,11.38,79.8
BTC,1d,macd26/52,1,L,2,6,21.06,-10.53,3.67,2.8,-6.51,-10.53,-0.34,34.33,35.95,73.45
BTC,2h,ema20/50,1,L,2,6,20.93,-32.72,14.94,19.0,-32.72,-2.33,-1.98,26.52,43.82,92.28
BTC,2h,c>ema200,1,L+S,2,6,20.63,-11.27,21.44,63.0,-5.94,21.57,-11.27,33.86,25.9,59.66
BTC,1d,ema5/20,1,L,2,6,20.56,-13.68,6.93,4.7,-4.48,-13.68,-6.41,39.76,37.13,71.06
BTC,1d,st3.0,1,L,2,6,20.18,-5.95,2.8,2.2,-5.95,-5.08,4.08,35.36,18.32,74.38
BTC,1d,c>ema100,1,L,2,6,20.13,-11.23,5.62,4.0,-1.54,-11.23,3.87,32.81,33.51,63.37
ETH,2h,macd12/26,3,L+S,2,6,19.7,-125.85,127.02,146.8,136.95,-72.21,237.84,-125.85,-30.28,-28.26
BTC,1h,st3.0,2,L,2,6,19.66,-48.53,40.76,44.8,-48.53,-21.32,-9.25,70.19,15.16,111.7
BTC,1h,ema20/100,1,L,2,6,19.2,-25.78,16.64,25.3,-25.78,-1.03,-4.71,47.25,36.48,63.0
BTC,4h,ema10/30,2,L+S,2,6,18.7,-63.97,47.92,36.5,-63.97,27.72,-25.95,5.16,82.0,87.22
BTC,1d,ema20/50,2,L+S,2,6,18.56,-20.25,38.56,3.8,21.17,-20.25,-8.08,11.94,29.65,76.96
BTC,1d,ema20/50,1,L,2,6,18.42,-16.1,4.27,1.8,-7.22,-16.1,2.44,28.82,27.54,75.03
ETH,1d,ema10/30,3,L+S,2,6,18.29,-78.27,82.65,6.8,52.23,-29.85,164.19,-78.27,-59.96,61.37
BTC,4h,c>ema200,1,L+S,2,6,18.26,-14.51,16.2,30.2,22.7,14.03,-14.51,-2.64,26.61,63.36
BTC,4h,ema10/30,1,L,2,6,18.04,-29.78,15.8,18.2,-29.78,-4.45,-1.14,23.49,43.71,76.42
BTC,4h,c>ema50,1,L,2,6,17.98,-20.79,16.94,38.5,-20.79,-6.06,-4.72,41.33,23.45,74.66
BTC,2h,st2.0,3,L,2,6,17.89,-64.56,59.81,41.8,-64.56,-31.47,12.11,60.3,-10.72,141.66
BTC,4h,c>ema50,2,L+S,2,6,17.79,-40.1,57.6,77.2,-28.12,21.57,-40.1,70.18,4.29,78.92
BTC,2h,c>ema50,2,L,2,6,16.92,-58.23,45.31,73.0,-58.23,-15.59,-17.0,74.87,39.56,77.93
ETH,2h,c>ema100,3,L,2,6,16.89,-97.55,85.37,60.2,-38.95,-97.55,115.18,-12.39,148.51,-13.47
BTC,2h,ema20/100,1,L+S,2,6,16.8,-6.06,20.33,26.3,-2.48,14.7,-6.06,2.84,43.33,48.47
BTC,1d,st4.0,1,L,2,6,16.53,-10.76,3.86,1.8,-10.76,-6.88,2.44,32.59,19.92,61.86
ETH,1h,st3.0,2,L,2,6,16.31,-33.42,47.04,43.3,-29.19,-33.42,121.09,-20.21,46.59,12.97
BTC,4h,ema20/50,1,L+S,2,6,16.12,-2.33,20.07,19.3,5.78,7.52,-2.33,26.07,7.24,52.47
BTC,4h,st4.0,1,L,2,6,16.06,-11.13,12.3,8.7,-11.13,-5.74,-3.67,12.64,21.33,82.94
BTC,4h,st3.0,1,L+S,2,6,16.01,-7.4,18.03,23.2,-7.4,31.38,-6.77,27.05,-1.56,53.35
ETH,1h,macd26/52,2,L,2,6,14.81,-64.49,61.39,73.2,-29.34,-64.49,125.56,-33.8,35.24,55.69
BTC,1d,st2.0,1,L+S,2,6,14.78,-25.53,19.09,8.0,13.35,14.11,-25.53,20.89,29.59,36.28
BTC,1h,ema20/50,1,L,2,6,14.54,-21.9,18.54,38.5,-21.9,2.54,-8.97,46.75,12.84,56.01
BTC,1h,ema50/200,1,L+S,2,6,14.54,-7.63,21.36,24.0,-6.91,10.41,-7.63,5.66,37.4,48.32
BTC,1d,macd26/52,1,L+S,2,6,13.93,-9.82,20.98,6.2,13.61,0.41,-9.82,9.0,31.21,39.16
BTC,2h,st3.0,1,L,2,6,13.87,-19.81,17.19,22.8,-19.81,4.47,-11.55,45.2,20.65,44.23
BTC,2h,c>ema100,1,L,2,6,13.84,-24.04,18.6,52.5,-24.04,-5.85,-9.12,29.49,20.47,72.11
ETH,4h,ema50/200,3,L+S,2,6,13.74,-77.05,90.58,7.2,47.64,-32.38,158.24,-77.05,-65.98,51.95
BTC,1d,c>ema100,1,L+S,2,6,13.68,-1.1,15.79,8.0,19.55,-0.15,-1.1,15.82,27.54,20.4
ETH,2h,macd12/26,1,L,2,6,13.62,-31.52,25.5,73.5,5.45,-31.52,73.78,-18.05,19.34,32.75
BTC,1d,st3.0,1,L+S,2,6,13.54,-7.19,13.62,4.8,13.35,11.68,-0.73,22.83,-7.19,41.3
BTC,2h,ema10/30,3,L+S,2,6,13.48,-97.93,106.51,68.3,-43.06,81.27,-97.93,154.9,-57.47,43.17
BTC,1d,ema5/20,1,L+S,2,6,13.25,-22.29,21.62,9.5,16.52,-5.3,-22.29,28.13,29.93,32.5
ETH,2h,macd12/26,2,L+S,2,6,13.13,-83.9,84.68,146.8,91.3,-48.14,158.56,-83.9,-20.18,-18.84
BTC,1h,st4.0,3,L,2,6,12.61,-51.84,66.94,32.5,-51.84,-12.64,-21.47,59.12,2.03,100.45
BTC,1d,st4.0,2,L+S,2,6,12.57,-8.08,39.76,4.0,7.0,16.67,-8.08,31.63,-4.54,32.76
BTC,4h,macd12/26,1,L,2,6,12.13,-13.6,19.85,37.7,-13.6,-4.02,-8.41,35.75,-3.41,66.49
BTC,2h,st2.0,2,L,2,6,11.93,-43.04,39.87,41.8,-43.04,-20.98,8.07,40.2,-7.14,94.44
ETH,2h,st2.0,1,L,2,6,11.83,-27.0,23.91,39.0,-8.14,-27.0,60.51,-9.28,36.55,18.34
BTC,2h,macd26/52,1,L,2,6,11.78,-14.62,20.67,36.8,-14.62,-7.11,-9.1,46.04,-11.69,67.16
BTC,1h,ema20/100,1,L+S,2,6,10.95,-22.85,28.26,50.7,-22.85,19.71,-19.98,46.74,26.33,15.77
ETH,2h,ema50/200,1,L,2,6,10.31,-27.27,16.61,6.5,-10.6,-27.27,40.92,-7.72,29.24,37.27
BTC,1h,ema10/30,1,L,2,6,9.89,-29.19,23.64,69.7,-29.19,-13.81,-2.31,50.44,11.16,43.07
BTC,1h,st3.0,1,L,2,6,9.83,-24.26,20.38,44.8,-24.26,-10.66,-4.63,35.1,7.58,55.85
BTC,1d,ema20/50,1,L+S,2,6,9.28,-10.12,19.29,3.8,10.59,-10.12,-4.04,5.97,14.82,38.48
BTC,1d,macd12/26,1,L+S,2,6,9.23,-10.09,15.48,12.5,11.01,-10.09,4.73,15.65,8.76,25.33
BTC,2h,macd12/26,1,L,2,6,9.15,-23.18,18.55,73.3,-11.53,-23.18,4.66,10.74,25.4,48.8
BTC,2h,ema10/30,2,L+S,2,6,8.99,-65.29,71.0,68.3,-28.71,54.18,-65.29,103.27,-38.31,28.78
BTC,4h,c>ema50,1,L+S,2,6,8.9,-20.05,28.8,77.2,-14.06,10.79,-20.05,35.09,2.14,39.46
BTC,4h,st4.0,2,L+S,2,6,8.39,-40.85,47.0,17.5,7.91,24.14,-35.94,-40.85,-17.17,112.25
ETH,1h,st3.0,1,L,2,6,8.15,-16.71,23.52,43.3,-14.6,-16.71,60.55,-10.11,23.3,6.48
ETH,1h,c>ema100,2,L,2,6,7.63,-29.37,55.98,106.8,-29.37,-16.42,62.73,-12.76,43.77,-2.16
BTC,2h,ema5/20,1,L,2,6,7.11,-25.31,23.46,61.3,-25.31,-13.05,-8.95,46.8,-5.69,48.84
ETH,1d,c>ema50,1,L+S,2,6,6.94,-34.85,34.36,15.2,-1.84,-9.79,60.89,-14.39,-34.85,41.64
ETH,1d,ema5/20,1,L+S,2,6,6.91,-19.12,32.77,9.5,7.16,-7.6,56.85,-12.14,-19.12,16.32
BTC,1d,st4.0,1,L+S,2,6,6.29,-4.04,19.88,4.0,3.5,8.33,-4.04,15.82,-2.27,16.38
ETH,1d,ema10/30,1,L+S,2,6,6.09,-26.09,27.55,6.8,17.41,-9.95,54.73,-26.09,-19.99,20.46
BTC,2h,st2.0,1,L,2,6,5.96,-21.52,19.94,41.8,-21.52,-10.49,4.04,20.1,-3.57,47.22
BTC,1h,ema20/50,3,L+S,2,6,5.91,-86.05,103.81,76.7,-46.87,79.81,-86.05,139.76,-58.35,7.16
ETH,2h,c>ema100,1,L,2,6,5.63,-32.52,28.46,60.2,-12.98,-32.52,38.39,-4.13,49.5,-4.49
ETH,4h,ema50/200,1,L+S,2,6,4.58,-25.68,30.19,7.2,15.88,-10.79,52.75,-25.68,-21.99,17.32
BTC,1h,st4.0,1,L,2,6,4.2,-17.28,22.32,32.5,-17.28,-4.21,-7.16,19.71,0.68,33.48
BTC,4h,st4.0,1,L+S,2,6,4.2,-20.42,23.5,17.5,3.96,12.07,-17.97,-20.42,-8.59,56.13
BTC,1h,ema20/50,2,L+S,2,6,3.94,-57.37,69.21,76.7,-31.25,53.2,-57.37,93.18,-38.9,4.78
ETH,1h,c>ema100,1,L,2,6,3.82,-14.68,28.0,106.8,-14.68,-8.21,31.36,-6.38,21.89,-1.08
BTC,1h,st2.0,1,L,2,6,3.5,-25.87,21.07,76.5,-25.87,-12.11,-7.73,8.78,13.0,44.95
ETH,2h,st2.0,1,L+S,2,6,2.86,-39.74,36.18,78.3,17.12,-14.82,53.13,-24.77,26.25,-39.74
BTC,1h,ema20/50,1,L+S,2,6,1.97,-28.68,34.6,76.7,-15.62,26.6,-28.68,46.59,-19.45,2.39
BTC,2h,st3.0,3,L+S,2,6,1.83,-103.21,100.31,45.7,-33.61,92.18,-103.21,128.02,-7.95,-64.44
ETH,1h,c>ema200,3,L,2,6,1.38,-90.25,94.24,83.5,-47.79,-90.25,122.95,-30.93,108.68,-54.39
ETH,1d,macd12/26,3,L+S,2,6,0.8,-70.76,108.98,14.2,22.96,-61.74,-70.76,-41.18,106.34,49.17
BTC,2h,c>ema100,1,L+S,2,6,0.76,-29.16,31.6,105.3,-19.76,11.0,-29.16,11.46,-3.33,34.34
BTC,2h,st3.0,1,L+S,2,6,0.61,-34.4,33.44,45.7,-11.2,30.73,-34.4,42.67,-2.65,-21.48
ETH,1d,macd12/26,2,L+S,2,6,0.53,-47.17,72.65,14.2,15.3,-41.16,-47.17,-27.45,70.89,32.78
ETH,1d,macd12/26,1,L+S,2,6,0.27,-23.59,36.32,14.2,7.65,-20.58,-23.59,-13.73,35.45,16.39
ETH,2h,ema50/200,1,L+S,2,6,-0.29,-16.25,36.64,13.2,10.29,-16.25,13.57,-15.29,6.17,-0.24
BTC,1h,ema5/20,1,L,2,6,-0.45,-24.51,24.56,126.8,-24.51,-13.97,-8.07,19.26,-1.55,26.12
ETH,1h,st2.0,1,L,2,6,-1.99,-27.81,34.27,78.2,-27.81,-25.56,44.55,-18.78,30.64,-14.99
BTC,4h,macd12/26,1,L+S,2,6,-2.15,-52.73,34.53,75.2,1.58,13.99,-28.07,24.9,-52.73,27.42
BTC,2h,macd26/52,1,L+S,2,6,-2.66,-68.89,36.93,73.7,0.43,7.72,-29.67,45.58,-68.89,28.86
BTC,1h,c>ema200,1,L+S,2,6,-3.43,-36.57,34.8,146.5,-26.79,17.61,-36.57,20.63,0.52,4.04
ETH,1h,st2.0,2,L,2,6,-3.98,-55.62,68.53,78.2,-55.62,-51.11,89.11,-37.57,61.28,-29.98
ETH,1h,ema5/20,1,L,2,6,-4.47,-27.17,32.09,129.7,-16.41,-27.17,30.73,-26.07,1.86,10.25
ETH,1h,st3.0,1,L+S,2,6,-4.75,-64.18,42.64,87.2,3.72,5.35,54.71,-27.69,-0.43,-64.18
BTC,1h,c>ema50,2,L,2,6,-5.35,-58.48,49.78,162.3,-58.48,-10.97,-22.42,48.21,-14.41,25.97
ETH,1h,st2.0,3,L,2,6,-5.97,-83.43,102.8,78.2,-83.43,-76.67,133.66,-56.35,91.92,-44.97
ETH,1h,macd26/52,1,L+S,2,6,-6.42,-41.42,51.92,146.2,4.75,-26.14,57.57,-41.42,-14.51,-18.78
BTC,1h,ema10/30,1,L+S,2,6,-6.65,-29.35,36.87,139.0,-29.35,-5.81,-15.49,53.1,-22.01,-20.31
BTC,1h,st3.0,1,L+S,2,6,-7.17,-30.25,32.5,89.5,-21.04,0.76,-20.35,23.66,-30.25,4.19
BTC,1h,c>ema50,3,L,2,6,-8.02,-87.71,74.67,162.3,-87.71,-16.46,-33.63,72.32,-21.61,38.96
ETH,1d,st2.0,3,L+S,2,6,-9.67,-95.54,81.78,8.7,-39.25,-22.8,-95.54,15.28,13.37,70.9
ETH,2h,c>ema100,1,L+S,2,6,-10.03,-82.57,48.35,120.5,8.61,-24.93,3.84,-10.96,45.82,-82.57
BTC,1h,c>ema200,3,L+S,2,6,-10.28,-109.71,104.42,146.5,-80.36,52.83,-109.71,61.9,1.57,12.12
ETH,1h,c>ema50,1,L,2,6,-10.28,-36.41,35.03,168.8,-15.3,-20.85,35.51,-25.05,0.42,-36.41
BTC,1h,macd12/26,1,L,2,6,-11.08,-22.81,29.8,153.2,-22.1,-22.81,-15.65,-16.75,-0.39,11.2
ETH,1h,macd26/52,2,L+S,2,6,-12.85,-82.84,103.84,146.2,9.49,-52.28,115.14,-82.84,-29.02,-37.56
BTC,1h,ema10/30,2,L+S,2,6,-13.29,-58.7,73.73,139.0,-58.7,-11.62,-30.97,106.19,-44.02,-40.62
ETH,1d,st3.0,2,L+S,2,6,-14.08,-100.99,68.9,5.5,23.02,-65.05,71.2,-100.99,20.98,-33.64
ETH,1h,c>ema100,1,L+S,2,6,-14.22,-76.76,43.51,213.8,4.31,23.32,-9.32,-20.61,-6.28,-76.76
BTC,2h,st2.0,1,L+S,2,6,-14.77,-52.13,35.85,83.2,-15.55,1.34,-3.21,-5.68,-52.13,-13.4
BTC,1h,c>ema100,2,L+S,2,6,-15.61,-85.85,75.7,196.2,-77.99,41.08,-85.85,26.62,49.77,-47.29
BTC,1h,st4.0,1,L+S,2,6,-18.6,-44.07,40.49,64.8,-5.9,13.81,-25.19,-6.9,-44.07,-43.36
BTC,1h,st2.0,1,L+S,2,6,-19.05,-29.09,36.92,152.8,-23.29,-1.81,-26.42,-29.09,-18.97,-14.75
ETH,1h,macd26/52,3,L+S,2,6,-19.27,-124.26,155.76,146.2,14.24,-78.42,172.71,-124.26,-43.53,-56.34
BTC,2h,c>ema50,2,L+S,2,6,-19.51,-61.42,76.89,145.8,-59.1,12.25,-55.99,56.28,-9.06,-61.42
BTC,1h,ema10/30,3,L+S,2,6,-19.94,-88.05,110.59,139.0,-88.05,-17.43,-46.46,159.29,-66.03,-60.93
ETH,2h,c>ema100,2,L+S,2,6,-20.06,-165.14,96.69,120.5,17.22,-49.85,7.68,-21.91,91.63,-165.14
ETH,1h,c>ema50,2,L,2,6,-20.56,-72.82,70.07,168.8,-30.6,-41.7,71.03,-50.1,0.84,-72.82
ETH,1h,c>ema200,1,L+S,2,6,-20.6,-109.91,52.41,167.2,2.23,-20.27,9.97,-24.5,18.86,-109.91
ETH,1d,st3.0,3,L+S,2,6,-21.12,-151.49,103.34,5.5,34.54,-97.57,106.8,-151.49,31.47,-50.46
BTC,1h,st3.0,3,L+S,2,6,-21.52,-90.76,97.52,89.5,-63.11,2.28,-61.04,70.97,-90.76,12.57
BTC,1h,c>ema100,3,L+S,2,6,-23.41,-128.78,113.55,196.2,-116.98,61.63,-128.78,39.92,74.66,-70.93
BTC,1h,macd26/52,3,L+S,2,6,-23.66,-95.78,108.2,143.3,24.88,-95.78,-2.29,-46.14,53.13,-75.76
BTC,2h,ema5/20,2,L+S,2,6,-23.79,-111.46,79.7,122.5,-42.09,-7.67,-58.28,95.38,-111.46,-18.64
ETH,1h,st2.0,1,L+S,2,6,-25.38,-105.09,58.6,156.8,-21.17,-12.83,21.27,-47.45,12.99,-105.09
BTC,1h,ema5/20,1,L+S,2,6,-27.25,-54.47,42.34,253.7,-20.68,-5.72,-27.02,-7.99,-47.64,-54.47
ETH,1h,c>ema100,2,L+S,2,6,-28.45,-153.53,87.02,213.8,8.62,46.64,-18.63,-41.22,-12.55,-153.53
BTC,2h,c>ema50,3,L+S,2,6,-29.26,-92.13,115.35,145.8,-88.65,18.37,-83.99,84.43,-13.58,-92.13
ETH,2h,c>ema100,3,L+S,2,6,-30.1,-247.71,145.03,120.5,25.82,-74.78,11.52,-32.87,137.45,-247.71
ETH,1h,ema5/20,1,L+S,2,6,-30.39,-61.85,52.28,259.8,0.96,-15.54,-6.31,-61.85,-45.16,-54.46
BTC,2h,ema5/20,3,L+S,2,6,-35.69,-167.19,119.54,122.5,-63.14,-11.51,-87.41,143.07,-167.19,-27.95
BTC,1h,st4.0,2,L+S,2,6,-37.21,-88.14,80.99,64.8,-11.8,27.62,-50.39,-13.81,-88.14,-86.73
ETH,1h,c>ema50,1,L+S,2,6,-41.84,-147.75,62.83,338.0,2.03,-2.23,3.67,-59.63,-47.14,-147.75
ETH,1h,c>ema100,3,L+S,2,6,-42.67,-230.29,130.54,213.8,12.93,69.96,-27.95,-61.83,-18.83,-230.29
BTC,1h,st4.0,3,L+S,2,6,-55.81,-132.21,121.49,64.8,-17.7,41.44,-75.58,-20.71,-132.21,-130.09
ETH,1h,c>ema200,3,L+S,2,6,-61.81,-329.74,157.23,167.2,6.69,-60.81,29.9,-73.49,56.59,-329.74
ETH,1h,c>ema50,2,L+S,2,6,-83.68,-295.51,125.67,338.0,4.06,-4.45,7.34,-119.26,-94.27,-295.51
ETH,1h,c>ema50,3,L+S,2,6,-125.52,-443.26,188.5,338.0,6.09,-6.68,11.02,-178.89,-141.41,-443.26
BTC,1h,ema10/30,3,L,1,6,29.68,-87.58,70.91,69.7,-87.58,-41.42,-6.94,151.31,33.49,129.21
BTC,2h,ema5/20,3,L,1,6,21.31,-75.92,70.4,61.3,-75.92,-39.16,-26.86,140.39,-17.08,146.51
BTC,1h,ema10/30,2,L,1,6,19.79,-58.39,47.27,69.7,-58.39,-27.61,-4.63,100.87,22.33,86.14
BTC,2h,ema20/50,1,L+S,1,6,15.05,-37.34,22.23,38.0,-37.34,17.62,-15.03,8.44,42.47,74.12
BTC,2h,ema5/20,2,L,1,6,14.21,-50.62,46.93,61.3,-50.62,-26.1,-17.9,93.59,-11.39,97.67
BTC,1h,c>ema200,1,L,1,6,11.95,-27.47,18.97,73.2,-27.47,-2.4,-12.99,34.45,22.76,57.33
ETH,1d,macd12/26,1,L,1,6,11.36,-28.83,20.74,7.0,-13.11,-28.83,24.29,-5.21,45.83,45.19
ETH,1d,ema50/200,1,L,1,6,10.75,-34.71,0.13,1.2,0.0,-34.71,55.82,-22.43,45.81,19.99
BTC,1h,c>ema100,1,L,1,6,9.72,-33.7,22.7,98.0,-33.7,-0.51,-16.08,30.58,35.29,42.73
BTC,4h,ema10/30,1,L+S,1,6,9.35,-31.98,23.96,36.5,-31.98,13.86,-12.97,2.58,41.0,43.61
BTC,1h,macd26/52,1,L,1,6,9.12,-27.08,21.57,71.8,-10.26,-27.08,5.16,15.43,31.05,40.44
BTC,2h,c>ema50,1,L,1,6,8.46,-29.11,22.66,73.0,-29.11,-7.79,-8.5,37.43,19.78,38.96
BTC,1h,st4.0,2,L,1,6,8.4,-34.56,44.63,32.5,-34.56,-8.43,-14.32,39.42,1.35,66.96
ETH,1d,st3.0,1,L,1,6,7.78,-33.06,11.94,2.7,-9.01,-33.06,56.39,-22.96,27.22,28.1
ETH,1h,macd26/52,1,L,1,6,7.4,-32.25,30.69,73.2,-14.67,-32.25,62.78,-16.9,17.62,27.84
BTC,2h,c>ema100,3,L+S,1,6,2.28,-87.47,94.81,105.3,-59.29,33.01,-87.47,34.39,-9.98,103.02
BTC,2h,c>ema100,2,L+S,1,6,1.52,-58.32,63.21,105.3,-39.53,22.01,-58.32,22.93,-6.65,68.68
ETH,1h,c>ema200,1,L,1,6,0.46,-30.08,31.42,83.5,-15.93,-30.08,40.98,-10.31,36.23,-18.13
ETH,1d,ema50/200,1,L+S,1,6,0.35,-46.95,7.25,2.2,32.71,-35.92,39.39,-46.95,45.81,-32.94
ETH,2h,ema50/200,2,L+S,1,6,-0.58,-32.51,73.28,13.2,20.57,-32.51,27.13,-30.57,12.34,-0.47
ETH,2h,ema50/200,3,L+S,1,6,-0.88,-48.76,109.92,13.2,30.86,-48.76,40.7,-45.86,18.51,-0.71
BTC,1h,ema5/20,3,L,1,6,-1.36,-73.54,73.67,126.8,-73.54,-41.92,-24.2,57.78,-4.66,78.37
BTC,1h,c>ema50,1,L,1,6,-2.67,-29.24,24.89,162.3,-29.24,-5.49,-11.21,24.11,-7.2,12.99
BTC,1h,c>ema200,2,L+S,1,6,-6.85,-73.14,69.61,146.5,-53.57,35.22,-73.14,41.27,1.05,8.08
ETH,1d,st3.0,1,L+S,1,6,-7.04,-50.5,34.45,5.5,11.51,-32.52,35.6,-50.5,10.49,-16.82
BTC,2h,macd12/26,1,L+S,1,6,-7.36,-24.03,31.1,146.3,5.9,-24.03,-2.1,-23.36,6.57,-7.12
BTC,1h,c>ema100,1,L+S,1,6,-7.8,-42.93,37.85,196.2,-38.99,20.54,-42.93,13.31,24.89,-23.64
BTC,1h,macd26/52,1,L+S,1,6,-7.89,-31.93,36.07,143.3,8.29,-31.93,-0.76,-15.38,17.71,-25.25
BTC,2h,c>ema50,1,L+S,1,6,-9.76,-30.71,38.45,145.8,-29.55,6.12,-28.0,28.14,-4.53,-30.71
ETH,1h,ema5/20,3,L,1,6,-13.41,-81.5,96.26,129.7,-49.24,-81.5,92.2,-78.22,5.58,30.75
BTC,1h,st3.0,2,L+S,1,6,-14.34,-60.5,65.01,89.5,-42.07,1.52,-40.69,47.32,-60.5,8.38
BTC,2h,macd12/26,2,L+S,1,6,-14.71,-48.07,62.21,146.3,11.8,-48.07,-4.2,-46.72,13.14,-14.23
BTC,1h,macd26/52,2,L+S,1,6,-15.77,-63.85,72.14,143.3,16.59,-63.85,-1.53,-30.76,35.42,-50.51
BTC,2h,macd12/26,3,L+S,1,6,-22.07,-72.1,93.31,146.3,17.71,-72.1,-6.3,-70.08,19.71,-21.35
BTC,2h,st2.0,2,L+S,1,6,-29.55,-104.25,71.69,83.2,-31.11,2.67,-6.42,-11.37,-104.25,-26.8
ETH,1h,c>ema50,3,L,1,6,-30.84,-109.23,105.1,168.8,-45.9,-62.55,106.54,-75.16,1.26,-109.23
BTC,1h,c>ema50,1,L+S,1,6,-31.83,-79.94,48.79,324.8,-29.21,10.86,-33.47,0.09,-59.31,-79.94
BTC,1h,st2.0,2,L+S,1,6,-38.1,-58.17,73.85,152.8,-46.57,-3.61,-52.84,-58.17,-37.93,-29.5
ETH,1h,c>ema200,2,L+S,1,6,-41.21,-219.83,104.82,167.2,4.46,-40.54,19.93,-49.0,37.73,-219.83
BTC,2h,st2.0,3,L+S,1,6,-44.32,-156.38,107.54,83.2,-46.66,4.01,-9.63,-17.05,-156.38,-40.2
BTC,1h,macd12/26,1,L+S,1,6,-47.95,-81.46,61.28,306.5,-15.82,-23.38,-42.26,-79.02,-45.77,-81.46
ETH,1h,st2.0,2,L+S,1,6,-50.76,-210.19,117.2,156.8,-42.33,-25.66,42.54,-94.89,25.99,-210.19
BTC,1h,ema5/20,2,L+S,1,6,-54.51,-108.94,84.69,253.7,-41.36,-11.45,-54.05,-15.97,-95.27,-108.94
BTC,1h,st2.0,3,L+S,1,6,-57.16,-87.26,110.77,152.8,-69.86,-5.42,-79.26,-87.26,-56.9,-44.25
ETH,1h,ema5/20,2,L+S,1,6,-60.78,-123.7,104.57,259.8,1.92,-31.08,-12.62,-123.7,-90.32,-108.91
BTC,1h,c>ema50,2,L+S,1,6,-63.66,-159.89,97.59,324.8,-58.41,21.72,-66.95,0.18,-118.61,-159.89
BTC,1h,ema5/20,3,L+S,1,6,-81.76,-163.4,127.03,253.7,-62.04,-17.17,-81.07,-23.96,-142.91,-163.4
ETH,1h,ema5/20,3,L+S,1,6,-91.18,-185.55,156.84,259.8,2.88,-46.62,-18.94,-185.55,-135.47,-163.37
BTC,1h,c>ema50,3,L+S,1,6,-95.49,-239.83,146.38,324.8,-87.62,32.59,-100.42,0.28,-177.92,-239.83
BTC,1h,st2.0,3,L,0,6,10.51,-77.6,63.2,76.5,-77.6,-36.34,-23.2,26.33,39.0,134.86
BTC,1h,st2.0,2,L,0,6,7.01,-51.73,42.13,76.5,-51.73,-24.22,-15.46,17.55,26.0,89.91
BTC,1h,ema5/20,2,L,0,6,-0.91,-49.03,49.12,126.8,-49.03,-27.95,-16.13,38.52,-3.1,52.25
ETH,1h,ema5/20,2,L,0,6,-8.94,-54.33,64.17,129.7,-32.82,-54.33,61.47,-52.15,3.72,20.5
ETH,1h,macd12/26,1,L,0,6,-12.36,-38.52,34.85,154.5,-35.14,-38.52,7.52,-33.58,10.12,15.44
BTC,1h,macd12/26,2,L,0,6,-22.17,-45.61,59.6,153.2,-44.19,-45.61,-31.31,-33.5,-0.78,22.39
ETH,1h,macd12/26,2,L,0,6,-24.72,-77.05,69.7,154.5,-70.28,-77.05,15.03,-67.16,20.24,30.89
BTC,1h,macd12/26,3,L,0,6,-33.25,-68.42,89.39,153.2,-66.29,-68.42,-46.96,-50.25,-1.18,33.59
ETH,1h,macd12/26,3,L,0,6,-37.08,-115.57,104.55,154.5,-105.42,-115.57,22.55,-100.75,30.36,46.33
ETH,1h,macd12/26,1,L+S,0,6,-45.2,-74.31,63.29,309.2,-35.29,-37.83,-51.21,-74.31,-28.75,-43.78
ETH,1h,st2.0,3,L+S,0,6,-76.14,-315.28,175.81,156.8,-63.5,-38.49,63.81,-142.34,38.98,-315.28
ETH,1h,macd12/26,2,L+S,0,6,-90.39,-148.62,126.58,309.2,-70.58,-75.66,-102.43,-148.62,-57.5,-87.55
BTC,1h,macd12/26,2,L+S,0,6,-95.9,-162.92,122.56,306.5,-31.64,-46.75,-84.51,-158.03,-91.54,-162.92
ETH,1h,macd12/26,3,L+S,0,6,-135.58,-222.93,189.87,309.2,-105.87,-113.49,-153.64,-222.93,-86.24,-131.33
BTC,1h,macd12/26,3,L+S,0,6,-143.85,-244.38,183.83,306.5,-47.46,-70.13,-126.77,-237.05,-137.31,-244.38
